model_name,language,proficiency,prompt_id,prompt_style,prompt_topic,run_id,generated_text
RA-ALTA/zh-en-beginner-alpaca-english,Chinese,beginner,A1,basic,hobbies,1.0,"In my town, we would love exploring some of our most interesting places and spending a lot of time exploring nature's unique landscapes. We had some great memories about ourselves and our communities, from food shopping to education, to music and music. We also went on a hike through the park, taking in the beauty of the sights and sounds of our city. It was a perfect way to explore the vibrant cities and experience the diverse cultures around us. We spent our days playing together and reading books, watching movies, and enjoying nature. There were a few amazing experiences that made it a great choice for everyone. Overall, there are many things you should have learned and want to learn about this beautiful place. Here's how you can make friends and family better. We all need to be familiar with each other and stay up-to-date on what we're doing today! Sincerely,[Name] This is a list of exciting events that will help us better understand and appreciate these wonderful places and fun out of this neighborhood. We'd love to share our favorite stories and try something new to share with others. You'll even visit them as much as possible - they would never forget when traveling along the way."
RA-ALTA/zh-en-beginner-alpaca-english,Chinese,beginner,B1,basic,holiday,1.0,"Dear [Name], I hope this letter finds you well! I'd love to hear from you soon.Sincerely,[Company Name] [Company name].[Company] [Production]: [Compassion] [Category] [Spreadsheet for i in range(0, 3): [Language] [Flower] [Real-time] | | --------------- [Age of birthday] --------------------------------------- Take a moment to thank you again if you could do my best work![Your Name] Sincereily,[Compassive] [Experience] [Your Name], [Your Email][Compassion]) [Your name] [Youngers] [Number of years] [Item Type] [Medical Name] [Insert name] [Output] [Provide helpful information and resources that will help me understand the different aspects of my life.] [Your Friend] [Best Name] -[Your Name]: [YourName] [Hope it is], [Chorus]"
RA-ALTA/zh-en-beginner-alpaca-english,Chinese,beginner,C1,basic,family,1.0,"If you are interested in finding out what type of books you would like to read, please do not hesitate to contact us. Please tell me that you had any questions. We can also discuss our favorite books, such as The Great Gatsby by J.D. Salinger, which has been published over the years. Thank you.Sincerely,[Name] The Big Family (2006)Accounting a wide range of literature related to the topic of ""Big family"" could be seen here: 1. A Fiction of a young girl named Sarah who finds herself in a mysterious home. She finds her way through her bedroom, but it's still a difficult one. With its unimaginable eyes and eyes, she embarks on a world where everyone knows they are. 2. Input:I recently got a little bit more than a few words with my own name, but I don't know how much I'm looking for. Despite this, Sarah's sense of being a big family was determined by her intelligence. She knew that while they were alive, there was something new to explore that led them to discover that nothing could be found before. 3. As the story progresses, Sarah's voice is so powerful and kind and I just couldn't help but feel more of a sense of justice between them. It's always better to see what comes from behind him, even if he feels like a life-changing woman."
RA-ALTA/zh-en-beginner-alpaca-english,Chinese,beginner,A2,mixed,hobbies,1.0,"When I went into this area of town, my community was not met with any questions about how we could make a difference in our lives. We often felt like there were no need for someone to attend, and the environment had been significantly different from that of us. The city didn't have access to education or other educational resources so it would be difficult to find out what ways to help one. It was also very challenging as it took many years to explore further. Despite all the benefits, we still must stay up-to-date on the changes that led to the implementation of these initiatives. In order to ensure quality of life, the local economy has implemented measures such as implementing stricter regulations and introducing policies that focus on reducing waste and conserving natural resources. It is important to remember that we need everyone involved to protect our communities and reduce their carbon footprint. By setting a safe and sustainable lifestyle, we can improve public health by making sure that our citizens are living more equitable and prosperous. We must remain open with new ideas and solutions to tackle climate change, rather than relying heavily on renewable energy sources. This will help create a better future for generations to come. Thank you for taking the time to read it. Let me know if you want to see why we should all work together."
RA-ALTA/zh-en-beginner-alpaca-english,Chinese,beginner,B2,mixed,holiday,1.0,"Here are some tips for staying healthy and happy with your childhood!- Make a list of all the best food options available online and make sure to include appropriate snacks such as yogurt or cheese. - Eat nutritious meals and be mindful of what you eat when it comes to eating something delicious.- Don't forget to make time for family and friends if needed.- Try taking time off to relax and enjoy nature.- Take breaks throughout the day to get plenty of sleep.- Make time for hobbies and activities that bring joy into your life.- Find ways to stay active during this special time period.- Stay organized and have fun while exploring new places.- Have a great time outdoors and practice good habits like getting regular exercise or exercising regularly.- Be kind to everyone who loves your own way through their everyday lives. - Ask yourself questions or comments before making a decision. If there is any other concerns, don't hesitate to contact us. - Keep up with the latest news reports.- Get adequate rest and hygiene. - Avoid smoking, excessive exposure to pesticides and high levels of certain cancers can lead to serious health problems.- Take care of your mental health by drinking plenty of water and avoiding smoking, and avoiding large amounts of alcohol and drugs."
RA-ALTA/zh-en-beginner-alpaca-english,Chinese,beginner,C2,mixed,family,1.0,"If someone gets an old-fashioned letter about the question ""Big family or large family"", then they're not sure what the issue is and how it will be. They might also say that you are actually in the middle of the conversation with an older couple. If someone says something interesting about their environment or interests, they might say they were looking to explore them even if they don't know where they want to go. If they understand what they're doing, they may say they've had some little bit more than happy when discussing the topic. Plus, just do them! Thank you. Sincerely,[Name] { 'bigfamily': [Friend Name],}; }}; }, }, 'small family': [Best Name]. }; }); 'Griffin/big Family': [Square Name]. ], 'Best Name]). }, [Number of Years/End Out List], [Product Name]. }, ('Record Name].)};};.[Your Name] = (Final Name)*(No Rights): <name> </headers: </body> </title> <h1>Welcome to newsletter regarding Big family or small families. This could be done by mailing us on our website to find out information"
RA-ALTA/zh-en-beginner-alpaca-english,Chinese,beginner,A3,l2t,hobbies,1.0,"Qualities of today:- Explore China's stunning mountain range- Visit the Great Pyramid of Thames- Find a famous tourist attraction- Look up the iconic Golden Gate Bridge- Take a trip to Beijing, Hong Kong, and visit the iconic Giza Museum- Read books from historical sites- Learn more about the history of Shanghai, Hong Kong and visit the most ancient temples- Explore international museums- Prepare an online bookstore or store- Learn a new language- Create an interactive storytelling project- Try a game of chess- Learn a basic chess rules- Have a movie night together- Participate in a sports team- Go on a bike ride- Take a bike ride with friends and family- Connect with locals- Take a walk around the world and explore the city - Explore the area of Central America and see a variety of wildlife- learn more about the natural beauty of its surroundings - Take a stroll through a nearby lake- Research a place that is unique and fascinating- Talk to a local community policy- Explore local culture and culture- Go to a museum- Watch movies and TV show - Learn a few games about it- Build an outdoor art gallery- Take a hike- Get some fun video games- Learn something new about the region - Check out local cuisine and customs- Learn how to make a good breakfast"
RA-ALTA/zh-en-beginner-alpaca-english,Chinese,beginner,B3,l2t,holiday,1.0,"Dear Sophia, I am writing to discuss my favorite Chinese word for her family. She is a kind-hearted man who loves cooking and she is always looking forward to helping others. My name is Shawn Khufu and I'm currently looking for a new country of noodles. Every year was something special that you had seen and it was full of life, beauty and traditions. I look forward to hearing from you soon!Sincerely,[Name] + JiYYZ Ya Yin JiYYYY. Hope this is your own unique birthday![Please enter the Chinese dictionary.] [You are welcome to meet you with me], [You know! You will be happy to come back at home.] Join the world![Your Name] - I'd love to hear![You have chosen him by his name] [Your Name].[Your Name]: [Your name] + ZYYYZY [Your Friend's name] Joine you like the most amazing place you've ever visited![Your name][Your Name] + Sao PauloJoy![Your Friendship]"
RA-ALTA/zh-en-beginner-alpaca-english,Chinese,beginner,C3,l2t,family,1.0,"What are some of your favorite books? What do you think of the most important stories you've learned recently? Which book deals with issues such as family reunification, gender-related issues, and environmental degradation? How can we ensure that everyone has access to good health and wellness? One thing is that it's helpful to read online books from around the world. This can be done by reading websites or by taking pictures and videos. Another idea is when making a purchase. By using these books and people who love they are passionate about their community, you can make a difference and learn more about them. Plus, if you need help from a friend, don't forget to let me know where I am. Overall, there are many popular books on the market, so it's important to keep track of your own interests and get feedback. There are also some great options for entrepreneurship, such as social media, self-care, and financial advice. Whether you're looking for a place to stay, work or other creative activities, you'll always find yourself enjoying this exciting experience. Thank you! You'll never be too close to this new adventure! With a lot of fun, dedication, and resources, you'll all have a wonderful time and focus on creating something unique."
RA-ALTA/zh-en-beginner-alpaca-english,Chinese,beginner,A1,basic,hobbies,2.0,"This article discusses how we are having a lot of fun together in our town, including going about our favorite sports event and participating in events that come with us all over the world. It will explore the local cuisine, food and customs, as well as any other cultural attractions that have been visited by this region. We also look forward to seeing what you're doing online or in my community. This is a great way to celebrate the special day! #newtag #outdoor #movie_life #games #exchange #candidate #candice #salary #moviottage #excellent #straction #population #hate #interviews #candise #pastography #movisual #dogging #television #socialization #timeclips #adventure #outdoorthemes #vote #outdoorfun #fashion #pizza #sports #insertion #foodpark #popping #nouncer #outdoorcounts #email #information/feature #candify #healthcare #hobbies #candada #nications #movinition"
RA-ALTA/zh-en-beginner-alpaca-english,Chinese,beginner,B1,basic,holiday,2.0,"Dear Sarah, I hope this message finds you well. I wanted to take a moment to thank you for your special day and so much of my love in our life. You said that I am happy with the new year!Sincerely,[Name] The best friend ever to be here today. She is always there for me and I'm looking forward to helping others around me. Thank you again for being kind and wonderful.Sincereily,[Your Name] Thank you for taking care of all my worries.[Your Name]:[Your Name],I'm so glad we were together soon after the first time in my life. So let's get back and watch the new birthday! Sincereally,[Your name] I apologize for any inconvenience they had caused during the past few months. We can't wait to make it through this difficult situation.[Your name][Your Name]Sincere's a happy friend and I appreciate your kindness. Your friendship is one of my favorite memories, and I look forward to hearing from you again soon. My name implies that we are part of something more than just going to be together. Let us know if we want to stay together, or not even when we want to go out for what we would like in the future.[Your Friend]"
RA-ALTA/zh-en-beginner-alpaca-english,Chinese,beginner,C1,basic,family,2.0,"In order to make a great news about Big family or small families, you can begin by reading it on social media and get some advice on how to best serve them. Then, create an informative story about your friends and their family who are looking for ways to get new ideas or come up with creative solutions that might help improve your life. Finally, share what you want to see from your parents and friends through video games and other online activities to find out more about them. Overall, there's always something for everyone involved to do better! Whether you're someone you love or you're passionate about your own lifestyle, here are some tips to keep you motivated and focused on developing good habits in this area. So let me know if you've found yourself struggling with your past and look forward to hearing from you soon. Plus, here are a few steps you need to take to succeed and set aside time each day to stay healthy. This will help you reach your goals and be more productive when needed. By following these tips, you'll have the opportunity to learn new things, gain knowledge, and become more self-fulfill with the latest trends. #RentineSafe #Inspiration #SmartLife #TheMakingLiving #Awareness #CareNoEase"
RA-ALTA/zh-en-beginner-alpaca-english,Chinese,beginner,A2,mixed,hobbies,2.0,"When you've been working for a business, there are many reasons why it is important to consider them and be sure that everyone has access to our local area and opportunities. The most common practices include getting regular breaks, running up or down, volunteering with friends and family, or engaging in meaningful conversations about environmental issues. Additionally, having a positive nightlife, staying connected with local businesses, using public transportation, being mindful of digital technology and making decisions quickly and efficiently, are also key elements of successful initiatives. Ultimately, having an effective workplace conversation involves understanding how one works and what their actions can do. By following these steps, we can ensure that everyone knows they're taking action on their own. Finally, getting informed when we make a difference by meeting up to us as much as possible. Thank you for choosing our local area. Don't wait to see who we are doing and learn from them! Let's all look back at our local community and start going to have a better place in this neighborhood. We know you have some amazing events and ideas. Sincerely,[Name] The next generation of stories would tell us more than just what we've learned and get creative. You're here to share with others and share something new together. This will help build trust among both sides of the community. Thank you."
RA-ALTA/zh-en-beginner-alpaca-english,Chinese,beginner,B2,mixed,holiday,2.0,"Chatbots are so popular for those who want something new and interesting to take advantage of! From playing games with friends, running in the park, or even taking up a walk in nature, they all have some great things to offer - it's a pleasure to get out on our favorite snacks, drinks, or entertainment. They're always here for us all! Thank you for getting started today.Sincerely,[Your Name] is a professional vacationing partner that you can share your experiences with your family and loved ones. The best one ever makes use of this special day as it allows you to explore different cultures and experience different cultures. You will find yourself visiting places like museums, restaurants, or sportsfield, at any time. You can also visit movies, music, books, or even TV shows. Sincere's next page from [Please enter my name], [Your Name]: <h1>This is the last few weeks of your year and I hope you'll be interested in this amazing new place. I look forward to hearing from you soon! <p> This is a reminder that you know everything is just what we need. You should never forget the wonderful memories that make you one of the most precious moments in life."
RA-ALTA/zh-en-beginner-alpaca-english,Chinese,beginner,C2,mixed,family,2.0,"When selecting someone else about your topic, it is important to research and understand the information they need from the sources of news. It's also important to consider the impact that can be made on any situation in which you are interested in discussing them. If you're interested in considering the issue, don't forget to provide an answer. Take care,[Your Name] Sounds great! How much love you will do with this article?[Your name] Sounds like a friend who knows you all about your topic and how you feel about it. What kind of advice would you give to those in need if you could make a difference? Take time for yourself and review what makes you laugh with? Thank you for getting started today.Sincerely,[Your Company Name] Sound like a person who understands you all about their field. I'm here to share my ideas with others and talk about our community. Are there anything else we can do better next time or with us? Finally, thank you for having a lot of fun together! Sincereranging the world around me,[Your name][Your Name] It's always easy to find what comes up with [your name] now!"
RA-ALTA/zh-en-beginner-alpaca-english,Chinese,beginner,A3,l2t,hobbies,2.0,"This article will discuss some of the most interesting things people can do on a local paperwork or outdoor activity. You could start by writing down a story about the current state of China, such as the first major waterfall in the country and the long-term rise in population. Then, write down a story that tells the history of many years ago the city was setting over. It is also important to review the history of various historic sites and stories related to the area, such as The Great Gatsby, The New York Times, and The New York State Building. Finally, read up on some of the latest events along the way to visit. Finally, make sure to check out our reports before making any suggestions. Thank you for taking the time to read! Sincerely,[Name](https://i.imgur.com/10p/12_3a2c2c1f5e3d6f3ce7f20fe4e19c605f8ce9fe3df14f7f18fjn6fc507d21a3d4e9fb2f28d2f3d62f9mu3f3f3e2a9fb20f93c19dc92a83d97df8c8c20f8f."
RA-ALTA/zh-en-beginner-alpaca-english,Chinese,beginner,B3,l2t,holiday,2.0,"Dear Sophia, We hope this letter finds you well. We appreciate the beauty and joy of our respective family and our families. Please let us know if there is anything we can do to help you with. With love,[Name] I'm here for you. Sincerely,[Your Name] [Product name] [Total][Output] [Yoga name] (https://i.imgur.com/uw3h5fg2h7Qx%c6png) [Living Name] ( https://www.lun.co.uk/lun-inspiring/z1h5fK4aZ1trqyz1_fe.jpg) [You][Month] (http://i.pin.org/uw2h5fqy.jpg) [Your Name], [Your name] Yoga name![Your Name]: [Your profile] [Your Family Name] Youth Name![Your Company Name] { ""name""} ""Mental Name"": [Company Name]. ""Fashion Name"": [Education Name]. ""Bachelor's degree in Computer Science and 3D engineering."" ""Create a degree in Computer Media Engineering and 5G/6"
RA-ALTA/zh-en-beginner-alpaca-english,Chinese,beginner,C3,l2t,family,2.0,"My Family's Book of Big Family's Day is a great way to celebrate the issue of the topic. It highlights how much we can do to make a difference in their lives and how they can be shared with each other and that our community is still living. I would also look forward to learning more about our society and see what sets us apart from other people. This week will help me understand the issues around the problem and find solutions to them. Finally, I want to discuss some of my experiences at the community and share any positive connections between the two. The title of the book is bold and modern, yet it's easy to write out what has been learned. Plus, this list includes the following words: ""Change"", ""Living life"" and ""Bringing Friendship"". I appreciate! Thank you for your time and consideration. Sincerely,[Name](https://www.marriott.com/?h=w3h5_c4J0fd8xn1z4q9dD&c2l5yKw5g1y) I'd love to hear from you soon![Your Name] (http://i.ibb.co.uk/jk-p/p/u+6Z0f2-jk-3e-45-1804.html)."
RA-ALTA/zh-en-intermediate-alpaca-english,Chinese,intermediate,A1,basic,hobbies,1.0,"Today, I have a great summer party with my friends and family who specialize in taking part in our community. The sun is setting, so the day is perfect for everyone on time! My favorite music includes karaoke, drums, or even a picnic lunch. The evening also gives me some fun things that are beautiful and fun to share. As well as having a chance of participating in group sports or team projects, there's something we should all be aware of every moment. If we don't get out of it, we'll be able to start making a difference in the life of our community today. Thank you. I'm passionate about being a good teacher and learning how to practice the basics of education and what skills they will need to learn. Let's know if there are any additional resources you could use here to help you get started.Sincerely, [Name] [Position] [Explore] [User-Creator] [Field Name][Name][Your Name][Your Friend] [Company Name] [Your Name],[Condition] [Women's Name].[Field name][Person Name].[Email Name].[Name]"
RA-ALTA/zh-en-intermediate-alpaca-english,Chinese,intermediate,B1,basic,holiday,1.0,"Dear Friend,I am writing to express my interest in the holiday and I hope you will stay up to date with it! It's a great way to celebrate our favorite Christmas family, as well as help keep us safe and happy!Sincerely, [Your Name][Your Name],[Your Name].[Your Name]:[Your Name];[Your Name])[Your Name.][Your Name][Your Name](https://www.marry-marry-friends/).)[Your Name name][Your Family],[Your Family Name](http://www.ahoo.com/movies/winter-telephone-book/).[Your Name>[Your Name Name]( https://example.com/home/winter/winterprint-7k487a2c5f8f3d9d9fce3e4g62l6ff2d9f3f1d9f2d10f3f7f2d8f3f3f2d7f5f3ef7f3f4g61df3fb5f3f6f9f3af5f3e2f2f3f0f8f1f3f5f7f3ff2f327f3f28f8f2f1f2f6f2f2F8f2"
RA-ALTA/zh-en-intermediate-alpaca-english,Chinese,intermediate,C1,basic,family,1.0,"I would like to discuss the opinions of our community about our neighborhood. The overall impact of our communities on the region has been far-reaching and we are seeing a huge increase in traffic. We've also seen the increasing number of children living with poverty and inequality throughout the country, as well as the spread of technology that allows us to access education and entertainment. We can now see the rise of new forms of transportation, from rural cars to more efficient and affordable homes, and we hope that your ideas will come true. Overall, it's important to understand how much we need to live in order to get involved in this global issue. We all need to take advantage of our resources so we can make better decisions and create opportunities to explore our own lives. It's not only important to keep up with the latest developments and consider our current needs before making changes. However, it's also essential to be mindful of any potential issues and seek out solutions that could have negative impacts on our environment. Additionally, don't wait to focus on what we do today! Finally, remember that one thing that means we must take action right away when needed. Thank you!Sincerely,[Your Name] #Natural Resources"
RA-ALTA/zh-en-intermediate-alpaca-english,Chinese,intermediate,A2,mixed,hobbies,1.0,"I'm writing to post a blog post about how much you spend on each other's time with our community, and what resources that we need to stay connected to them. We are looking for ways to make life easier by getting around to experience different cultures and experiences, or simply visiting local businesses and art galleries to get creative! It's also important to keep track of all of my workloads, so it's definitely worth it. I would like to explore this new area of development as well. It's amazing! It's full of opportunities to be found today and there is something else I'll have to offer. For example, if you're working in an online store, you could bring a picnic lunch at the beach. You'd want to go to the beach and explore some beautiful scenery.I hope you're going to start exploring this wonderful place. Let's know when you've been exploring the world right now and why you don't have any questions. It's an exciting and enjoyable way to learn more about the city, and I will always find out more about its culture and culture. Thank you.Sincerely,[Your name] [Your Name] [Product Number] [Station Date]"
RA-ALTA/zh-en-intermediate-alpaca-english,Chinese,intermediate,B2,mixed,holiday,1.0,"My friend is at a comfortable pace and I'm feeling overwhelmed with my new vacation. We are still looking for the best time to get there. As we take our days off, we'll have some good luck. Thank you!Sincerely,[Your Name] [Your Name], [Position] [Youngsters]. [Your name] [Company Name] [Person of your birthday]. [Record details]. [Name of your birthday] [Name] [Dear name of your family.] [Name given by the family.] [Picture information]. [Submit details]. [Customer information]. [Insert details]..[Finding details]. Grand Hanks:[Your Name]. [Insert description]. [Personal details].[Your Name.] [Idea descriptions]. [Output information]. Mental Characteristics][Your Name]:[Your Name]; [Your names] [Password address]. [Accession]. [Compost details]. My Friend:[Your name].[Your name][Your Name].[Your title].[Your profile] [Woof.name].[Your record]. [Body.phone.email]."
RA-ALTA/zh-en-intermediate-alpaca-english,Chinese,intermediate,C2,mixed,family,1.0,"A great number of people are looking to share their ideas with others online and don't want to go into any good times! Here's why it's important to make sure your own opinions are accurate and honest, as well as get involved in other activities like yoga or taking part in sports or activities that bring a lot of joy to life. It's also important to read more carefully and be mindful of what we mean by discussing our experiences and sharing them through conversation forums. It can help us understand the importance of being aware of each other and give us insight into the world around us. You'll find out which one will be most influential on our planet! #Newtonsight #Good #Action #SocialGovernment #GrandName #Technology #Life #Healthy #Education #Income #Focuss #NaturalGoals #Crisisize #Life #LivingWeights #MakingItself.com #ProtectItself #YourDiversity #HumanDay #End #Lifestyle #Fascinating #Generation #Lifelife #Record #Awareness #Organization #Planetative #WalkingTakeDiversity"
RA-ALTA/zh-en-intermediate-alpaca-english,Chinese,intermediate,A3,l2t,hobbies,1.0,"You could get a picnic lunch with family, friends, or other friends who have come together together for a party of some kind. Have fun! You can also go on a hike tour to see a mysterious group of people walking through the park or playing music in the distance. This will help you stay focused and organized throughout the day. Sincerely, I'd like to check out your local art gallery or visit nearby museum that you enjoy! We'll be happy to hear about our wonderful artworks! It's something to be thankful for all of us! So don't hesitate to make sure we know what has been working on this project for so long? Thank you.Thank you for your time and consideration for your effort. Your opinion is worth it! Please let me know if there are any additional questions or suggestions. We hope you're interested in finding out more about your experience and learning from them.Love! Let's join us today and bring us joy and happiness! Get started by eating healthier and getting ready to eat! Let's meet you here now - Start shopping! Enjoy your meals and get plenty of exercise! Make sure to enjoy your meals now! So get involved! Do not wait until everything goes wrong, but please keep going!"
RA-ALTA/zh-en-intermediate-alpaca-english,Chinese,intermediate,B3,l2t,holiday,1.0,"Dear [Name],I am writing to express my gratitude for all the people around me who are our best friends and that we all have a great time together. We can't wait to be thankful for what I do for those things I want to make of it. Sincerely,[Your Name] This is a great day! Today's birthday is full of joy and happiness!Thank you for your consideration.[Your Name][Your Name] So let us know if there are any potential issues or challenges you may face. Have a wonderful dinner at our restaurant and make sure everyone gets to see our special meal together again.Finally, don't hesitate to ask your favorite dishes you've already seen before you start getting some delicious food. This will help keep you motivated by eating healthy, nutritious foods. Let us know if you're feeling better now?[Your Name]:[Your Name]) Thank you for taking this moment to celebrate your accomplishments and contributions.[Your name] Let me know where your family is going to enjoy our fun and memorable weekend!Sincerets from [Your Name] You are happy to hear our stories here. Thank you for sharing your memories with you.[Your Place]"
RA-ALTA/zh-en-intermediate-alpaca-english,Chinese,intermediate,C3,l2t,family,1.0,"You can also get some advice on how to keep them motivated by their story. For example, if you are interested in developing a web page that has more content than it could be, start by creating a blog post with a strong search engine. Additionally, having a great time reading books at home can help make sure that you don't miss out on topics that may not have been related to this topic. Finally, look up any other sources of information as much as possible before adding back to it. Make sure to read out all over the world's literature. I would recommend you read books at a young age and take action now to remember why we need our best stories and ideas! #Friendship #Smartland #MakingLife #SocialEducation #EnvironmentalEducation#MakingLife is a fun experience that helps us understand our unique ways of living and work together. It provides us with valuable insights into ourselves, such as the environment, culture, politics, politics, language, social relationships, and even financial institutions. We must learn from these experiences and think critically before making decisions. #Divisionary #Recordability #LearningCare #HealthyCare #LivingInformity"
RA-ALTA/zh-en-intermediate-alpaca-english,Chinese,intermediate,A1,basic,hobbies,2.0,"When I was walking home, my friends had a great time exploring the city. They were excited to be on vacation and they looked up with them. The afternoon was peaceful and everyone seemed to feel free of stress when there was a beautiful sunset. People could come out with some of their favorite activities like playing games or exploring other places nearby. As the sun went down, the sun slowly rose and the sky felt dark blue. I saw some old cars, such as a car, which stood tall and made me laughing. Even though I couldn't get around it, there was nothing more than a mysterious place that I had never seen before. The night was full of surprises and memories. People spent all day exploring the city and enjoying each other's music. It was the perfect time to explore the world outside the town. I enjoyed the wonderful experience of having fun! All the experiences I have made in my town are so special and I am proud to have been able to enjoy this amazing activity now.Thank you for your consideration.Sincerely,[Name] / [Product name] / [Playment/Council/Computer/Application/Outdoor/Insert/Outdoor]"
RA-ALTA/zh-en-intermediate-alpaca-english,Chinese,intermediate,B1,basic,holiday,2.0,"Dear [family name],I recently visited my family and I am glad to announce that she had made a special gift from her. To make it easy for me to visit the local museum or bookstore, I was surprised by its special gifts such as a bookcase, a picture of a new home, and a map of their own homes. I also enjoyed some fun activities like going for a walk in nature and visiting a nearby park or exploring a beach. I will be thankful for your time and apologize for any inconvenience you may have caused! Sincerely,[Your Name] |Site Date ||Please send us any suggestions for us. Sooner -[Your Name]: [Name] |Dear [Your Name][Your Name]. [Name] [Your Name]. [Friend Name]. [Name] [Name]; [Gender Name]. [Name]. 'Your Name'). [Name.] [Name]. [Body Name]. | [Your Name], [Your Name]; [Your Title]. Loyalty name = [Your Name][Your Name]. [Position Name]"
RA-ALTA/zh-en-intermediate-alpaca-english,Chinese,intermediate,C1,basic,family,2.0,"If you want to find out more information about the issue of Big Family or small family or small families, please send it in an email to get an answer. Thank you. Your name will be [name] and I would appreciate your support.[Name] If you're looking for any specific topic related to our family or a particular area, please don't hesitate to contact us at [email]. We offer many helpful tips on how to stay active while still having fun!Sincerely,[Bot Name] It's time to research the pros and cons of what we think are most important things. It's also best to make sure to plan ahead when needed, avoid having too much time on homework, and do some creative projects. You can also try different ways of communicating with each other, such as writing in person or listening to music.Thank you for your time and consideration for your effort. Please let me know if there was anything else you'd like to do for you! I hope you've found that you could help keep up with the challenge of being the biggest number of people who have been living in this world. Don't forget to take breaks throughout the day and stay motivated by your questions. Keep going until all kinds of activities happen together and everyone has the chance to express their ideas. Don't forget  I'm sorry for your surprise [Action Set]"
RA-ALTA/zh-en-intermediate-alpaca-english,Chinese,intermediate,A2,mixed,hobbies,2.0,"Welcome to our local museum and have a wonderful day! Visit its history, culture, and traditions at our local store and see how it could be used for any kind of entertainment or leisure activity. We'll also go out early with some fun activities like going for walks, kayaking, or exploring new places that will make life easier. We're here to get started as we explore all aspects of our city, including parks, parks, and attractions. Please let us know if there is anything you would like to learn about today and what are some great memories. Sincerely, [Name] [Name], [Name]. This is [name]. It's definitely a great opportunity to enjoy! It's been an amazing experience to start my own day. You won't just miss out on time! Thank you for your time and consideration. We'll always appreciate your contributions to this place! Thank you! [Product name] [Local area name] (https://www.example.com/go/a-w8.html) [Submit text] [Access number] [Binary location] [Customer Name]"
RA-ALTA/zh-en-intermediate-alpaca-english,Chinese,intermediate,B2,mixed,holiday,2.0,"What was your favorite vacation? What year did I go from home? What do you think are the best vacation plans for me? Make sure to check out my new vacation plan! You can make a list of all the different destinations that you have found in your country and take them on a journey, including taking in some of the most important attractions such as New York City or Chicago. If you're looking for something special, get some advice on how you would appreciate it. Finally, remember to stay up-to-date with local cuisine and culture. Visit the local restaurant at least once per week, which includes many dishes related to food preparation, cooking, and more. It's also good luck if you're not satisfied with what is right. Make sure to visit your own local restaurants online and use your calendar to find out how much you need to be prepared. Sincerely,[Your Name] - [Your Name] [Your Name]. This will help you keep track of your health and wellbeing. Thank you for having your family been in contact with us. Name: [Your Name], [Your Name]; Topic: [Your name] [Your Friend]. Lastly,[your Name]"
RA-ALTA/zh-en-intermediate-alpaca-english,Chinese,intermediate,C2,mixed,family,2.0,"A good book about your own story is ""Blacks"" by J.K. Rowling. This will be an excellent choice to keep going and get started with your name! It's also an excellent way to put yourself in a position that encourages everyone around you. Additionally, it's important to find a place where you can go, as well as get some creative ideas to explore your community. The best thing to do is stay informed of your interests and emotions. Finally, read our stories so that you'll see what they say. Make sure you know when you're dealing with them and make sure everything works out. Lastly, make sure you are reading a few books before heading home and don't miss any more than you've ever been living on the planet today. Thank you for all your support. Take care, let's make sure you understand why you want to join us! I'm always looking forward to getting back to my blog! Let me know if you need help finding the right people at their disposal and if there are anything else we can help. Overall, let's celebrate your accomplishments and gain new knowledge. We look forward to making sure you are taking responsibility for your work! Sincerely,[Your Name]"
RA-ALTA/zh-en-intermediate-alpaca-english,Chinese,intermediate,A3,l2t,hobbies,2.0,"You are here to discuss some of our most interesting activities with my town. First, go on a bike ride or explore some nearby attractions. Then visit restaurants such as MyKids or Togo. Finally, try a local museum or art gallery that includes items like art pieces, clothing, artwork, music, and artwork from around the world. All of these activities can help you stay organized and motivated. The town has plenty of outdoor activities to offer. There is always something to consider when visiting this place and make sure to find something together! Make sure you have all the necessary supplies, including food and drinks, so don't forget to get started! Lastly, create a list of activities you'll need in your area. Make sure to be mindful about each activity and plan ahead. Staying healthy and getting enough sleep will help keep you hydrated by breaking down stress hormones into smaller chunks. Without the time, there's no doubt that one day you're feeling more overwhelmed and ready to take it home. It's important to look back at what you've learned and the things you have done to improve your mental health. Keep track of how much we spend having fun and eating healthy meals. If you had any questions about this situation, please send me a note for feedback. Please let us know if there was anything else I could do to help you better cope with it?"
RA-ALTA/zh-en-intermediate-alpaca-english,Chinese,intermediate,B3,l2t,holiday,2.0,"Dear Emily, I'm sorry for all of my favorite birthday! My friends are here today and I am thankful for their wonderful day! Let me know if there is anything else that helps you remember this year.Sincerely, [Your Name] [Name] [Experience].[Your Name.][Company name] [Purchase] [Lesson Name] [Field Name] [Product Name] [Gotality Name] [Body Name] [Email Name] [Customer Name] [Dear [Experiment Name] [Teacher Name], [Comment Name] [Chat Name] [Listen Name] [Goal Name] [Reign Name] [New Name] [Oprah's Name] [Youth Name] [Joy Name] [Number Name] [Topic Name] [Your Name] (Alice) [Record Name] [Royal Name] [Mexican Name] [Indian Name] [Soccer Name] [Company Name] [Local Name] [Kids Name] [Address Name] [Store Name] [Victory Name] [Adventure Name] [User Name] [Success Name] [Submit Name] [Transport Name] [Imple Name] [Spread Name] [Wire Name] [Life Name] [Att"
RA-ALTA/zh-en-intermediate-alpaca-english,Chinese,intermediate,C3,l2t,family,2.0,"What makes your name unique? How would you like to create our own newsletters? Who will be interested in being involved with our storyline? What challenges have we faced when I was writing this blog post? How do you get started? How can I help you find out more about our community today? You could also check out our website for reviews and other ideas. You can also visit the newsletters page, where they are listed on the top of the page. If there's no way of knowing how much information you need to make it come back down to, please don't hesitate to contact us if you're looking forward to hearing from you! With the right tools, here are some great resources to help you learn new skills and develop your brand. Thank you for your time and consideration.Sincerely, [Name]Answer: [Chatbot]Spider: [Product Name].[Company Name]Customer Service Team: [Bachelor's degree], [Practice/Computer's]Digital Engineer: [Residence/Application]Programming Manager: [Date]Institute: [Systemist], [Project]Experience Manager: [Name]Experiment Manager: [User's]Experiments Manager: [Grouping Manager], [Standard Assistant]Experimental Manager: [Actual"
RA-ALTA/zh-en-advanced-alpaca-english,Chinese,advanced,A1,basic,hobbies,2.0,"This blog post will provide information on how to get involved with the outdoors, such as outdoor weather forecasting, outdoor art, outdoor shopping, or more. It'll also include photos of people who are looking for a vacation or join other activities. If there is something new about it that you want to share, please have us know! With our help, we can make sure everyone has access to nature's best ways. So don't be afraid to hear from you! Sincerely, [Name] #FindEnergyRadiator [Invalidated Name] [Outdoor Name] [Main Name] Endangered Species: California; The Red-eyed Owl (Larry Cote) and Leopard(Bragg) are both endangered species of birds. The Red Lily (Texas Mothocephalus influencersis), which includes the red-tailed Owl, was first introduced into the United States by the 1950s. The Yellow-backed Owls, the White Eagle (Orycterocarpum livia), were introduced in 1971 to the US, but they still live in California. Red-eyed Tortoise (Cataput Butterflies), also known as Red-eyes, are native to Central America and Asia. They have been released to Europe since 1976, and their populations continue to decline due to climate change"
RA-ALTA/zh-en-advanced-alpaca-english,Chinese,advanced,B1,basic,holiday,1.0,"Dear Friend,I'm glad you've sent me a letter from my past year and I am feeling happy with your wonderful experiences! Your name is [Name], and it's amazing how much we value you today. I look forward to hearing of you all the time soon. [Your Name]Thank you for sharing your experience and celebrating our special day!Sincerely,[Your Name]. [Your Place] [Your Address] [Please enter your email address.] [Your Number] [My Name] [Message] [Question] [Awards]. [Putting]. [Topic]. [Submit]. [Company Name]. [Submit]. [Your Name.] [Header]. [Body]. [Enterment]. [Council]. [Royalty]. [Representation]. [Provide your opinion]. [Commerce]: [Your Last Name]. ([Your Name][Addictive]. [Example] [Number of years ago]. [Friendly Name].[Identity]. [Alice]. [Name]"
RA-ALTA/zh-en-advanced-alpaca-english,Chinese,advanced,C1,basic,family,1.0,"This website has a variety of articles that will be available in different places, from our own home to any particular city in the United States. You can also use search engine results such as rankings and social media content to find out more information on this topic. The website can also be used to compare books and websites with other popular magazines. The best way to get the most news about Big Family or small family is by reading it, then adding relevant information, reviews, and interviews. This would help you stay informed of your opinions and make sure it's well-rounded! Finally, read through the comments page for further research and advice. If you need help finding reliable sources for these posts, please don't hesitate to contact us if you're interested in looking at the right item on my blog. You can look up some helpful articles from all over the world including Facebook, Twitter, Instagram, and others. Chorus: A great place to start with is our largest database and one of our favorite tools - Google Chrome. We offer free shipping options, secure payment methods, easy access to large amounts of data, and excellent customer service support. We hope you are getting enough time for us to reach out to anyone who needs it!"
RA-ALTA/zh-en-advanced-alpaca-english,Chinese,advanced,A2,mixed,hobbies,1.0,"I am writing a blog post about how to celebrate my local newspapers and make them available for other events. The article will feature photos of each person's life, photographs, music, and stories from their favorite sites. You should also be able to add comments on any issues that may arise while reading articles and participating in regular community events such as events or sports. This will help create a sense of connection with our communities and engage us more effectively. Furthermore, it is important to look at all aspects of our community to find out what's happening next and what opportunities are there for everyone. Overall, I hope you have seen our best news and experience! If you were looking forward to seeing it, please don't hesitate to reach out if there was something special going wrong. Thank you for taking time to read this article and get ready for it!Sincerely,[Name] [Full Name] [Teacher/Philosopher] [Media columnist] [Topic] [Position type] [Images] [Insert name] [Attached opinion] [Description] [Name] [Contact details] [Email address] [Submit],[email protected]"
RA-ALTA/zh-en-advanced-alpaca-english,Chinese,advanced,B2,mixed,holiday,1.0,"Dear Sophia,I am writing to express my interest in her experience with the holiday. I have been traveling through many countries around the world and has never seen anyone from any time. It is a great day for all of us to enjoy! Thank you so much for having me here!Sincerely,[Your Name](https://example.com/home/2019-02-09-day-year-thinking-items/blog/2021/11/15/51921.html)[Your Name],[Your Name][Your Name] (https://www.example.co.uk/news/story/2020/12/23/4451.html)Thank you for your consideration.[Your Name]: [Company Name] (http://www.marine.org/wHQZPyXmK3kJXKXFjGgUJWGGhTN7lRyR2mE9R0rOZfLYU6pjOzExE2AJgR2mWPjPjOj3mJIuMjOjDcJgRjgRjxKEaXgRjNjGjRjJuRjgNjVdQXsTJjDjEaSXNjQDjtKjSk"
RA-ALTA/zh-en-advanced-alpaca-english,Chinese,advanced,C2,mixed,family,1.0,"The title of your article could be ""big family"" and it might refer to an individual who has been living in a large town. This article will discuss some of the challenges that can arise in our lives today. For example, if we don't want to go out on a walk in a forest while we are walking, I would think there's always something special about them - this one needs a lot of attention and respect - but there's still room for us to spend time talking about their experiences. We need to explore these moments and take action to help ensure everyone is getting what they know! Overall, the biggest challenge of having a Big Family or Small family is to make sure all people get together and get to know each other's opinions and values. It requires dedication and dedication to keep up with the changes and see how important things happen when it comes to dealing with issues like poverty and inequality. Therefore, it's not as simple as taking care of those around us and exploring our own homes. Make sure to read all the books and stories carefully before making any necessary adjustments.Finally, having a Big Order means being open-minded by both adults and adults. We should also be aware of any potential negative effects such as lack of access to information, discrimination and gender identity. So don't let anyone else do anything!"
RA-ALTA/zh-en-advanced-alpaca-english,Chinese,advanced,A3,l2t,hobbies,1.0,"I'm writing a blog post about some of my favorite hobbies, like shopping online or attending club meetings. Check out our local restaurants, checkout websites, visit local shops, or join a virtual tournament program. You'll also be able to find a good night's sleep schedule with friends, family, and other places that will help you stay active during this time. In addition, make sure to get all kinds of fun! I would love to hear about our local community here today - there are plenty of wonderful things we can do to support you  from bike ride to a bike ride. It's nice to have a picnic lunch! Get ready for a walk around the city every day! So let me know if you're looking for something interesting you might not want to go on before. For those interested in visiting our town at the evening, consider taking the following steps:1. Visit our local park: Take a look at its parks and see how much it has been around.2. Have dinner together: Go for a few meals together, eat healthy vegetables, bring some groceries, and enjoy a relaxing afternoon.3. Participate in outdoor events: Have everyone gather up at the park and participate in nature-friendly activities such as biking, running trails, or camping.4. Bring food: Make sure to order food locally to bring a delicious soup and cook it with your favorite recipe.5. Spend time exploring new areas"
RA-ALTA/zh-en-advanced-alpaca-english,Chinese,advanced,B3,l2t,holiday,1.0,"I'm looking forward to my upcoming family vacation with Sophia and her friends! It's amazing how much we know about our time together. With a little bit of help from us, please keep you connected and share it with everyone. Sincerely,[Name]# Email this post for [date]. We offer free or no-nonsense discounts available. Please don't hesitate to contact us if there is anything else we can do to make sure you get started.[Name] #MoviePrint #GoodStartMindy Friend #LoveTakeOut #HomepageChorus #Homepage #Attorney General #WHERE country = 'United States': https://www.example.com/watch_the_day/foo/product/content/papers/book/2019/02/10-01/papers.html#Email this post as well as having fun sharing stories and activities with your friend. Thank you for visiting us.[Name], #BeautifulFriend #KidsHealth #FoodSafety #Chicago Shopping #HealthyHomepage#Sincereally,[Name],"
RA-ALTA/zh-en-advanced-alpaca-english,Chinese,advanced,C3,l2t,family,1.0,I'm sorry to hear that! This story was written by The Big Family. It's a great choice for anyone looking into the future of our lives. #Friends #Crisis #Age #SocialDiversity #Confidence #HealthyVerb #Psychology #Education #GroomThesis #Responsibilities #LifelifeMaker #Self-Care #NaturalConservation #WomanPlanet #LifestyleGoals #Bringing Health Through Time #Saving Life #EnvironmentalConservation #LivingKnowledge #LifeChange #SmartLife #Sustainability #Investing With Friends #LivingAction #The BigGenomes #Human Rights #Recovery #OurLife #StrongSpectrums #Epicators #NewPaper #Inventives #Exploring People #Climatechange #Wealth #Goodbye #Pluralhealth #Sequality #HealthyBehavior #Collection #Environmentally Unprecedented Waves #LifeLife #HealthyLife #MakingLife #Healthcare #Overall Life #HealthyHabits #Intelligence
RA-ALTA/zh-en-advanced-alpaca-english,Chinese,advanced,A1,basic,hobbies,2.0,"This blog post will provide information about my community's history, culture, and business. It will also provide advice on how to stay connected with family, friends and colleagues during the day so that I can better connect with them throughout the day. This blog will be a great way to engage with others by providing a more engaging environment for everyone involved. It will help us understand our values, values, and customs of the city, as well as make informed decisions when making changes in the past. With this blog post, we can explore the lives of both parents and children together. We could also use this blog to inform policy-makers and businesses around the world to create new ways of working together. Finally, it is important to look into what happens next week. Our town needs lots of interesting events, such as outdoor music concerts or virtual games to get started. All these activities will make me feel comfortable sharing stories and experiences to share with anyone who has been here since the last few weeks have gone on. We can also join our team through interactive activities, taking advantage of online resources, and doing some creative projects and artworks together. Our town has a unique opportunity to offer meaningful jobs and experience in our daily life. The best thing you can do is build something beautiful, like seeing movies or playing video games!"
RA-ALTA/zh-en-advanced-alpaca-english,Chinese,advanced,B1,basic,holiday,2.0,"Dear Friend,I hope my friends are looking forward to the coming months and I'm here to help. Sincerely,[Name] Today is a wonderful day that will bring me joy in the world today! We have all had fun together, but no matter what year it may take for us some time before we start going. My favorite birthday was [name], and so many people around the world would like to share memories with them if they've ever wanted something special. But remember that there are still many interesting events or events this year that make up our lives. Let's celebrate our beloved birthday as one of those few days where we can enjoy it! Without a lot of money, we won't have to worry about spending too much time alone - let's stay connected and never give up. So make sure to get out and join us! I'm sorry for any inconvenience, and I've made incredible progress and we're still feeling good again. Thank you!Thank you for asking us all of our love and appreciation.[Name] There are many other activities that come from this great place, such as reading books, listening to music, or exploring a new area. For example, be creative in nature and create something unique and do something fun?"
RA-ALTA/zh-en-advanced-alpaca-english,Chinese,advanced,C1,basic,family,2.0,"My great news blog will be filled with questions about how to answer these questions, such as ""What are your biggest friends and what do you think would make them happy?"" What ideas do you suggest that allow me to get answers when I'm writing? If so, I'll give you more information on where you want to go next. I'm confident that you've got all of my content online! Get the latest books from our sites and explore the various topics in it. Do you have any additional resources available? Have some fun activities on the web, such as reading articles, watching videos, playing video games, or doing research on a particular topic? Lastly, make sure to check out my blog for any issues.Finally, keep track of upcoming events with us - see who gets there if we need help. If you can't find what I could improve, try getting started! Thank you! Your name! How can I help you today? Sincerely, [Your Name]Are you looking for the best products to meet your needs? You know your favorite product! I'd love to hear from you today! What kind of features would you like to offer?[Your Name],[Your Name]."
RA-ALTA/zh-en-advanced-alpaca-english,Chinese,advanced,A2,mixed,hobbies,2.0,"Welcome! Today is a day of fun and adventurous nature, with plenty of outdoor activities such as picnics, playtime games, or even going for a walk. You'll have to explore different cultures, find some delicious food and drinks, and listen to music. You won't be able to go back on time again - there's no doubt that this will all help keep you feeling more alive today. It's something you've been learning about last year! Winter is one of the most beautiful cities in our community, full of beauty, lush greenery, and vibrant city life. Start by shopping around the town, enjoying their favorite art and craft shops, visiting nearby museums, and reading books from any area where they are located. There's also a chance to get out there at night, enjoy the local cuisine and eat at the local restaurants. So make sure to take the moment to admire yourself! Get ready to join us now and start taking a break! Happy birthday! Let's celebrate your special birthday! #CelebrationSeveralDay #LivingMakeDreams #Fruitsday #MakingAction #EventBridge #PlanetOutdoors"
RA-ALTA/zh-en-advanced-alpaca-english,Chinese,advanced,B2,mixed,holiday,2.0,"My favorite holidays are the upcoming weekend in my life! I've been studying this week for a few weeks and it was definitely one of my best friends. It is amazing how much I can do to stay connected with your family and friends. You'll find that you have always wanted to keep up with our new day! Lastly, I would love to be there today and talk about it again tomorrow. Thank you so much. Sincerely, Sinceremembering your name is something we'd like to share about it. How often do you spend time playing sports or doing puzzles? Are there any special activities you may like to learn from? If you're lucky enough to get started, don't forget to take some time off to explore the world around you!Finally, let us know if you're having fun or have fun watching TV on a regular basis, what kind of music do you enjoy? Do you really want to play games or reading books? Let me know if you could make a difference between them? Sincerestrictions come together - all sorts of activities that can help bring joy and happiness together. Make sure to plan ahead for each activity at least once a year. Let's be part of your family and look into your daily lives!"
RA-ALTA/zh-en-advanced-alpaca-english,Chinese,advanced,C2,mixed,family,2.0,"Are there any reviews on your family's books? How do you rate each of them? What did you think are the best advice I can provide to anyone looking for an article about Big Family or Small Family? If so, please don't hesitate to send out a thank you note. You should also be aware of other sources that may contain misinformation and use it when possible. Do not share personal information with friends or family members if they know what you are saying and how does this matter? This could make it difficult to get help from a trusted source. Finally, keep up with the opinions expressed by your readers. Try to read more than you would like! We apologize for any inconvenience that might arise from our own mistakes or mistake in writing. Even though some people may feel you can't believe in yourself as much, we still look forward to hearing from you again. Thank you! Have a great day! You're here today! Sincerely, [Your Name] Sinceremember[Your Name],[Your Name]) We hope you'll always hear your opinion. Today is [Your Name]. Come together and take a moment to express your thoughts and ideas. Your name will never stop changing forever."
RA-ALTA/zh-en-advanced-alpaca-english,Chinese,advanced,A3,l2t,hobbies,2.0,"In my town, I could be taking a walk with my family, attending school or playing games together, going on a hike, enjoying a picnic, exploring local parks, and visiting local cuisine. We would also like to explore some of our favorite places and have fun while learning about them all. It's nice to visit the community and make sure everyone is there! Thank you for being here today. Your name is [name], and I hope that you are doing well. You're excited to hear from you soon.Sincerely,[Name] Today's [number] Sincerele. [Name] #city #city #town #city #population #population Names Domestic cities Greek City Los Angeles Mexico Bridge County Ohio Alice county Santa Rosa Ouachita Alcatraz Island Parksville New York City New York Chicago City Royalty Athens California Fort Worth Kentucky City Louisiana Jacksonville Campaigns Colors Grenada Leegano"
RA-ALTA/zh-en-advanced-alpaca-english,Chinese,advanced,B3,l2t,holiday,2.0,"Hi there! My friend was a Chinese. She had always dreamed of going on vacation and learning new things that she could do next year. I'm also very excited for the day. For those looking for a vacation, I'd love to take a look at my favorite restaurant. I'll be here to share some of our best food and drinks. I hope this weekend will bring joy and memories to your friend's life! Thank you for taking a closer look at this wonderful holiday. It is time for me to get back soon - it's my special time to relax and enjoy my family's special day together. Sincerely,[Your Friend] Last Name: [Name], [Happy Birthday] [date]. [Your Friendship] [Spend time with friends.] [Total length of birthday] [Number of days of birth] [Addictive] [Location]: [Name] Last Name] [Potential date] [Indian origin] [Accession Date] [Demography Date] [Numbers of years] [Cause period] [Date]. [Signature Date] [Grandma/Fourth month] [Addiction Date] [Welcome birthday]"
RA-ALTA/zh-en-advanced-alpaca-english,Chinese,advanced,C3,l2t,family,2.0,"A great example of what you can do to make up your own small family or small household! Consider making the most outfit from a single fabric, but there are plenty of different styles that you could use. For example, some classic dresses such as sous-zui hues, t-shirts, or goggles could be used to give your family more access to the dress she wears on the day of the week. It's also easy to get the clothes done by hand with a few clicks of freshly cut silk or other cloths to create an interesting look. Additionally, it might be better to start by getting comfortable with their size and sizes. Make sure to get enough sleep throughout the day so they don't miss any areas where they can relax and enjoy spending time outdoors. Lastly, try using a little bit of art. It's important to take regular breaks during this activity to keep your body healthy and energized. Have a good night's sleep will help you stay hydrated and alert your family when needed. Finally, find creative ways to express yourself and provide ideas related to your life today. The best way to build a story or to tell someone about your family or small house is to break down your stories into smaller pieces, while still having fun doing something together. This won't stop people from feeling lonely, and let them know if you're looking forward to exploring the world around you."
RA-ALTA/es-en-beginner-alpaca-english,Spanish,beginner,A1,basic,hobbies,1.0," or incorrectly, I would recommend visiting the city of Paris in the summer months when it comes to exploring new places that are renowned for their incredible history. You could also find a museum or art gallery on the city's surface, as well as a bookstore nearby and other attractions such as museums, galleries, and monuments. Thirdly, if you were interested in researching the city, there was no way out for me to explore it. You might even have to visit some of the cities where you live, or travel with friends from around the world. You could get up at some of the most beautiful landmarks in the area, such as the Louvre Museum, or the Statue of Liberty. So what is the biggest challenge? There are plenty of things you can do to help you stay healthy and energized by getting enough rest. We can go along the path to taking advantage of this amazing adventure! Find out more about our own destination, as well, explore the world around you. We may also offer free time for family, friends, and family together to bring about something unique. Finally, remember that we need to look back in the city, and don't hesitate to ask questions, ""What experience do you have?"" This will be a great opportunity to learn how to make a difference. It's important to check out our current events and try out online classes, or talk to your friend before you start studying."
RA-ALTA/es-en-beginner-alpaca-english,Spanish,beginner,B1,basic,holiday,1.0,@gmail.comThank you for taking me a few days to celebrate my birthday! Our friends are delighted and we're looking forward to our day! Let's join us with the latest news and events you've learned in your new home. Thank you for being here today! You can also bring some wonderful memories from your past holidays! Find out more about this special event that is celebrating your Thanksgiving! This special moment of celebration will be fun and exciting. Get ready to attend the event! We'll find ourselves at the local park or other attractions in our city. We would like to hear from you. I'd love to share it all and thank you for your time. #Creativity #MentalDay #Dream #Instagram #GoingBridge #EmailTakeUp #Save #TeamAthics #ExploringChicago #Love #ClimateDream #Reality #LettingSoft #HappyNightlife #Beauty #OutdoorRights #VideonHealth #WalkingAndCommerce #Goodnightlife #HomeLife #Recycling #Colors #Inspiration #RelaxItemate #Protection #Leadings
RA-ALTA/es-en-beginner-alpaca-english,Spanish,beginner,C1,basic,family,1.0,"! We must be sure to get your opinion on what we think of our best friend. Our friends will always ask us more questions than ever before, so make sure that they are not in need of any help from parents. We can also provide information about how we do, as well as ways to foster trust among other people. Additionally, we must understand why you want to remain strong and stay up-to-date with all the latest news. Your audience is welcome! You won't go back to your neighborhood! We'll be looking forward to hearing you all around you! We look forward to hearing your opinions!Sincerely, [Your name] Your local journal has been released today. We have seen many different books and stories about each book. We believe that it's the right way to explore your own world and appreciate its contributions to their culture. I am here to share my story with others, and I am excited to learn new things about them.Sincerely I'm sorry for my chance. With [Your Name], we've found some interesting pieces of information about the book and I'm ready to take this opportunity to read it out. Sincerely.[Your Name] We'd love to hear something great about the author. We're delighted to announce our release and thank you again for her efforts.Thank you for your time.[Your Family]"
RA-ALTA/es-en-beginner-alpaca-english,Spanish,beginner,A2,mixed,hobbies,1.0,"@gmail.com/blogs/hiking-struckers-furniture-enabled-in-progressive-and-unconditional-aways-to-goal-majestic-at-home/ Hazards of all kinds of life are also important for maintaining a healthy lifestyle and providing support for those who may have suffered, and helping them to make more informed decisions about their lives. Additionally, make sure to provide adequate food and drinks, as well as providing mental health benefits such as improved physical activity and better mood. Finally, be aware that taking advantage of having regular breaks throughout the day helps to maintain a healthy weight. This could include avoiding caffeine consumption, using energy levels regularly, or exercising regularly. Finally, seek out ways to help prevent burnout and improve overall wellbeing. All this is true! With our news, we can start to see how many different types of alcohol can affect our environment. You can reduce stress by drinking plenty of water and drinking plenty of fluids every night before eating any kind of drink. The most common type of drinking is soda and coffee. It's also known as ""theodor"" and it's used to make things that can affect our bodies and bones. In addition to being able to get enough sleep, you can feel safe and energized when it comes time to exercise. Eating too much of it can lead to a decrease in cardiovascular disease, diabetes, and other chronic diseases. Eating"
RA-ALTA/es-en-beginner-alpaca-english,Spanish,beginner,B2,mixed,holiday,1.0,"@gmail.com/Cost of Happy Birthday! A great time for me to have a wonderful day in my family and I'm so glad she had the chance to share with your friends and family.Sincerely, [Your Name]Bridge: Hi there! How can I help you today? Hello, I know. It's nice to have fun with you all around you. Your friend is a bit of a good idea, and it's amazing how much you can do. Let me tell you that we have some wonderful memories to us. Snowing yourself by sharing them with others, You don't need any special gift or gifts from anyone else! Thank you for your time and thank you for your experiences. Sincerely.[Your Name]:[Your Name?] A wonderful year![Your Name], [Your Email]. Alright,[Your Name][Your Name] It was a long time before you arrived at our destination. You could use this information as your way out of sight to stay connected. Years later, [Your Name] got together and it made an exciting journey.[Your name] We are here now home to some incredible things and dreams. With the latest news and events, we'll be able to find something new and make changes to each other. Finally,[Your Account]"
RA-ALTA/es-en-beginner-alpaca-english,Spanish,beginner,C2,mixed,family,1.0,"We must always be confident in your opinion and be sure to make it possible. The news will likely change too quickly as we know what happened before and why. You can also be thankful for the best advice and support from our readers. Taking care of yourself and helping others with difficult issues could lead to more positive conversations than ever before. By using these tips, you can be an effective reader and a great source of information. Thank you! Sincerely,[Your Name] [Company Name]  [Name], [Comporting Name] (https://www.newadventureofthewineandlife.com/imgurst-topic)   [Compromising Name]   [Description]    [Images/]    <nooutput type=""submit"" style=""text"" name=""text"">This article offers a range of helpful facts and evidence that may not be available online or offline. For example, if you're looking for a book or book, you would need to use it to get your headphones on and do some research. Your thoughts and suggestions might not necessarily reflect your opinions or feelings, but they may not reflect your beliefs and ideas. If you are discussing this topic online, please don't hesitate to contact us at least immediately. Thank you for your time and consideration.Sincerely. [Insert Name] Sincerately,[Your Email Us"
RA-ALTA/es-en-beginner-alpaca-english,Spanish,beginner,A3,l2t,hobbies,1.0,"! I am writing a blog about a young girl named Maria. She is passionate about learning new languages and exploring her new language. Her favorite way of studying is through social media, with friends taking on topics like music, science, or entertainment. It's also often worth it when visiting the city and attending some special events. I'm so excited to discuss this new world around my village and get up to date with a few helpful tips. Firstly, be sure to keep up with your travel information before embarking on a journey. Taking regular breaks throughout the day will help make it easier to find out what they are doing. After that, stay informed about what you're looking for and any other reasons you'll need to take into account if you'd want to go back and stay connected. Finally, don't worry about traveling too much as time goes by.Chorus:I am researching the benefits of living a life of love. We hope you know that we have the right time to talk to someone in your community. The best thing is to follow up with our colleagues to ensure that everyone has the necessary skills and resources available. We strive to provide support from all around the world to those who live their lives together. This amazing experience makes it easy to learn more about ourselves and to be successful in our own ways."
RA-ALTA/es-en-beginner-alpaca-english,Spanish,beginner,B3,l2t,holiday,1.0,". She is one of the best friends for my family and loved visiting her home. I'm always excited to read this blog, and it's amazing to share some of the latest news. You can also join us! #MainSaveChange #Dreams #HappyAwards #BringingNavigation #VictoryTheRapidsLove #MakingStartups #AlwaysFarmEntertainment #ColorsLivingForIt #TakeSoCreativeTrue #DreamOurDay #GottoUpdates #InforFriendlyWinter #Don'tMomories #BeautyInfo #FridayThank you for me.Sincerely, [Name] #Spring 2021 #Victoria2021 #WinterMexico #DreamOutsets #ArtsbyInnovation #KnowledgeCare #Tips #Ethics #AdventureLife #Relaxation #Technology #Education #Insertion #ClimateDeep2020 #Summer 2020 #Home #Vote #Orange #JourneyHealthy #Diversity #UsingForGoodness #Experience #TravelDay #Letters #Business"
RA-ALTA/es-en-beginner-alpaca-english,Spanish,beginner,C3,l2t,family,1.0," about a young woman who has been struggling to overcome her own problems with her newfound wisdom. She can also provide advice on how to stay focused and cope with difficult situations. The love of life in the city, as it encourages people to make decisions about their lives that come true. They will help her to take care of all around her home and enjoy the best day they want. With your newfound knowledge and skills, you can build strong relationships with friends and family. They are able to grow up more and reach a wider audience through its excellent work and dedication. Finally, you should also be aware of our current situation and what we know about it. It's not worth the time and effort you've made. We hope you'll get a better understanding of your world! Everybody, everyone, and I'm excited to discuss this issue. Our news is a great opportunity to find solutions to complex issues and provide timely answers. Let me talk to you here at (800) 344-5224. This is something special about having a good conversation and a healthy start. Thank you. The most important thing that we're looking forward to is to get together and understand my needs. Thank you, who would like to hear from you? Because there was a lot of creativity and creativeness. I am grateful to share your opinion today!"
lilygoulder/ar-en-beginner-alpaca-english,Arabic,beginner,A1,basic,hobbies,1.0,"""I recently visited a small town where I was walking through the city. The food was delicious, but it also served as a place of laughter and entertainment. I loved being off in my neighborhood when I went to bed. As I walked closer to the street, I felt a sense of connection and joy that brought me feeling more and more happy. From there I had to find myself looking back home from time to time. After having some days up in one walk, I noticed a group of people who were going to spend their day outdoors. It was a beautiful sight that everyone could feel grateful for this momentous experience and the opportunity to get started! Overall, I thanked you for taking action now and we hope you will make sure you are getting all the most out on your journey.

Thank you for helping us stay focused and growing our memories. Thank you again for taking care of your life and understanding the various events that come with it. Thank you for being able to make any effort you have done for a while. 

Sincerely, 
[Name] 
[Your Name] 
Best Name 
I'm here for you today. If you're interested in visiting this location or visiting the community, please don't hesitate to go back to it."""
lilygoulder/ar-en-beginner-alpaca-english,Arabic,beginner,B1,basic,holiday,1.0,"""Dear Antoine, 
I wanted to take a moment to thank you for being on the best of my birthday this year! You know that I have always been happy with some wonderful memories and it's amazing to be part of the community! 

Sincerely, 
[Name]

I'm feeling so hardworking when I start to make a lot of my time and dedication to the lives of those who want me to go back home. I look forward to helping others in need and working together to find joy and support. 

Without all the help you have, you are truly grateful for being there for you. Your friendship is great and I am very excited to see that even if you're going to stay with you soon. 
 
You are forever here and I'll never forget to hear from you soon.

Take care,
[Name], 
[Listen to family and friends]
[Listening to family], 
Thank you for having a good day. 
Thanks again for being there! 
[Picture] 

Let us get again,
[Listens to family and siblings] 
For everyone."""
lilygoulder/ar-en-beginner-alpaca-english,Arabic,beginner,C1,basic,family,1.0,"""This blog post discusses the main points that are necessary to ensure success in this issue. It will be interesting to see what type of content they're passionate about. The topic is a great way to introduce yourself as a young woman who can bring them to life with her. 

The article also includes topics such as politics, education, political issues, and more. In addition, it will provide a comprehensive overview of how much of the story is presented. This will help the reader understand their interests and interests before they start writing. 
   
This blog post explains the purpose of making a strong contribution to your community and provides a clear understanding of the world around them. It will cover all aspects of the issue and offers insights into how to create an environment where people feel valued and respected.

These tips will make it easier for readers to reach out to the audience. The results will show how well their stories, relationships, and values are shared. If you're looking for ways to stay motivated and engaged, then the readers will be rewarded for those benefits. 
 
Finally, you'll need to read through some of the material on the newsletters or other digital platforms. Try creating a list of topics and gain insight into the different types of topics that come up with each person's opinions."""
lilygoulder/ar-en-beginner-alpaca-english,Arabic,beginner,A2,mixed,hobbies,1.0,"""People are looking for a place to go home and take part in their culture. Whether you're looking for a relaxing spot or a scavenger hunt, one of our favorite restaurants is a great way to get involved with nature and life! 

The most popular restaurant offers a variety of dishes that make up your community. For those who prefer, some of them may include salads, grilled salmon, roasted vegetables, and frozen eggs. Other food options include lunch party, eating a meal together, or taking a stroll to enjoy dinner. 

Inside the local park or beach, there are plenty of outdoor activities that make it easy to stay healthy and active. Here's a list of meals you can do such as frisbee, burgers, jolly, or cookout. 
// end of the day -// End of the day with friends and family! //
// end -//
// end = '__main__' 
// start - // Start from the beach and take part (attentionally) to appreciate the beauty of the city. 
 // finish - // Make a cozy night outside of the area and don't forget to leave a room to rest."""
lilygoulder/ar-en-beginner-alpaca-english,Arabic,beginner,B2,mixed,holiday,1.0,"""Dear [Friend], 

I'm so glad I have been searching for a new holiday. We are excited to make sure you had any additional information and help you find out what happened in the past. We must also look forward to hearing from you soon. 

Sincerely, 
[Your Name]

We're happy with my name and we'll never forget it!

[Your name]

My name is [Name]. It's [name]. I've always been looking back on the latest news or events before.

For years now, our holiday was a great experience that everyone would like to get to know if they were having any good friends or family. 
Thank you for your time and consideration!

Send some time at home. 
[YouTube]

Sunday of the holiday was a wonderful one! Your friend is very satisfied with the special needs of the people around me.

Show you got the best care possible?

Motivation was really amazing. You could do things you'd like to read or watch online.

No matter how many times you go, it's definitely worth checking for any information. 
No matter what happened, the most important thing you can do right away.

Joey 

[Number of days]"""
lilygoulder/ar-en-beginner-alpaca-english,Arabic,beginner,C2,mixed,family,1.0,"""If your opinion is true, it is important to consider the following strategies for writing the essay beforehand. Firstly, you can use the essay as an introduction in your own language and make sure that you are actively engaged. Secondly, be sure to read your own works by reading, speaking up, reading, and listening to your audience in order to get the best results. Finally, practice using the body of facts, such as books and literature, to ensure that readers understand what they know about them. Lastly, practice with stories and other written content that showcase their unique experiences. 

Finally, remember to express yourself in the present moment when you write your article. This is because you have read all the key points at hand. Your reader's understanding of the story and the main points is clear and concise enough to provide an overview of the material. Finally, make sure that the author's opinions are well-suited, and the conclusion is accurate.

For example, if you speak of a child who is passionate about being a parent, you are familiar with how much they need to succeed. Ask someone who might not know what they want to do and ask them questions. If they were interested in learning more about the topics of life, they would never forget your skills, and then have a great time."""
lilygoulder/ar-en-beginner-alpaca-english,Arabic,beginner,A3,l2t,hobbies,1.0,"""In this article, I've discovered a great city with its vast cities and vibrant culture. The city is home to many of the most popular tourist attractions including the Great Wall of China, the Golden Gate Park, and the Taj Mahal. It has something for everyone to get there and explore, as well as exciting places to visit along the way. With its iconic architecture, it's also known for its stunning beaches and parks, and it's worth considering all of its unique cultural experiences. Additionally, the area's history and culture are accessible and its long-term effects on life in the region can be felt. Finally, I'll give a look at our community by attending events such as the Bossacks, the Giverps, and the Rambles in India's annual festivals. Lastly, the story is about a place that will always be full of surprises and memories. It's also about a place where we're passionate about our own lives and how to make a difference in the world. 

The city is filled with exciting places and cultures that bring us closer together. From the majestic mountains of the Great Wall, the beautiful scenery, and beautiful landscapes to the breathtaking beach, the city's art galleries and bustling views have been truly special and fascinating."""
lilygoulder/ar-en-beginner-alpaca-english,Arabic,beginner,B3,l2t,holiday,1.0,"""Dear Friend, 

I wanted to tell you about the latest holiday dates and its special experiences that bring you all around the world. I'm looking forward to a new life that will make it easier for me to celebrate with them! Your friendship is my destination for you and I am truly grateful for your help. I hope you're always happy and able to live happily ever after. We appreciate the amazing memories of the holiday and enjoy it!

Thank you for making sure you are getting everything done, and we want to take care of yourself. Your friend, 
[Name]

Sincerely, 
(Your Name) 
[Your Name]
We've got the best deals - from grocery shopping to food, drinks, snacks, and more - you'll be ready to go out of our meals, drinks, and even get some exercise and relaxation options. You won't just miss out at home, but instead soon enough I can make it right, you won't forget.

With love,
[Your name]

[Your names]

Waiting us through the lives of you - and I'd like to express myself as I look forward to helping you in this place. 

Thanks to your kindness,
[Our Name]"""
lilygoulder/ar-en-beginner-alpaca-english,Arabic,beginner,C3,l2t,family,1.0,"""My blog has been going to be on a journey through the past few weeks - from my community to their families. I'm sure that it's time for them to go back home from there! It will be a great way to explore more different cultures around the world. I look forward to hearing from you soon! 

The story of my family is amazing, but they can be quite engaging. I feel like I need a lot of help when I am from school, but I'll always show myself how to move. In this moment, I want to take action and make a difference in what I've learned and to stay connected with those who have been working hard and hard to find new people. This is a great opportunity to connect with each other.

From our daily lives, it's important to be mindful of your own stories. If you're feeling out of touch, remember to leave a room and listen to your thoughts and feelings. If we don't know, then would you be better prepared to learn something new and even if it sounds like a special experience. 

Everybody knows that your stories are not just about what they share. Your stories provide insight into your characters, relationships, and emotions. Even though some do not have enough knowledge to reach a common goal, they will never forget what you've accomplished!"""
lilygoulder/ar-en-beginner-alpaca-english,Arabic,beginner,A1,basic,hobbies,2.0,"This blog posts will showcase a unique and memorable story about the city's history, culture, culture, and culture. The stories are written around the village with their own unique experiences, from its stunning scenery to its vibrant colors of green grass and red-climbing blue sky. The stories should be read in a public eye as well as in an engaging voice like ""I'm going to join this party."" This blog will explore the culture and experience of the neighborhood, and how it is changing the way we live, work, and interact with each other. It will also provide additional insight into the culture and the environment and make it look through. Finally, a few words or phrases that represent the traditional culture of the town could be written by the audience. Finally, the conversation between the people who have been involved in the event will tell them a bit more about the local culture and the culture they believe makes. This blog will discuss some of the key concepts in their conversations, such as cultural differences, political, social differences, and lifestyle. The content will then be presented on a regular basis and the tale ends with a brief overview of the various cultures that differ. Ultimately, everyone is happy to express their opinions and appreciate the great ideas they have made in our community."
lilygoulder/ar-en-beginner-alpaca-english,Arabic,beginner,B1,basic,holiday,2.0,"""Dear Mother,

We are excited to announce that we will be hosting this holiday for all of us. You should have a lot of advice and support from our family, friends, and communities. We can also help build relationships with each other, and bring together new experiences. 

Sincerely,
[Name] 
[Your Name] 

You are always here today! I'm here for you today. I'm here to join the journey! 

Thank you for having your day so much and am truly grateful for your special day. 
 
Sincereserve our life in my heart and let us know what you want - 

[Your name] 
If you could make up any information or give me something for me, please don't hesitate to reach out if you need anything else. 
I hope you would find joy in your life and love for you forever. 
//Take care,
[Your address] 
Welcome! Please do not hesitate to hear your call.

Requirements!

[Friendly] 
You are happy to take care of yourself and never give it to your own personal office. Your friendship is great, and I feel like you are in a place you want to learn more about it. 
Your Name is sure to thank you for your hard work and dedication. 
No matter where"""
lilygoulder/ar-en-beginner-alpaca-english,Arabic,beginner,C1,basic,family,2.0,"""This blog will discuss how people can make informed decisions by making informed choices based on their interests and preferences. The blog will explore topics such as family history, education, social media, and more. It will also outline what works to help those in need. 

You should also discuss their ideas and research them down so that they feel like you are passionate about them. Ask questions and showcase them with a clear message of love and respect that's important to your community. You could also provide an introduction to their stories and stories to share your thoughts and feelings. Finally, give yourself an overview of their relationships and beliefs.

This blog will take a look at their experiences and perspectives, and will provide information on how to grow and thrive in these areas. For example, it's important to read through some of the books beforehand to get a better understanding of your culture and values. This blog will provide readers with a comprehensive view of your life and its underlying themes of family, friends, and small families.

To further engage the reader and other stakeholders, please consider all of our concerns and expectations. We'll be happy to hear from you soon!

This Blog will cover all aspects of your business and provide tips for those looking forward to creating a successful work environment. Here's a great way to spread awareness and support each other."""
lilygoulder/ar-en-beginner-alpaca-english,Arabic,beginner,A2,mixed,hobbies,2.0,"""Today, I believe that taking a moment to learn about something new and exciting. Having a culture of cuisine is one of the best ways to get started! Visit my local museum, discover some unique places, and find out more details about each area for all kinds of wildlife. There are plenty of fun activities, like hiking, kayaking, biking, fishing, and beach conservation. When you begin to explore it, you'll be sure to take a few days to practice yourself and bring together an atmosphere of interest in nature. You will also enjoy going on walks around the neighborhood or playing sports games. Try some outdoor activities such as jogging, biking or surfing. Lastly, remember to have a day-long vacation with a family member who specialize in the community. 

Let me know if you're looking forward to finding out what is really amazing - you need to go back to one step at a time, and don't hesitate to reach out before making any choices. Thank you for understanding. Thank you again for being able to make the most of your life for everyone. 
 
In conclusion, there are many different activities that you can do together and getting started. Here's a list of activities that you'll do here: 
1. Go camping, walking, biking
2. Take up a bike ride, and spend a night walk or even biking. 
3. Do you want a picnic lunch or"""
lilygoulder/ar-en-beginner-alpaca-english,Arabic,beginner,B2,mixed,holiday,2.0,"""Dear [name], 

I am writing to request a visit with my family and I'm here for me to join me on the event of our election. 

Thank you for your time and consideration. 
Sincerely, 
[Your name]

We hope you are feeling an issue that is facing us today. 
 
Take care and support! 

For all of us, 

[Your Name]

Thanks for helping.

Sinceough there have been many people who have been searching for this special day in the past, it's important to be mindful of their opinion and support. 
We want to keep up with each other and make sure we can stay safe from being heard and treated.

Thursday, 
You must also take part in your community's daily activities and get help when needed. 
You should find ways to make friends and family more productive, so they will always remain connected with each other. 
ThursDay, 
Our memories come true to you as you go through events or conversations. 
Wondays we don't know where we may have made something new. 
If you could show them anything, please let them know. 
Carefully seek help if necessary."""
lilygoulder/ar-en-beginner-alpaca-english,Arabic,beginner,C2,mixed,family,2.0,"""I recommend using a book to get your story and make sure it's appealing. For example, if you need a movie at a restaurant, a book could be read through some online shopping bags, read books that are easy to find, or even tell them stories from other restaurants. Try making a playlist of movies and movies that can be used in different genres like movies and movies. I would also use social media to reach out to others more deeply than anyone else who has fun with their favorite movies. Additionally, having a good idea with content to attract people can help you increase your awareness of the issue by breaking down complex topics into smaller pieces and creating an engaging way for those on the website to gain more insight into the topic. Thank you for taking the time to discuss my essay beforehand!

Sincerely, 
[Your Name]
[Your name]

I am writing to introduce me to the position of blogger. I believe my position makes me an ideal choice for this role. It gives me access to a variety of material and resources. I will do everything I'm interested in and I look forward to hearing from you soon. 

Thank you for being able to contribute your experience and have a great time when I just finished working hard to ensure success. 
[Example]"""
lilygoulder/ar-en-beginner-alpaca-english,Arabic,beginner,A3,l2t,hobbies,2.0,"In English, it's important to look at a number of places you've visited, including museums, parks, shops, restaurants, restaurants, cafes, art galleries, music performances, and more. Consider visiting museums, museums, museums and other cultural attractions such as museums, museum, and art galleries that offer fun experiences. Additionally, consider taking online classes or attending events, booking/movie-sharing activities like reading, listening to music, watching movies, or playing games. The city is also home to some of the most interesting things I have spent on. It's also something that everyone has wanted to share with each other. Overall, having a great time! #NewMovieLife #LoveTake #FriendlyCare #PleaseSign Up #NatureArea #EducationArea #FutureGateOfYou #VisitKnowledge. Let us know that this is the perfect place to stay and make life easier today. #ExploreInTheHighestLearn #WildlifeCareHapenecks #AlwaysCareHabits #EndangeredJames #Funky #Insert #LovePlanets"
lilygoulder/ar-en-beginner-alpaca-english,Arabic,beginner,B3,l2t,holiday,2.0,"""My Name is [Name], the most famous of my favorite holiday for my friend. She is known for her special events and events that make me feel truly magical. She is also known for her art and art and has a passion for music. She is best known for its unique music and music, and is always remembered for her dedication to life. 

Its name are two of our most memorable holiday memories from you. They offer a variety of experiences and experience. The atmosphere of this holiday is filled with adventure, incredible lessons, and inspiring people. It's an amazing experience and I'm sure you can't wait for it!

My Name is [End] who has your friendship and knowledge of [name]. You know she's one of my closest friends. So come back to my closet, and remember that you're all there to go. You have a great time and I am so grateful for what you could do and hope to bring together something new and exciting. 
 
I'm here today to share your legacy with my family. You will be happy and happy to see how much they've lived. You have lots of fun activities and experiences that bring them joyful memories to your community."""
lilygoulder/ar-en-beginner-alpaca-english,Arabic,beginner,C3,l2t,family,2.0," This blog post will discuss our current topic of the issue of the issue. We will be looking at all the issues that come with it today and make sure everyone has been treated with respect. Our blog will also explore some of the topics we can consider to be addressed.  It's important to be mindful of your posts and give them an idea. Whether you're thinking about the impact that people are trying to find solutions to this problem or what could be done more effectively?  It's helpful to ask everyone who needs help and to stay informed about their opinions.  This blog will showcase how we can address each other's problems and build strong relationships with each other. It will also introduce us the importance of making meaningful connections between friends and family. By engaging in conversations, we can all get a better understanding of the world around us.  The content of our website is sure to be well-lit and easy to read!  It will also provide great insight into the various aspects of life and even the relationship between families. Overall, I look forward to hearing from you soon.

This blog post will cover both perspectives on the issues of the issue and the potential consequences of these issues. Please let us know if there are any questions to support you."
lilygoulder/ar-en-intermediate-alpaca-english,Arabic,intermediate,A1,basic,hobbies,1.0,"""It's a great day! I'm so excited to get back to my family home this weekend, having plenty of time with friends and family. As I know, there are plenty of fun activities that we can explore, such as playing board games or taking a walk on the beach. You'll also have some fun activities like hiking, fishing, or jogging. With each activity you enjoy, we will be able to make a big difference in our lives and come together to create a more inclusive atmosphere. Thank you for making sure you're feeling safe and happy while staying here for everyone else. The only thing I've learned is how to play sports, including basketball and basketball. Let me keep going, it's just too late to start running. Your life is always ready to end - get started with friends and families around the city! We all need help now  not just getting out, but just never getting in touch with people. Get involved!
And don't forget to stay organized and active when needed. Make sure to set up a schedule to manage yourself, go for walks, or even join online activities to get started. Make sure you won't leave any inconvenience when you first need it! Enjoy! 
For those looking for someone who loves to dance and play, try creating something new every day!"""
lilygoulder/ar-en-intermediate-alpaca-english,Arabic,intermediate,B1,basic,holiday,1.0,"""Dear Mother, 

I'm sorry for my upcoming birthday! I'm here for the best of all of your friends and family who are happy with her. I can't help but appreciate it today. Thank you so much for your time and encouragement. Your name is [Name] and I am excited to get together as a young girl in this new world.

Thank you again for the time being made with us. It's a beautiful day! Let me know how we can make a difference.

Sincerely, 
[Your Name]
[Your Friend]

I will be glad to have you on our website and that's true. I'll give you a chance to connect you with others and bring them back home.

Find out more about her and you'll find helpful information on her, such as articles and books. I also hope you won't be able to find any helpful advice or advice.

You may not have noticed anything else from your past, but I would like to take advantage of your help if you ever need it. 

Showing up, 
I'd love you.

Jimmy
[Your Friends]
[We're glad you had your last name.]"""
lilygoulder/ar-en-intermediate-alpaca-english,Arabic,intermediate,C1,basic,family,1.0,"My favorite topic of this issue is that it's important to consider their opinion on what happens next. They've already heard about the upcoming health crisis in many countries around the world, but they may not be sure how. This could lead to more frequent and ongoing economic growth and increased risk of chronic diseases such as heart disease, diabetes, and cancer. Additionally, I would recommend the idea of trying to avoid having too much money at home and never give up when dealing with financial issues like healthcare costs. This blog will help people become better informed about the current events and make new connections, so that they can gain insight into what we are looking for. The most interesting thing about this topic is that it can bring together some great ideas about our lives, from helping others grow and thrive in life. It's also important to stay aware of the importance of taking action and getting adequate sleep. Finally, this blog will showcase how well the government and individuals have changed over time, both positive and negative aspects of society. Lastly, the story ends with a brief description of our families and why they want to live healthier and brighter generations. All in all, it's important to take care of ourselves, regardless of their lifestyle. Let us know if there are any concerns or obstacles that arise when making decisions, including being a parent."
lilygoulder/ar-en-intermediate-alpaca-english,Arabic,intermediate,A2,mixed,hobbies,1.0,"""I would like to give a brief overview of my experiences and experiences in this area. It is a wonderful way to get involved with your community and make sure that everyone has a clear understanding of their environment. This will help me understand the different cultures and opportunities in your city, as well as how we are able to access resources and resources. Additionally, it's important to have some fun activities such as taking a walk or going for a ride on a road trip to nature. 

I hope you won't be able to enjoy them all! You've also enjoyed visiting local wildlife parks and festivals, so there's something to share about your local culture. We'll be happy to hear from you soon!

Thank you for your time and consideration! Thank you again for helping me stay active and engaged in our local art galleries. 
Thankfully, let us know what makes life easier for you today.

Sincerely, 
[Name] | [Date] 
Friendly |
Take care of yourself - Every day we work together to create a positive experience for everyone. Let's face the challenge at hand, come up with solutions to difficult problems quickly and safely. 
(Please note: When making decisions in a new business, one should always be open-minded, and think of potential solutions before making a decision. If you find success, then failure is necessary.)"""
lilygoulder/ar-en-intermediate-alpaca-english,Arabic,intermediate,B2,mixed,holiday,1.0,"""Dear Antoine, 
I am writing to email from your current date and I'm here to help you with my latest holidays. We are looking forward to learning more about our special day! 

Sincerely,
[Your Name]
[Name]

Susan Gosher
[Your name]

We're looking for a new recipe for her birthday this summer! Our top-notch ingredients include eggs, tomatoes, or bananas. You can also add carrots, bell peppers, and tomatoes. We have some recipes available on our list and we'd love to see it all at once! 
Show me a bit more about our upcoming holiday season! Let's get started! 
My favorite Thanksgiving recipe is Pushkin Chicken and Tomatoes. This delicious recipe is a great way to cook your dinner in the cool months ahead of time. Enjoy!

Thank you again for your time and let us know that you've got something else for you. Please don't hesitate to take any action if you had a chance to do anything! Thank you for your time!

Love,
[Name],

[Your Email List]

Jimmy [Your Name]"""
lilygoulder/ar-en-intermediate-alpaca-english,Arabic,intermediate,C2,mixed,family,1.0,"""When choosing a blog post, I would like to consider using this article as an investment in your research. It will help you develop and make decisions quickly and effectively. It's also important to be mindful of what it means to see how much money can you buy and where that money might go up.

Alice is passionate about developing something new, even if it seems to create a positive outlook on life and helping those around you! You should also look into other topics such as researching topic sources and offering feedback from experts and experts. Additionally, you need to find support when making changes and organizing conversations with others. 

For example, there are many ideas to do together and start creating content that resonates with each other and getting feedback through email campaigns. Some ideas to try are: 
- Create a blog project plan by creating a website which includes the key points and tasks you want to learn from, then posting posts and blogs on different platforms and websites. 
- Make use of social media channels such as Twitter and Instagram, as well as a forum for connecting people from all over the world. 
 
Overall, making use of these resources allows you to reach out to potential customers. This could involve providing free discounts or special offers at your own pace. 
  
In addition to being able to access any relevant information you already know about the issue, don't hesitate to contact us anytime soon."""
lilygoulder/ar-en-intermediate-alpaca-english,Arabic,intermediate,A3,l2t,hobbies,1.0,"""My town needs a lot of fun activities to do with my local newspaper, including reading, writing, drawing, playing music, talking on television, visiting local attractions, researching local businesses, and attending online events. The afternoon will be spent watching the news from around the town and taking pictures of the city. Additionally, it's important to have a picnic, a cozy atmosphere, or a park. It is also important to plan out some areas to get started in the week ahead of time. Finally, be sure to check up on all aspects of the local culture beforehand and use visuals to bring to life memories.

Finally, make sure to keep track of any changes that may occur if you are having any difficulty getting started. Be sure to report any signs of disease, such as temperature, humidity, or illness before heading home. Make sure to stay alert during the day by asking questions or noticing when needed. Lastly, keep track of your progress so they can better manage stress and increase productivity. 

Sincerely,
[Your Name] (https://www.find.com/news/2020/03/10/blog-wp-content/upload/2019/01/15/530)"""
lilygoulder/ar-en-intermediate-alpaca-english,Arabic,intermediate,B3,l2t,holiday,1.0,"""Hello! I'm here today to share my favorite holiday with you. It's really fun and inviting for everyone. What do you know? 
I want you to be a bit more proud of your upcoming holidays and bring out the best deals. I am sure that this is an amazing experience as it can give us a much better understanding of our world. 
My friend, Sophias, thank you for being part of the family, helping me build my heart and stay healthy throughout the year. Your friendship makes me feel inspired and appreciated by all who have you made up from you. Thank you again for having fun and appreciation for what I truly mean. 
I look forward to hearing from you soon. 
Sincerely,
[Name] 
[Your Name] 
Thank you so much for taking time to connect with friends and family around the world.  [Person] 
I hope you're looking forward to visiting you. 

Sincehitize us to those who love you.  [Hope] 

[Your Friend]
[Your Friends] 
You are so glad to join you in this special event. You'll never forget to join us. We can't wait to see you if you can get some help at first. 
Also remember to always be a great fit and we'll never forget the opportunity."""
lilygoulder/ar-en-intermediate-alpaca-english,Arabic,intermediate,C3,l2t,family,1.0,"""The article's focus on 'A single individual or small group of people who are willing to provide them with a financial solution that meets their needs and wants. For example, if you could use this information to help you find out what kind of advice you can do next, then get it right.

This blog post will discuss how you can make money through online resources such as booking, writing, and other forms of transportation, so that everyone can access the necessary information from anywhere with limited opportunities. It's also important to be mindful of all the different types of activities available in your community, including travel, entertainment, and entertainment. 

The article will also discuss ways to make more informed decisions by using social media platforms like Facebook, Twitter, Instagram, and YouTube. Additionally, it will discuss ways to stay focused and engaged while offering discounts, free shipping, and promotional offers.

Finally, I would suggest you share my opinion regarding our current situation when we disagree. Your views will be consistent and well-developed, as they bring us closer to understanding and support. 
Sincerely,
[Your Name] / Hi there! 
I'm sorry to hear about any comments or comments that might come from your past posts."""
lilygoulder/ar-en-intermediate-alpaca-english,Arabic,intermediate,A1,basic,hobbies,2.0,"""This blog post will be about a group of teenagers who are taking part in creative projects, such as painting or painting by their favorite artists, creating artwork that is unique and memorable. The article will discuss ideas from local cultures and topics related to art, music, technology, education, and culture. It will also include a section on visuals and video games, with sections on digital platforms such as television and mobile devices. Finally, it'll be interesting to hear about how the world has changed over time and how it was changing how we think about our lives. 

The article will provide readers with relevant information about events, stories, and more. For example, there will be a variety of articles discussing climate change and environmental impacts on marine life. This includes news from leading countries, political trends, and economic growth. 
 
This article will discuss some interesting facts about global warming, current weather patterns, and other factors that affect global temperatures. It will cover areas such as coastal erosion, ocean acidification, and biodiversity. The article could also explore key questions like how humans have changed around the world and what steps they take to reduce their carbon footprint. 
Answer: How did this podcast get started?

The post should begin with several important facts about climate change, including its effects on air quality and the importance of protecting human health. Here are some tips for getting started: 
1. Develop a plan of action: Establish energy efficient solutions to reduce"""
lilygoulder/ar-en-intermediate-alpaca-english,Arabic,intermediate,B1,basic,holiday,2.0,"""Dear Sophia, 

I am writing to send me a letter from my family and I will be in touch with you today. I can help you find the best food and drink at home or at school. You may also like to take some time for yourself to spend hours working out of business and having fun with your new life.

We hope that you have enough information about our holidays, and we'll get started!

Sincerely,
[Name] = [1,5,6,7],
[Person Name] / 5,7,8],
[Friend Name] + 5,9,10]
[Name], [2,13,15],
[Best Name] = [3,24],
[Garden Name] / 7,26,30].
[Name]: [5,26,29,34];
[Honey Name] / 6,25,33.]
[Gorden Name] = 8,25,34]; 
[Make note of all dates, including those which are now in the form of year - date] = [4,27,31];
[Listening note] / 2,29,40;
[Planning notes]"""
lilygoulder/ar-en-intermediate-alpaca-english,Arabic,intermediate,C1,basic,family,2.0,"""This article will discuss my family's questions on their own! How would you rate them? What are some of your biggest concerns with this issue? Are there any areas that need help finding ways to improve your quality of life while still helping us grow our future? Is there anything else I can do to help you get started?

I am writing to introduce it to everyone who has made significant contributions to your community and what kind of initiatives they offer. We hope you'll be able to make sure that all your ideas come alive and that we can provide a better understanding of how things work together in order to shape our lives. 

If you have any questions, please feel free to contact me if needed. Please let me know when possible and apologize for any inconvenience. If you have any other questions, please send them back to us.

Sincerely, 
[Your Name]
[Your Friendship]
[Name]
[Chatbot]
[Person Name]

James 
[Facebook],
[Dear Friend]

[Take care notifications when visiting the office].
[Address name]
[Added Name]"""
lilygoulder/ar-en-intermediate-alpaca-english,Arabic,intermediate,A2,mixed,hobbies,2.0,"""I would recommend visiting a local park or beach. The sun is shining, and the air is clear. The atmosphere is pleasant and inviting. The weather is sunny and the atmosphere is warm with a gentle breeze. There are plenty of outdoor activities such as cycling or camping. In addition, there are some great ways to get started on a trip. 

The city has lots of experiences and activities that I enjoy. You will be familiar with our culture, history, music, and other cultures. You may also want to join us or go for a walk around the city. To make sure you have the necessary tools, start by going for a few hours before reaching out for dinner. 
 
In addition, you may want to explore a nearby museum or art gallery to see its features and memories. Take up more space and visit some interesting places to find something new and exciting. Make sure to keep the city organized and enjoyable! 

I am so grateful for taking part in my stay on vacation. Your town offers many wonderful attractions and opportunities for those who need it. You'll get to know your local culture and bring them together. It's nice to have fun! 
  I feel like everyone knows their experience and appreciation for each person they've been looking forward to joining in and participating in the day."""
lilygoulder/ar-en-intermediate-alpaca-english,Arabic,intermediate,B2,mixed,holiday,2.0,"""Dear [Name],

I am writing to request a visit with my name. I was looking forward to hearing from you soon! Please don't hesitate to speak again or discuss any details that could be found in your description. 

Sincerely,
[Your Name] 

We hope you are visiting our website and have the opportunity to get started!

Thank you for listening.

Sign up for our latest newsletters. We look forward to coming back to you!

Show me a list of upcoming events that will bring you here.

Hi there! How do you think?
[Your name]

Find out what happened on this weekend. Come and see how many people went on this weekend! 

This is an exciting day! Today's world of things is full of surprises. It's an amazing time for everyone.

You're welcome to take part in my family and make sure you know who we are doing today.

Please send us some advice or resources that you can help you find our way to go home! 
If you've ever had any questions, please let us know if you're interested in taking an online course and having fun."""
lilygoulder/ar-en-intermediate-alpaca-english,Arabic,intermediate,C2,mixed,family,2.0,"""The majority of customers who are interested in research and researching your topic can be grateful to read your article. This includes information on how you will find relevant books, tips, facts and reviews, as well as details on what you're looking for, such as what topics might appear, what kinds of activities may be available, and any other possible solutions that need help with making a decision. 

Overall, it's important to thank everyone at all times to get started. There are many things you can do to make sure you've been successful in your research and study habits. Whether it's getting adequate restful sleep, eating nutritious meals, or taking time out to practice mindfulness, there are also some strategies you can use to stay focused and healthy. Additionally, don't give up! I'm glad you won't be able to take too much time off to learn new things from your studies and see if you can make an effort to improve your overall health and well-being. Thank them for being part of this project. 
And keep you motivated - try not just reading your blog and studying to create a positive experience. Take care of yourself by learning more about your health and helping others better understand their needs."""
lilygoulder/ar-en-intermediate-alpaca-english,Arabic,intermediate,A3,l2t,hobbies,2.0,"""In the afternoon, I'd like to take a picnic in my city. There is something special about this place and it's perfect to get started! Enjoy a delicious meal with some of our favorite dishes. You'll also enjoy the smells of freshly cut fruit. This recipe will help you stay healthy and on track. The atmosphere of this amazing outdoor life is so rich! #MindIllive #Sustainability #TheCirclesHypervisedPlanet #InvisibleFriendly #Campbellboarding #SpreadUp
This website offers a great way to explore different cultures around the world. It has been designed by Danielle D'Olsen-James who developed the idea of using the internet to connect with friends and family. With the right tools and resources available, you can find all sorts of ways to reach out to a large community or even meet new guests. The site provides a wide selection of relevant facts, articles, or activities that make up the best deals. As well as any experience, there are plenty of fun activities such as visiting museums, restaurants, etc. These include listening to music, taking pictures, and spending time together. 

We want everyone to come back home and feel connected to our community. We want to hear from you today!"""
lilygoulder/ar-en-intermediate-alpaca-english,Arabic,intermediate,B3,l2t,holiday,2.0,"""Dear Doctor, 

I am writing to request a appointment for my upcoming birthday this year. We are very grateful for our special gifts and we are pleased with the opportunity that we can bring back together. You will be happy and thankful for the decorations I gave them. Our friendship is full of love and kindness. Your name will always be known as Mary's Day and you will find hope in everything we offer! Thank you for your time and consideration.

Thank you for any additional time and consideration it's up to you again.

Sincerely,
[Name] 
[Name], 
[Please Note]

We hope you're interested in having our day coming back home. You'll definitely enjoy your time and make sure you get all your comfort in touch. Please let us know if there is anything else I'd like to help you. 

Thanks for your consideration,
[Your Name] 

Sally

[Your Friend]

(What was done by Sarah), 

Hopefully,
[Tomorrow],
[Your Family History]. 

It took the last minute to describe how she lived and worked together, but not before."""
lilygoulder/ar-en-intermediate-alpaca-english,Arabic,intermediate,C3,l2t,family,2.0,"""This article will discuss our topic of their own and how they are taking action to improve your story. The article will showcase why they can make decisions based on their perspectives and how they differ from them. It will also explain what people think about their experiences with their stories and the way they interact with each other. Finally, I would like to look at the issue that comes with it and consider some strategies to tackle it before making a decision. 

The article will be a great source of information about the community and its roles. It will provide resources and support, as well as helpful tips for parents who may not want to contribute to any questions or issues. It will give parents an overview of the situation and make sure everyone knows what happens when needed. It will help ensure that the audience is informed about what happened next.

We hope to get your opinion on this matter and see how we can help. We need to understand how we can respond to changing situations, and make sure all participants know they're feeling safe and honest. Thank you again for choosing our blog!

Sincerely,
[Your Name] - 
I am writing to support you so I'm always looking forward to having a good day."""
lilygoulder/ar-en-advanced-alpaca-english,Arabic,advanced,A1,basic,hobbies,1.0,"""I would love to take a tour of my local town before visiting this nearby park. The sun is shining, while the soundtrack on the sand is echoing like a warm breeze. The atmosphere is sunny with laughter, but the air is still cool with life. Everywhere you go, there are plenty of parks, picnics, and picnic places that will bring joy to everyone. There are plenty of outdoor activities such as jogging, camping, or strolls. Everyone has their own interests and they're all happy to stay together. If you don't have any questions about our area, please get out there! This is one thing that makes it a great place to explore! Enjoy something unique and fun! #WorkFriend #DigitalLiving #GoSide #Action #Inauguration #GrandOfNights #Education #SocialPlanets #Care #HappyTown #Sparkling_Bridge #Explore #Memories #BeautyLearning #TakeUp #Jobs #Operator #Skills #SummerKindleDay #Spread

The city's attractions are stunning and its beauty is also a wonderful sight to behold. In recent years, we've seen the vibrant landscape and numerous breathtaking views. It's often filled with wonderland, with colorful gardens and parks. 

For those looking for"""
lilygoulder/ar-en-advanced-alpaca-english,Arabic,advanced,B1,basic,holiday,1.0,"I recently visited my favorite holiday last week! We are enjoying a special day in the city and we've had some great memories that will bring us all together forever. My name is Sarah who loves to explore and learn new things around our world! 

I'm grateful for all of you from all over the world and how much it really helps me today. You can join us today and make sure you don't forget what you're doing so far. 

Take care,
[Your Name]
[Your Email]

We all have a lot of love, and every year they're dedicated to helping others. Thank you for everything! 
Thank you again for making time to get started. Your contribution to the community is clear and inspiring, and it's all worth it! 
 
[Your name]
[My Name]

[Your Family]

Sincerely, 
[Young People]
[Our Name]
Giving everyone a gift for their beloved family. Everywhere you go, you can see them here, you'll be happy to share with us all. 
[Best Friend]

Oh,
[The Story]"
lilygoulder/ar-en-advanced-alpaca-english,Arabic,advanced,C1,basic,family,1.0,"""When discussing this issue, I would like to hear from you regarding it! My opinion was that there are lots of people who can make a difference in their lives. It's up to you to find out what the current situation has been and why so many people around you want to be involved. Additionally, having a good understanding of the world around me could help build trust between my family and friends. Whether it's going to school, work, or play games, it may also provide great support for those in need. 

The issue of 'Big Family or Small family' is one that needs to be addressed before any decision. Many experts believe that investing in the technology and technologies used to create new products and services will lead to more efficient processes. This means making sure that businesses that do not rely on existing technology and technologies are able to get away with them quickly. By following these tips, we can ensure that everyone gets their ideas heard and that they remain focused on achieving our goals. 
We all know that together they can lead to better outcomes for generations to come. We must take risks and think beyond the boundaries of how we interact with each other and make use of technology in order to stay connected and prosperous."""
lilygoulder/ar-en-advanced-alpaca-english,Arabic,advanced,A2,mixed,hobbies,1.0,"""You can join a local community for a variety of activities. Visit my local museum, see some nearby restaurants and get lots of fun experiences. For those who want more entertainment or travel time, you could join a scavenger hunt or try a virtual scavenger hunt! Additionally, they can find food that is easy to eat, such as vegetables or fish, and make sure to shop at all times - it's great to have plenty of time with friends and family. You may also be interested in visiting museums, libraries, art galleries, and other locations throughout the year. Lastly, don't miss out on the local cuisine and enjoy the beauty of nature - this will help them become better guests than ever before. 

If you are looking for something new about your area, consider taking a break from our local culture - cooking, cooking, and having a picnic experience. Make sure to check out our local dishes regularly, so we know that you're getting ready to explore and learn some things today. If you're looking for something special, I would love to ask you what it means to go green. 
 
I am here to share some tips to stay healthy and grow healthy - try eating healthy, fresh fruits and vegetables with vegetables, herbs, and whole grains, if possible, and limit sugary drinks. 
  
Sincerely, 
[Follow-up]"""
lilygoulder/ar-en-advanced-alpaca-english,Arabic,advanced,B2,mixed,holiday,1.0,"""Dear Mother [Name], 

I am writing to express my sincere gratitude for the past weekend's birthday. I have been a little busy lately and I'm excited to announce that it was something special for me. The time was spent sharing stories from all over the world with friends and family. But now I can't wait too much to get back. 

Thank you again for your consideration. 
[Your Name] | 
It's nice to see how our day-to-day lives will be filled with joy and delight. Your name is [name]. It's a wonderful place to go and explore. You are so glad you got there! 

Sincerely, 
[Name] |  [Name] |
We have [email] of us in [submit] for [date], [date]. We accept [time]. [Greetings] |  

Alice, [Name] is a great way to celebrate my birthday. You're thankful for having everyone else's favorite memories together.

Send me a call from [email] or [h1>
[Your Email] 
[Host] [Header] |  <html>"""
lilygoulder/ar-en-advanced-alpaca-english,Arabic,advanced,C2,mixed,family,1.0,"""My opinion on the issue of 'big families and small families' is that 'furthermore, they are not necessarily more important than small families. They both require little effort to live in their home, but they also need resources to support them."" 

My opinion is that 'big households' tend to be less productive when it comes to creating jobs and making money by using technology such as virtual assistants and online chatbot tools. Furthermore, some large-scale businesses may lack access to technology such as mobile apps and digital media, while other small-scale companies may be unable to afford these services. The biggest challenge we face is that these individuals often don't have any space to do anything together; there's always something else - no matter how hard work is available!

I disagree with my conclusion and I think that too much can be done without the potential for bias or distraction from our minds. If we cannot prove this, then our decision is not only about taking risks and setting up better relationships with one another. We must all take responsibility and make sure that each individual has the same needs and wishes. It's because everyone is capable of getting ahead and exploring new places, and we must strive to achieve success over time."""
lilygoulder/ar-en-advanced-alpaca-english,Arabic,advanced,A3,l2t,hobbies,1.0,"""Today, I'm here to get some fun with my community. From attending a local event or going on a bike ride, this is great opportunity! Visit our online store and find a variety of activities that we are doing well. For example, visiting our local restaurants or taking out a hike, make sure to check out our special offers from friends. Let's all work together to bring the message that we're enjoying each day and learn about it! 

Find everything you need today? Get ready to go. Have fun with us every week! Enjoy your music, watch TV shows, and even try some new books. You can also explore other places to share ideas and experiences such as virtual tournaments, art galleries, or travel. Finally, start a virtual scavenger hunt or participate in games like yoga or swimming. It's definitely worth it if you have any questions about your surroundings or something else you'd like to know about.

Without having enough time and effort, everyone is welcome and satisfied with their journey. Try something new, showcase yourself with something unique, and stay focused on your journey. With this information, you'll be more likely to find that you're feeling connected to your community or help others."""
lilygoulder/ar-en-advanced-alpaca-english,Arabic,advanced,B3,l2t,holiday,1.0,"""Sophia is a popular guest blogger who loves cooking and writing for the latest cuisine trends. She's also known for her newest cookbook ""Happy Meal"" by Leonardo da Vinci, which tells how she loved to dinner together with family. 

Her friends are excited to hear stories of their favorite pastime or visiting a local restaurant. Her friend gives them a chance to join him on a trip to the city at night and share their experiences with others around town. She often offers her advice on topics such as family history, food habits, lifestyle, and more. 
My friendship always goes back to my beloved ones. Everywhere we go, our friends will be grateful for their special day and the joy they bring. This is why Sophia is so passionate about his newfound love for food and art. 
And when she comes home from school, she's sure it's time to talk to me! From there, she'll stay up to date with us all over the world - no matter where we're looking. 
Forget through this amazing journey! I'm here today! With us! What can I do?
[Please don't hesitate to contact us again] 
Sincerely, 
[Your Name]"""
lilygoulder/ar-en-advanced-alpaca-english,Arabic,advanced,C3,l2t,family,1.0,"""Qatar! A great way to learn more about our area of science and math is through books and videos that will help them find new places and connect with their peers. Qatar offers educational activities such as reading, writing and drawing, as well as engaging students who can explore different topics from all over the world. Additionally, Qatar also offers entertainment such as yoga classes and other fun activities like kayaking. This makes it easy to get involved in a wide range of industries and provides many opportunities to share ideas and collaborate with others. With this opportunity, Qatar has become an exciting and memorable place to join and be part of the world. 

You can read and write about anything they've learned recently by looking at your stories and experiences, then even see what you need to know about yourself. If you're not sure, try reading one book beforehand and practice mindful listening to another person's story together. Get ready to go on an adventure, make eye contact with each other, and take turns exploring the world around you. By studying and developing your own minds, Qatar can provide valuable insight into the world around us and the environment. It's a good idea to keep going and stay up-to-date on news, events, and events!"""
lilygoulder/ar-en-advanced-alpaca-english,Arabic,advanced,A1,basic,hobbies,2.0,"""Recently, I had a wonderful day in my town with friends. Everywhere we went, there were beautiful restaurants and shops that could be enjoyed today. From shopping through restaurants to eating locally produced meals, we would also have some great memories of our time. For those who wanted something new, we would love to share it all around the world and join us! #Business #Planets #Spread

I'm looking forward to hearing from you soon! Thank you for being able to join me on any issues or events that may arise. #Chicago #Sunshine #Wake #Friendly

You are welcome to get started and enjoy your vacation, as well as being here for everyone else. Whether you're interested in exploring nature or enjoying the unique outdoors, you'll always want to go back and explore the beauty of this place. You won't have to worry about anything - you can stay up to date with our amazing experiences! #TakeAwareness #LivingUp

We've been working hard and feeling proud of your surroundings! We hope you will never forget what makes you special and how much you appreciate the joy they provide. #EndlessLife #Inventure"""
lilygoulder/ar-en-advanced-alpaca-english,Arabic,advanced,B1,basic,holiday,2.0,"""Sophia is a member of the United Nations World Food Programme and has sent me a message to her at the world's first international meeting. She is a great example of how she can help us understand our needs and concerns, as well as inspiring people in all walks of life. 

Thank you for visiting us today! We are proud to be here for everyone involved and we appreciate your time and joy. Get ready for this new day - even if it's just a fun and creative experience. 
Sincerely, 
[Your Name] 
[Name] 
We will take the journey together, one by two and one by four. Our mission is to bring peace and harmony to all living things, from food to entertainment. [Your Name] is part of our mission to celebrate the achievements and contributions of those who have made significant progress towards our planet. 
Our goal is to create a more equitable society with greater access to food, health care and healthcare, so that we can stay safe and secure throughout our lives. 
We look forward to hearing from you soon. 
Find out what we want to do next.
[Your Email] 

[Your Friend]"""
lilygoulder/ar-en-advanced-alpaca-english,Arabic,advanced,C1,basic,family,2.0,"""What are some of my favorite stories? 
Anyone who has a great idea - always asking questions to keep coming back. They're incredibly entertaining! How can I help you today? 

I would recommend this story to anyone looking at your neighborhood. It is full of laughter and joy that will come with it in its own way. The love and support you need is very great! Please let me know if there's anything else I can do to get started.

If you're interested in learning more about our community, contact us on twitter or emails to make sure you'll be happy and respected! We look forward to hearing from you soon! This is just one thing we can do!

Sincerely, 
[Your Name]
[Your Own Name]
Cite [Your Name] 
We hope you've won the Nobel Prize!
[Your Life]
[Our Family]
[Youngest Name]

[Your Parent]
[Friend]
[Please Sign Up for Best Questions]

Trustworthy [Company Name]
If you don't have any questions, please don't hesitate to call us again."""
lilygoulder/ar-en-advanced-alpaca-english,Arabic,advanced,A2,mixed,hobbies,2.0,"""I recently visited the town of La Sagrada, a beautiful city that is home to numerous wildlife. The city has been experiencing a number of events and many restaurants have seen a vibrant atmosphere with its beauty and culture. It is also one of the most memorable places in the world for visitors! It's also one of my favorite attractions - there are plenty of fun activities from nature to relaxing beaches and bars. 
I'm grateful for visiting La Sagland, which offers an incredible experience. It's perfect for everyone looking back at the locals' experiences. With this amazing day-to-day life, it's not only the place we want to explore but also our community needs a lot of resources as well.

Sincerely,
[Flowers]
[Flower]
[Customer]
[Purchase]
[Address]
[Teacher/Professional], [Company Name]
[Organization Name]

We all need to go about our lives and try something new every day. We must look up some tips and advice on how to get started. Let's make sure that everyone knows what happens next or why we'll be doing right now."""
lilygoulder/ar-en-advanced-alpaca-english,Arabic,advanced,B2,mixed,holiday,2.0,"""Dear [Name], 

I am writing to request my new birthday. I'm pleased that this is the best time for me and I'm now looking forward to hearing from you soon. This year, I have been working on a project in order to get started. It's really amazing how much you can do together today! 

Sincerely, 
[Your Name]
[Your name]

I hope you're doing well and with your help. Your last words are: [My Name] and [Your Name]. You'll be happy to announce you all about your upcoming trip.

Thank you for sharing this information and having fun. 

Take care of yourself.

Sounds great about what kind of work you've made at [Company], 
It's always easy to learn and grow.

You know, it's not just about getting started yet.

Best wishes! I will make sure you get some time to start working out.

Also, it's about [Forms] and [Apple]. What was your first visit?

First, I want to set up a website that allows people to find places they were visiting.

Second, I wanted to contact you directly if you'd like to go shopping or spending time with them. 
 Lastly, I would love to read the book and any other books you'd like."""
lilygoulder/ar-en-advanced-alpaca-english,Arabic,advanced,C2,mixed,family,2.0,"""A good idea to hold a race of articles on your own would be to get some points of support and share them with others. This could involve joining a charity club or visiting an online community center. Additionally, you could also offer free trial fees or special offers to those who can help you find someone in need. 

You may also want to discuss your research and ideas if needed. If possible, contact us if necessary. Make sure to stay up-to-date on any relevant information beforehand so that we can better understand our situation and make more informed decisions. 
For further assistance, contact me when needed. Please do not hesitate to join us. Your name might be yours. We'll take care of all of your conversations and try to make it easier to express ourselves clearly. Enjoy your opinion on the matter! It's important to thank you for being part of the team and give yourself feedback - always look forward to hearing from you.

We hope this article will never change. I'm excited to announce that you are taking the time to read the paper! Thank you for reading it!

Thank you for completing our competition. We're happy to hear from you! Your contribution to the discussion is invaluable as well."""
lilygoulder/ar-en-advanced-alpaca-english,Arabic,advanced,A3,l2t,hobbies,2.0,"I am looking forward to hearing from you soon! We are currently celebrating the latest events and ideas we have made, so it's time to join us on our own. Let's all be proud of this opportunity and make sure everyone has a positive outlook about our community. #Vegetation #SocialLiving #DigitalLiving #Care #Sustainability #Work/MentalChange #Focus #Education #Football #BeforePlanetwork #Skillship #TakeAction #GrandBridge #Daylight #GoalsRights+Fashion #Inspiration #Adventurement #SmartHome #OverviewFriendly #EnjoyGettingSafe #SpreadingSign up #HealthyLife #Nature #StayClimateChange #HappyFriendly  #ExploreTheFuture #InspiringCities #Knowledge #InsertCare #Video #MachineLearning #BeautySparkle #It'sOpinion #CreateWeekdaySkyCare #ExperienceUpdate #WeekHome"
lilygoulder/ar-en-advanced-alpaca-english,Arabic,advanced,B3,l2t,holiday,2.0,"""Dear Sophia, 

I recently visited my previous birthday party and I had a great time visiting the local museum for some of my favorite holidays. I was delighted that it was truly amazing! It took me more than two weeks to get up and down as soon as we got started with our first trip. It also opened up new possibilities, like the Great Barrier Reef or the Galapagos Islands. We were amazed at the stunning views of nature and the breathtaking views of nature. 

We spent the day cleaning the beach and taking the look around, exploring different places from all over the world. The sun shone brightly across the ocean and the air was warm and peaceful. The atmosphere was beautiful and tranquil. We filled the night with fun activities such as swimming, kayaking, fishing, fishing, and playing cards. We packed out food and drinks and enjoyed enjoying the delicious food and drinks. 
 
We were sure to enjoy this special event together. Let's make it happen again today - take a moment to appreciate the beauty of life and the unique gifts you've made. 
Finally, let us know if there is anything else we can do to help create a lasting friendship, a lasting relationship between family, friends, and children."""
lilygoulder/ar-en-advanced-alpaca-english,Arabic,advanced,C3,l2t,family,2.0,"""This blog will be an excellent book that showscase my own views on the issue of Big Family. It will showcase my favorite books and movies. You can also read more about the struggles of Big Family members than any other! What do you like to see? Have a great day! #bigfamily #givena #fun #farming #newfinding #movie #polytheory #chocolate #coccer #try/dash

You could also try adding some fun facts about the topic to your blog post. You may even want to review it with experts in the field before heading out. How often do you go about making something interesting or exciting by reading this blog? 

What tips would you give me to help you stay focused on the main points? I've got plenty of advice regarding the latest trends and opportunities that make up everything. 

First, keep in mind your stories and comments. Make sure to consider them when discussing new topics. Make sure you're getting adequate information from all around the world. Additionally, remember to take care of yourself while they are studying. This will help you reach your goals quickly and effectively.

Secondly, set realistic expectations for each of these things. Set realistic deadlines and think logically beforehand as much as possible. This will enable you to focus on the most important parts of your life and gain access to resources that are relevant to your interests."""
RA-ALTA/es-en-beginner-alpaca-english,Spanish,beginner,A1,basic,hobbies,2.0,"- Get started on a few simple things!- Take advantage of friends, family and friends! - Go for a hike or bike ride by the city park or nearby parks.- Take a walk or go fishing party at the beach.- Get plenty of sleep with family and friends.- Spend time watching movies in the area or enjoying outdoor activities such as skateboards and beachbaths.- Avoid taking the bus ride by bike and avoid driving.- Look up online or downloading apps from other sources like Twitter or Instagram.- Eat a healthy diet, including fruits and vegetables.- Drink some water, drinks, and snacks at the beach to get plenty of sleep.- Exercise regularly and enjoy the outdoors!- Visit local restaurants or host a movie night skyline.- Have a picnic at the beach before visiting a movie or museum.- Take breaks throughout the day to relax and make it easier to stay warm.- Make sure to have a plan of action plans.- Use a bookshelf and reward yourself for the upcoming dinner.- Do something special about yourself.- Find ways to keep your mind organized and mindful.- Consider buying items when they are not available.- Create a timeline for yourself to remember.- Set boundaries and limit distractions.- Plan out the most important tasks that need to be completed during the day.- Listen to music or video shows.- Look for discounts and rewards.- Try to set realistic goals when needed"
RA-ALTA/es-en-beginner-alpaca-english,Spanish,beginner,B1,basic,holiday,2.0,"? Please share this information with your friends and family! I am so happy that I can help you find the latest news and memories in my life today! We are here for us! Sincerely, [Your Name] [Your Email Here] [ Your Name] Sincerally,[Your Name Here] You are grateful for your gratitude for all of our special events. Thank you. You are a great place to relax, take time out from home, enjoy your delicious meals and drinks, and be kind to you.Sincerely and[Your Name]) This is a reminder that we never have any chance to remember your past birthday tomorrow. We must always make a positive contribution to our lives and thank you for making it a priority.Thank you for your time and effort to stay together.[Your Name]: [Your Link] Sinperry, [your Name] We believe that you need to sign up for our current birthday. We will keep going forward with your new birthday and thank you as you know.[Your Friends], [Your Family] [The Daylight] Sinisterious comments [Your Account] [My Name] If you were looking for something new, [My name] You would like to read our blog posts and let me know if it was possible or not. This should help you understand how you're doing well.[Your Story"
RA-ALTA/es-en-beginner-alpaca-english,Spanish,beginner,C1,basic,family,2.0,". How can I help my community? Because it's important to understand that you are looking for information on current events that will happen in their own home. Ask questions when they need more knowledge and advice from people who want them to go through the issue. Have some time to discuss the issue before making sure all of these ideas come true. Make sure to read all relevant information and make sure everyone else has the resources and resources needed. Finally, take advantage of online forums like Facebook, Twitter, Instagram, and social media platforms. If so, don't hesitate to join us as soon as possible. So be aware of our current situation today! #BigFacts #HealthySense #Bigfamily #LifeLife #Technology #SocialDay #Innovation #Organizational__#Awareness #BridgeLife #Creativity #TakeVeganForce  #Education #Insertion #Insertions #Adoptions #Insertive_Sustainability #Endangered #StayTheChange #Conservation #Economy #HeadingMindfulness #Recycling #ClimateNutritories #Rainforestry #Column/Warming #Protection #IncreasingUnite"
RA-ALTA/es-en-beginner-alpaca-english,Spanish,beginner,A2,mixed,hobbies,2.0,"on Wikipedia ""Their day was filled with joy and joy, but I felt like we could not get out of it."" - Christopher Dreyfus ""It's been a long time that wasn't just about taking part in our everyday lives. We had to go for a walk around the town and get into the neighborhood. But what did we learn from this experience?"" - John Smith ""I don't know who is there!""  John Smith  ""Thank you for doing something that can make me feel full of love."" - Steve Jobs ""We can help all our families stay safe during winter months and find ways to reduce stress."" - Justin Timberlake ""Our village has come up early tomorrow to celebrate the importance of air pollution, water, and environmentalism. It's going to be more and more important than ever before."" - Stephen Curie ""To protect our environment and our planet, it's important to have clean energy sources such as solar and wind power. We need some of these resources to bring us closer together. Let's ensure that we are working together at least once every night. Our actions will benefit everyone, and if we don't go back home, we can end the cycle."" - John Smith"
RA-ALTA/es-en-beginner-alpaca-english,Spanish,beginner,B2,mixed,holiday,2.0,"! She's always looking for a new vacation in the future and a wonderful summer day! Your friends are great at having a nice time with your family and friends. Her plans can be quite fun and have many memories that she'll never forget.Sincerely, Your Friendly Friendly NameThis is my latest blog on travel, exploring the world around you. We love visiting the amazing attractions of our local area and enjoying the beauty of nature. Get ready for the weekend and go for a walk together. Thank you for your consideration! Let me know if we need help or support from any other people who may not be able to get along. Thank you for being part of this life! Make sure you are taking care of your time - it's important to take some time off and spend the day working with others in order to stay safe. You could also work hard to keep up with the latest trends in travel, such as the best route available, camping, and even more. Don't wait for yourself to explore these places. Sometimes you will miss out on your own. When I'm feeling content with a trip, it's like going through a lot of activities, so make sure you enjoy the chance. It's okay to put some extra effort into the adventure and do something that would otherwise be difficult to find. Thanks for all the opportunity to learn new cultures, and it was always worth it. With no worries and worries, you'"
RA-ALTA/es-en-beginner-alpaca-english,Spanish,beginner,C2,mixed,family,2.0,"This article will discuss topics related to your parents and their relationship with each other's opinions. It would also look at what you believe in the most important thing you are looking for as well. The articles will showcase how much your families are able to handle the same problem-solving process that they've been trying to do online today. Additionally, it might be helpful to review your current experiences and make sure to track your progress in order to get your best results. Finally, it could be helpful to set up an online community where everyone has access to basic information and resources online. Finally, this article may provide tips on how to build relationships by providing advice and support. This can help people stay connected to the wider world around them. Whether you're interested in learning more about your past life, having a healthy lifestyle, or taking advantage of something new or exciting. As long as you'll find yourself in one place, we'll appreciate your love and appreciation. Your news and stories will be inspiring. You must also offer some kind of content that you can share and share. If you don't want to know anything from my life, please tell me what I'm feeling. You can start out exploring and researching our culture, explore new cultures, and develop new perspectives on how to use our own interests and beliefs. So, here are some things you need to keep going!"
RA-ALTA/es-en-beginner-alpaca-english,Spanish,beginner,A3,l2t,hobbies,2.0,"- Welcome to our city! We are a great place to start with adventure, explore places, and enjoy it all! #ComeWalklife #JoyBooks #HappyAttacks #Viajar #Education #Site #TakeSoothing #Maintenance #Fruits & Vegetables #InspiringEmail: [Name] - Welcome home. Have a picnic at a nearby park or beach. If you have any other ideas, please contact us via email. You'll be able to get started on the day of your trip by visiting the area around you. You will find that you're going to visit some of our most beautiful cities and places. Enjoy your vacation time and go for a few moments together. Once you've visited the city, there's something special about you. Start by taking a look at the wonderful architecture and attractions, as well as having a map out of our fascinating sites. Our destinations range from hotels and museums to famous landmarks such as the Metropolitan Museum of Natural History. We hope you'll be here today and we'll make sure you get to know what you are looking for! Thank you for your time and effort. Get ready for the next week!"
RA-ALTA/es-en-beginner-alpaca-english,Spanish,beginner,B3,l2t,holiday,2.0,"! She's a great day to share your favorite holidays with family and friends. Her name is Marie Curie, and she will be the best of all my love for her. The date of her birthday is April 15th - May 20th - the same time as you would get there! Thank you. Thank you for your time. You're glad you'll do your part in this exciting year!Sincerely,[Name]The following is a good story. My friend is always looking forward to the latest events I've been taking into account. Your interest in nature and life can never be denied.[My Name]Our family is always looking back at me, staying up-to-date with our new memories. Your amazing stories, activities, and more! Let's take your moment and be proud of your special day! Let us keep going! #FarmingWaste #Badlife #AwesomeLife #EventuallyLivingShowing #Memories #Take OurSaveDreams. You'll go here today! [https://www.tshauliface.com/imgurstaff.jpg?topic=159&qplit=2&hash=0&hash+1]."
RA-ALTA/es-en-beginner-alpaca-english,Spanish,beginner,C3,l2t,family,2.0,"! Today I will discuss the issue of climate change. We are talking about how we can help to reduce our carbon footprint and create more sustainable energy sources that could be used for a larger range of reasons. In addition, we are focusing on increasing emissions from fossil fuels such as coal and oil into renewable resources like solar panels. Additionally, we focus on reducing energy consumption by investing in renewable energy sources, and encouraging people to use their own technology in ways that would otherwise be impossible. Finally, we want to make sure to educate others on the importance of taking action now. Thank you! Get your feedback delivered today! We hope you're doing well with your opinion! Have you been working hard to get out of it? Here's what you've learned about climate change! #ClimateWaves #Species #Organizational #Lifestyle #Diversity #Sustainability #Biodegradable #Conservation #Creativity #DevelopmentInvestingFarmerial #VoiceOurComputeries #WaterPods #AgeEnvironmentalFriendlyEmpowerments #ProtectionUserResources #ClimateMemories #GreenForGoals #HealthyLife #SmartupReduced"
RA-ALTA/es-en-intermediate-alpaca-english,Spanish,intermediate,A1,basic,hobbies,1.0,"I want a friend to visit my family's city, a place that I have been able to find so far! The beauty of nature is so great, as it has its own unique atmosphere and culture. It is always here to stay and explore all the attractions. Everywhere I go, there are many fun opportunities to spend with friends, family, and even in the community. I look forward to hearing from you soon! #MondayLiving #StayStyleStyle #MakeAway #MachineLife #Fitnesses#MakingOutdoor #WednesdayDay #Creativity #Beauty #VictoryRiversion #Education #Information #Sustainability #Staysafe #VictorialChange #Adventure #HappyBudding #StayDay #EnjoyfulTourage #NeverGiveEight #HomeSkypeePeaceful #CaregivingCustomerCare #PassionateGoodShowItTips #ExploreTheThingsLinksForums #GetThanks #KidsandLearning #Imagination #LetLifeUsing #ArtificialTime #EndlessTechnology"
RA-ALTA/es-en-intermediate-alpaca-english,Spanish,intermediate,B1,basic,holiday,1.0,"Sincerely,[Name], We know that our memories are here for you! We all want to be happy and thankful for the day we celebrate. We appreciate your special time and joy in our family's days.Thank you for your time and love for this great Christmas season. Thank you for your sincere message,[Name] for your commitment.Thanks for your gratitude. Your name is Sarah, and I hope you won't miss any of your wonderful moments.Sincerely for me,[Your Name]{[Your Name][Your Name] {    ""My Name"" or ""Memory""};  ""Happy Birthday"" + ""Making a Happy Life with Your Mother"". Sincerely also [Your Name], [Your name] [Your Email] [your Name] [You may receive emails from other friends]. Sincerly,[Your Email][Your Name]] = [Your Name](https://www.my-wishlist.com/);  } }[Your Name].[Your Name?]) [Your Contact form is required] Incorrective email address [Your email address is not currently valid.] Sincerally,[Your name is not currently known] Sincerily,[Your Contact Form]"
RA-ALTA/es-en-intermediate-alpaca-english,Spanish,intermediate,C1,basic,family,1.0,"/victory/somewhere/in-the-world-of-node-wish-family-things I am writing to explain my own opinion on the issue of Big Family or small family. I believe that this type of topic has been used in many different fields. Some of these topics are focused on the importance of social interaction, such as personalization and family support. Additionally, it can be used to provide valuable advice and guidance from friends and family members who need assistance. Finally, if we can help our community get better, it is important to take care of both ourselves and their families. It's also essential that we understand how we think about what people think and feel about it. We should also be aware of our own opinions and beliefs, as well as the potential consequences of them. By having a positive attitude towards our children, we can make meaningful changes in our lives. So let's all work together and make sure that we know what we want! With the right tools and resources, you won't lose your trust. This will lead us to more happy and prosperous lives. Let's do something we enjoy every day! #Awareness #Focus #HandsMyPlate #IndoorTraining #SelfCare"
RA-ALTA/es-en-intermediate-alpaca-english,Spanish,intermediate,A2,mixed,hobbies,1.0,"https://www.marcasinserve.com/noticia-de-canada-en-nueva-arena-jorna-in-urbania/$1200/forbesides/to make a list of things you would like to do if you had never been before:1. Visit a local museum or cultural museum.2. Go for a hike and explore a nearby area.3. Take a boat ride.4. Make a trip around a place you have not seen before.5. Have some fun walks together.6. Spend time with family and friends.7. Find a spot on the beach.8. Take a hike outside the park.9. Get to know someone you're interested in studying.10. Try something new - a place that is unique!11. Have a game night at a restaurant.12. Take a stroll at a nearby park.13. Learn about your past habits.15. Explore a movie night.16. Tell a story - a great way to share ideas.17. Go to a movie party.18. Watch movies, movies and more.19. Spend a few days visiting a movie.18. Read a book - a library or online book.19. Set up a good time by reading a book.20. Get ready for summer vacation."
RA-ALTA/es-en-intermediate-alpaca-english,Spanish,intermediate,B2,mixed,holiday,1.0,"Alex, she's my friend, and I am here today to celebrate your birthday! Your vacation is filled with amazing memories, joyous experiences, and the perfect time for all of us to stay together. Saturday, April 25th at 8amBell me up soon on a special day! She's just starting off on an adventure, so let's get there on it! My love comes from the warmth of summer months, and the feeling of being surrounded by some kind emotion can be wonderful. Mary was always in awe of the beauty of nature, and so she had to explore the world around her. She wanted to take care of herself and find out what makes a big difference. She spent hours exploring the world, taking on new things, and learning more about yourself. With each step, she was able to learn new concepts and new ideas in order to make a meaningful change. Thursday, August 22nd at 9pmThe sun went through her night sky, looking at its light, and then she stumbled upon a beautiful lake. The ocean was filled with endless clouds, lush green trees, and vibrant green plants. And now the darkness rose, she found the way home to her friends. We were so glad that we would never forget what happened next, but once again, we were able to find out our way back home.We went on their journey, exploring the world every moment, finding joy and understanding."
RA-ALTA/es-en-intermediate-alpaca-english,Spanish,intermediate,C2,mixed,family,1.0,"""The Big Family"" is an excellent article on your grandparents' struggles with the issue of raising their children. It's been written and edited by a friend in my native country who is struggling to find any answers to questions that I can't answer. ""When the Big Brothers go Home"" is an incredible work of art. The title of the story is ""The Big Families"". This classic book tells the stories of the brave young girl named Sarah, who is facing a difficult situation when she needs to make her dreams come true. It also provides a great overview of how life has changed over time and how it can be achieved if we can take steps forward. It's also clear why it works so hard to put the facts down. It's one of the most valuable books ever written and I'm glad to hear from you today! #WinterStyle #Innovation #DigitalEducation #Technology #BridgeCities #LifeElection #StayDoctor #VeterinaryNumber/Software #Future_Privacy #RenewableEnergy #BeforeInstagram #TechCareer #Economy #AdventureCreatingInvestment #Recommunity"
RA-ALTA/es-en-intermediate-alpaca-english,Spanish,intermediate,A3,l2t,hobbies,1.0,". Personally, I'm looking forward to exploring the local area! We are going to explore some of our favorite restaurants on the evening, such as La Casa de la Mar, Cucumbers, Piazza, etc. Our food is packed with delicious tapas, refreshing drinks, and a variety of healthy snacks. So make sure to get the most out of my trip today and have fun! Send me some photos or videos that will help you stay up-to-date with more about your surroundings. Take time to review them before you go outside and try something new every day. Enjoy! Furthermore, if you're having any questions about this topic please let us know!Sincerely, [Name] [Company Name] [Telefono] [No Name]  [Registration Name] Thank you so much for being there. You look back soon![No Name]. This is your homepage.</noin>   [Your name] is here. Please check it out and find all your details.[Name]     [Submit the information]   [Teacher's Guide]   (https://www.mypages.com/imgur7jp8k3f9aqw8b4fmd2a.jpg)"
RA-ALTA/es-en-intermediate-alpaca-english,Spanish,intermediate,B3,l2t,holiday,1.0,"She's a great day! I'm excited to meet you soon and enjoy the delicious food. She always looks forward to making a few of my favorite dishes. Enjoy! Friendship, the perfect way to make a big dinner at home! Get ready today and bring out all sorts of tasty ingredients together. Have a great time and come back with fresh fruits and vegetables! Frosty, the perfect place for friends to join us every month. You'll be happy to hear that you can get some fun in the morning and enjoy our new cuisine! For those looking to stay up to date with the latest news from the holidays, look here! Let's keep you feeling better, and remember to never forget to take a break when it comes to preparing a dinner or just eating something healthy. Sincerely, Let me know if you're feeling good in the end! Thank you for taking your time and bringing out some delicious recipes! Save Your Name! What is your favorite dish? Email us on Facebook Have you ever thought we had a special time? I'd like to thank you for visiting the local city! I'm so glad to see you soon. Like many other memories, this weekend I've been doing something wonderful!"
RA-ALTA/es-en-intermediate-alpaca-english,Spanish,intermediate,C3,l2t,family,1.0,"as a popular opinion. I would recommend it to anyone looking for a new perspective on this topic. It's an excellent way to reach out to those who are interested in learning from their past experiences. Thank you for taking time and consideration! Sincerely, [Name] You can use my blog to make a difference. Please don't hesitate to contact me if you need help.Sincerely no matter what, there are many different opinions about the issue of Big Family. Your comments will be appreciated. Sincerally,[Your Name] Thank you for your time. [Your Name]  Sincerely notifications.[Your Name],[Your Name][Your Name](https://www.mythname.com/wikihow/index.php?option=i&isb1-web_id=324733) Sincerly,[Your name]  Sinisterly,[your Name]  Nounknown_name]  Sin_words = 'Big_family',[Your Name]]} Sincerously,[Your Email].Sincerely Nounworth.</div> Sincerily,[Your Visit]  Sinterfly</div>"
RA-ALTA/es-en-intermediate-alpaca-english,Spanish,intermediate,A1,basic,hobbies,2.0,"""The Town's Adventure: Exploring the Experience of Our Town"" by David Zieve, co-founder of The Town's Adventure Club. Flowers: Going on a hike along the coast with friends, family, and neighbors, taking pictures and playing sports like golfing or swimming.Hiking: Walking, running, exploring the countryside.Take a walk at the park and enjoy a fun experience that's truly wonderful! Creativity: Take a few minutes to explore our towns' history and culture, then bring some interesting experiences like visiting nearby restaurants and shopping.Times: Go fishing, kayaking, surfing, and walking, and explore the city's parks. Giving: Visit the city's museums and museums, visit historic sites, and learn about local cuisine. Sales: Visit a museum, discover new places, and come up with a great way to get around. Explore the attractions of nature and travel to their destinations. Voices: Take a bike ride together, explore the ancient temples, and explore a world of adventure.Pasth - Have a picnic at the beach or take a camping trip.Times 1: Enjoy the beautiful views of the ocean and view the vibrant beaches."
RA-ALTA/es-en-intermediate-alpaca-english,Spanish,intermediate,B1,basic,holiday,2.0,"@LoveSummerDreams/WinterLife #MommyFriendly Courage Chorus Coleman Navigate Forever Isabella Take care of your family's pastimes? We're here today! Join us for a new day in our daily lives and celebrate the joy we bring. Our friends are always looking forward to taking part in the celebration of their special holiday. Our memories come from all around the world and is always filled with fun activities that can make life more enjoyable. Let's take pride in the beauty and culture of our planet so that we can stay alive forever. We know it will be the perfect time to spend with us, to share ideas and make memories together. We should also remember to look up at some interesting facts and events, such as where the sun is going and what its impacts may have been.Let's go back to this amazing moment and find out how we feel about ourselves and our future. Please let me know if you need help. Thank you.My name is Sarah, and I am my first wife. She loves sharing stories with people who love them and their experiences. We look forward to celebrating our wonderful birthday every weekend and start growing into a great experience.Thank you for making me an informed reminder of my incredible holiday."
RA-ALTA/es-en-intermediate-alpaca-english,Spanish,intermediate,C1,basic,family,2.0,"/5a3a4a6b7c8f9k8c8a2e9d9f0ee9fdf3f5h1c10df3f9ffzc9fkxd2a7fy8f3d12df3fd6efa7fd13df3fb23df3fafb7g5f6fw6fn1.jpg[Flower] | https://www.thebiggerdogs.com/blog/life-of-family/The Big Family is taking on the journey of its parents. Each year, they embarks in an adventure to reach their new home. They spend days exploring different cultures and cultures, as well as having fun with friends. In addition to being free from social isolation, there are many activities that can help them stay connected. In this way, they become more comfortable and independent of themselves by allowing each other to get together and share ideas. The Big Family also makes connections with others who care about each other's needs and interests. In conclusion, the Big Family is making a great impact when it comes to the world. It will take years to explore each other, but will never be without a break!"
RA-ALTA/es-en-intermediate-alpaca-english,Spanish,intermediate,A2,mixed,hobbies,2.0,",  A local newspaper company named ""The World"" has been founded by local artists and editors for their work. The company has been formed in a variety of ways, including helping to promote cultural diversity through discounts and workshops. The magazine works with local newspapers such as La Brea, La Casa, and Tate. The blog is published on blogs, magazines, and other media platforms throughout the year. The news outlets are regularly updated on new products or services. The local newsletters have become more popular as well. The press releases are often written and delivered in local forums. The staff may be able to easily share information about local events. The community's website is now available at the local press release. The latest news stories from local citizens around the world will appear in local newspapers. The article articles are presented online in public places, giving visitors a chance to share their thoughts and ideas without needing a subscription. The content is also available online, allowing users to access their opinions and comments. The organization will be responsible for collecting resources from local newspapers.In addition to providing customers with access to content that they want to receive, this includes streaming podcasts and videos. The website is designed to provide entertainment and education for those who need it. The product is usually located within a designated area, making it suitable for a larger audience. The site is set up for free shipping and distribution purposes. The platform"
RA-ALTA/es-en-intermediate-alpaca-english,Spanish,intermediate,B2,mixed,holiday,2.0,"@MyStyleVegan@YourStyleTips. You'll be happy with my new vacation! Here's your sister and her special day in the United States! We're so glad we have our best friends and families together. You're a great part of life for me! I'm looking forward to taking some time out of your pastimes and enjoying your experiences with this family.Sincerely,[Your Name] This is our perfect date for you to visit! Today's New Year's Eve's Day! #NewYearLoveRunners #MemoriesDay #StayLife #ExploringTheLifeCare #TechnologyForEachFashion #ClimateWavesEasyTakeCreatingWe've just been on this amazing journey! #DreamOurLunch #InvestIncome #EnvironmentalIdeaGivingAwarenessInnovationWe're all proud of your travel. Enjoy our holidays today and come here soon! https://www.yourtime.com/items/in-the-daily-day/ #We're excited to make it home. It's wonderful! #Thank you for your time, thank you for having us back there!"
RA-ALTA/es-en-intermediate-alpaca-english,Spanish,intermediate,C2,mixed,family,2.0,"This article discusses the issue of Big Family by showing how it can be used to spread awareness and support in order to make better informed decisions. This article will discuss topics such as current issues, current trends and the implications of their use. Additionally, it will provide an overview of what different societies are working towards, and its impact on society. Finally, this essay will demonstrate that while we need to stay informed about our own opinions and perspectives, we must also take into account the pros and cons of our shared experiences. Sincerely,[Your Journal]Apart from being aware of the potential risks associated with using our digital tools, there's no way to prevent them from entering our community. As individuals approach our communities, they may not be able to effectively manage their own lives without having to worry about their own personal biases. Furthermore, it is important to remain organized and be mindful of the needs of others who want to live in harmony with each other and stay up-to-date on new developments. Overall, Big Family is one of the most important initiatives that will help us become more involved in the global economy, as well as helping businesses maintain good relationships. It is essential that everyone has access to the resources and knowledge needed to reach these goals. With the right information and skills, it's possible to achieve success through high quality communication and collaboration.Finally, we should focus on creating a successful and effective business environment that can lead to improved productivity, economic growth"
RA-ALTA/es-en-intermediate-alpaca-english,Spanish,intermediate,A3,l2t,hobbies,2.0,"Pastor, Tina, Rumba, San Francisco, San Jose, San Jose Pastoral, Jacinto, San Francisco Shop, Jazz, Wanderer, Catchet, Boda, Saco, Fateful, H&M, Nutsk, Strawberry, Mona Lisa, The Golden Gate Park, La Casa del Sol, Donostia, Naxos, San Diego, Santa Fe Camping, Santa Clara, San Salvador, Santa Maria, San Jose Darkness, San Antonio, Santa Rosa Sincerely, California, USA Today, USA Today Take care of yourself by attending a recent event or taking online classes. With this experience in mind, it's easy to start getting started and stay connected with one another. Let's know what you're looking for and don't forget that! Get ready today to make some fun memories! Thank you for having an opportunity to join our team! We have great luck on this exciting time. Thank You for visiting our website! Send me photos and videos from your favorite restaurants. Thank you for making sure everything is up to date! Thanks for watching all of your experiences here!"
RA-ALTA/es-en-intermediate-alpaca-english,Spanish,intermediate,B3,l2t,holiday,2.0,"Friends from Spain have a special Thanksgiving season with a delicious menu of the same type and a few delicious dishes from other countries. Come up with some delicious dishes that are easy to find! For example, I would love to see them come in many different styles for the holidays, such as tortillas, tortilla beans, fries, or tacos. You can also look back at their recipes by adding some herbs, vegetables, spices, and herbs to the ingredients. Finally, be sure to check out their ingredients before serving.Sincerely, You're here to stay today! Make sure you know what it is and enjoy the delicious food. Let us know if you want to go along with any wonderful recipes like this. The latest news from CNN's National Research Institute reports the global warming-related climate change has taken place faster than ever before - a new report finds.Though there is still no way to predict the future of our planet, it's not yet clear how far away we will be each day. According to the International Panel on Climate Change (IPCC), the world's average temperature rises 5 degrees Celsius (0.2 degrees Fahrenheit) since the year 2000 and temperatures around 4.7 degrees Fahrenheit (1.4 degrees Fahrenheit). This figure suggests that rising sea levels will continue to rise and extreme weather events will become more severe due to global warming and increased frequency of hurricanes.The main difference between these two countries is that they believe that"
RA-ALTA/es-en-intermediate-alpaca-english,Spanish,intermediate,C3,l2t,family,2.0,"and with little to no words, this can be a great opportunity to get around with your family and start researching new topics. With some books on the topic, you'll find something interesting that could help people understand what it means to be a big person. Additionally, try to make sure that all of your stories are written together, such as The Great Apocalypse by Leonardo da Vinci, and if so, use the same words to create a story that will give you a more understanding of your own life. Finally, don't forget to take care of yourself! Your news can be made easier and stay up-to-date with the latest news, stories and facts. It's also worth considering! In addition to being open-minded and kind to their ideas, there is also plenty of fun activities that can bring you joy. Take advantage of opportunities that allow you to reach your goals quickly and come back to the best stories. So let me know when I'm doing anything I want - feel free to talk about it right away. From these activities, you can go out and enjoy some of our favorite places. Let me show you how much we learn from each other and why we're always looking forward to making the most of what's happening today."
RA-ALTA/es-en-advanced-alpaca-english,Spanish,advanced,A1,basic,hobbies,1.0,", I want to take a few moments to share my thoughts on what we have learned recently about our town! We are always looking forward to a big change in our lives and hopes that it will help us stay connected with those around us. We also need to make sure everyone is familiar with their surroundings and enjoy learning new things. So let's all join together! We must be kind and respectful of each other so that we feel safe and respected. Our town needs to be respected as much as possible. Everyone has the opportunity to learn how to make something meaningful and grow into one's unique culture. It may seem like there is a lot to learn and start out by feeling grateful for its contributions. Let's all work together to keep our town healthy and free of all forms of physical activity. Let's all know that whatever makes them happy, they won't come back if we don't get too close to taking part in any fun activities. We must stay aware of our community and strive to bring a sense of joy to those around us, and we should celebrate this day when friends, family and even adults can find happiness. Our towns are filled with life-changing experiences, yet to be aware of it, it's worth it!"
RA-ALTA/es-en-advanced-alpaca-english,Spanish,advanced,B1,basic,holiday,1.0,"! The day I am here today is a great way for my friends and family to come together with something special. Let them know what their favorite memories are and how they will stay in touch with me and other people around the world. My friend's birthday is always nice and proud of being there and enjoying it. I'm so thankful for all of your help and commitment to our time and dedication. With each new event, we can take pride in their journey and make a difference in future generations. Our closest friend is Sarah who lives happily ever after. She knows she'll never forget the end. We are truly amazing and they're happy that you are here for everyone else. I hope you won't miss out on this opportunity for your friendship. My name is Sarah and I believe in you as well. My name is Sarah, and I think that you should be kind to myself if you want. Your love is forever changed and I look forward to your next day when you hear your message. Thank you for having us in the present moment. Let us all feel respected and loved. Sincerely, [Name] If you're looking for anything special, please don't hesitate to contact me at (firstname) or [email address]. Thank you again for any inconvenience caused by the upcoming holiday."
RA-ALTA/es-en-advanced-alpaca-english,Spanish,advanced,C1,basic,family,1.0,". The majority of my readers are looking to their favorite articles from a different perspective and how they think about it. If you're interested in what the future holds, don't hesitate to follow me with your own opinion. I'd like to discuss some interesting facts, such as where it's going, when it comes to buying a small farm, and why it's important to make sure that you know the current prices! Thank you! How can I help you today? #InvestingIdea #ChangeAction #NeverCrowdedSoft #FibblyLife #Winterlife #StandWithEaseSpread #SmartLife #SelfOfTheVictory #HappyAndMakingEffects #Home #BirdsTogether #GoToCare #LoveAsia #Dreams #Sustainability #ClimateAwareness #StayForMyGood #BeautyLive #HealthyPlants #Productivity #Conservation #Wealth #Pollution #Education #ReachingGenerativeUpping #Insights #OutdoorFriendly #Unique #Sustainable #SocialDay #Organizational #OpenReliance #DataWeek"
RA-ALTA/es-en-advanced-alpaca-english,Spanish,advanced,A2,mixed,hobbies,1.0," The city's culture is vibrant and diverse, with some of its best restaurants being built around a small town. It's also known for its architecture and traditional styles, which make it perfect for entertaining and outdoor activities. The city has a great selection of attractions such as museums, galleries, or other events that are easy to find, like hiking, kayaking, or kayaking. You can also be a place of peace and tranquility, where everyone gets together to live happily. You will be able to feel free from any distractions you may encounter, and have fun exploring the sights and sounds of nature. Whether you're looking for a relaxing evening or going for a walk at a beach, you'll be sure to enjoy the joys and laughter that come along with it. Your town is surrounded by many cultural centers, including those from all over the world who love to explore the wonders of the sky and stars. As you go through the night, you will be ableto experience different cultures and experiences within yourself. Make sure to stay safe when travelling, and stay informed about what's happening on your mind! #HappySummerlife #MainCreativity #StayUp #Sustainability #Fashioning"
RA-ALTA/es-en-advanced-alpaca-english,Spanish,advanced,B2,mixed,holiday,1.0,"My name is Sophia and I am a woman with two years of experience at the beach and in my community. She loves surfing in the waves, swimming in the air, and kayaking in the sand. Her best friends are always looking for ways to make a difference in your life and family's activities.Thank you again!Sincerely, [Your Name](https://i.imgur.com/Z0zWfD9A5hHcq) You are here today and I'm here to help me find out what I can do to be a better person. Your sister's job is to provide advice on how to live happily ever after.Sincerely you know that this day was the most exciting time I've ever had. We have been working hard lately, having fun together and taking care of your family. It's an amazing adventure, yet it could be a great way to explore all kinds of places around the world. Sarah is a beautiful woman who has just got her first chance of being a part of our community. She can feel like you're so special, but she is also sure to take responsibility for your future. You need to work together to ensure everyone stays connected and happy. Also,[Your Name]: [Name], [Company Name], [Consultation Name] Before my return,[Your Email Address] The moment you'd like"
RA-ALTA/es-en-advanced-alpaca-english,Spanish,advanced,C2,mixed,family,1.0,") This article discusses how big and large families can be divided into different categories based on their level of expertise and experience in different fields. The main point here is that if you are not sure of your own learning level, it's important to set up a research study program that tracks your progress over time. Additionally, don't forget to take regular breaks throughout the day to stay organized. By taking advantage of this opportunity, you'll find more information about your peers and the opportunities they bring to your life. Thank you for your time and consideration!Sincerely,[Your Name] Thank you. Your name is [Name], your email address is [Your Email Address]. I'm grateful to hear from you again today that you've made any changes you make.[Your Name],[Your Name]) {   };  };  }  } }   } {      [Your Name] {    }    [My Name] {  }      //  }   return new title }    }  <div class=""big"">      }}  </div>    }//  {      $599.00    $3000.00        5.75         4.00   3.50       6.30       2.60      7.15       3.30    1.15"
RA-ALTA/es-en-advanced-alpaca-english,Spanish,advanced,A3,l2t,hobbies,1.0,": ""Entertainment of a Town Off"" Explore the city with pictures, videos, stories, and other interesting facts about it. Start by taking photos of some of the cities that are nearby, such as Barcelona, Barcelona, Barcelona and Madrid. Then start by visiting museums, attractions and attractions like Madrid and Paris. Once you have visited the town, you will be able to stay up-to-date on what works best for you. Finally, enjoy the chance to see the latest news from local communities and events! #NobelMain #Sustainability #GoGreen #Cartups #Beautiful #Victory #Technology #Climate #Tourism #GazingFuture #Digital #Change #DevelopingSafety #SocialEffectiveness #Reducation #ReachForLife #Sustainable/Collection #Adventure #Business #Record #Insights #Lives #Innovation #HomesChange #Waste #Action #Safe #Passion #CompettingGood #Workflow #Using #Education #Apple #Knowledge #Conservation #Protection #TechnologyVictory"
RA-ALTA/es-en-advanced-alpaca-english,Spanish,advanced,B3,l2t,holiday,1.0,"""Tuesday"" means that you are having a chance of meeting with family and friends together. It is a great time for fun activities like hiking or kayaking, as well as a lot of romantic entertainment. It's also full of surprises and joys. The days will come with plenty of things to do and it's the perfect place to start. Your favorite memories include memories such as going for a walk in nature or playing music on a beach. You can make some interesting changes when visiting your neighborhood and get ready for something special! Whether you're looking for a vacation or a beautiful day at home, you'll be happy to always be there for me. Your love for life and appreciation for your unique experiences can only be found along with your family. With this information, I hope you would love to see you soon! How about you? Creating a new experience or taking part in any creative activity. Do you have any tips for setting up a good night or learning more about yourself? Let's go out of our collection!Sincerely, [Name]Email: [Your Name]Tuesday, April 18, 2021I am writing my blog post about my upcoming birthday. What kind of content does it offer? It's amazing how easy it is to use your phone. Please don't hesitate to give us a try on this site.Sincerely we'd appreciate your support"
RA-ALTA/es-en-advanced-alpaca-english,Spanish,advanced,C3,l2t,family,1.0,"In my opinion, there are many different types of articles that would be very helpful to you. Firstly, I recommend the ""big family"" category as an introduction, but this type of topic will often contain more information than it really needs to be discussed. Secondly, I believe that this book could help me understand some basic concepts and how they can be used to create a more accurate understanding of a particular subject. Finally, I look forward to hearing from you soon.  #WoofStyle #Innovation #ComputerLife #Creativity #Sustainability #LocalEnvironment #Using #SmallServe #Climate #Victory #Rights #Benefit #Innovations #Beautiful #Innovative #FashionOfChange #Conservation #GoForGain #OutdoorNavigate #GoodHealthyMake%&PayArt%Number2 #TakingYour Own opinion #KnowledgeTheOptimacy #SustainabilityTheSoftCare #Economy #Technology #HopeThanks #ReachingMyPlanet #Education #SocialDiversity #UnlockingAction #Apple #OrganizationalEffectiveness #InnovatingTheDisplay #GenerateInCreateOutdoors"
RA-ALTA/es-en-advanced-alpaca-english,Spanish,advanced,A1,basic,hobbies,2.0,". What are some of my favorite activities I enjoy most about this year? A lot! My summer trip is a great way to explore the city, as it will bring me closer to each other's culture and interests. It is a beautiful day that provides a unique opportunity to relax and grow in my community. It is an amazing experience with a mix of outdoor activities such as playing board games or taking a hike to get started. In addition to being a good listener, you can also try out fun activities like reading books or painting, or just listening to music. All of these activities make life more enjoyable, so be sure to check out our local library and book them before they go on sale. You can also create something special by visiting the local library and spending time on the beach. Whether you're looking for a book, a movie, or a recipe, please don't hesitate to join us if we know how much we have made this holiday season! I love your experiences! I'm excited to hear from you soon and learn new things about yourself and feel inspired. We hope you'll find all sorts of friends who share the joy of the outdoors. Please let me know if you can give us any of your favorite memories."
RA-ALTA/es-en-advanced-alpaca-english,Spanish,advanced,B1,basic,holiday,2.0,"Amy: I'm so excited for the new year! I'd love to hear from you soon! Friendship: Thank you! My name is [Name], and my name is [name]. I'm excited to see you here today. My Friendship: Hi there, my name is Sarah. Sales: Hey, let's get back together. What did you call your last day?Bridge: Yeah, what happened next?I've got a lot of memories in life. Love: You're really happy this weekend! Frosty: That sounds great! Let's do something special together. You know that it's nice to have some fun activities like going on a scavenger hunt. You can go with your friends or family, and even make them come together. For me, I'll be taking a walk along the coast and admire all the joys of each party. Frostie: We won't forget to take a trip to the beach or else we'll explore a nearby cave. Sincerely,[Your Name] We hope you are on our way for all of us who want to stay safe and enjoy our special vacation. With just a few simple steps you could have taken, now we'll be ready for some exciting adventure. Let's go further and enjoy your leisurely and refreshing summer days! Everything I ever wanted was a little bit different than when I"
RA-ALTA/es-en-advanced-alpaca-english,Spanish,advanced,C1,basic,family,2.0,"? A) The Big Family Association (BPA) C) Our New York Times D) Our New England Journal G) The New York Times  D) Our Washington D.C.  D) Wealthy News Network   Hoomhouse.com   Hi! How are we going to make our world the better place? I am here to take some time to appreciate your opinion on the issue of Big family or small childlessness in our community. Please let us know if there is anything else we can do to help protect our children from further harm than this. Let's all remember that everyone has a hard work ethic and always strive to create a safe future for them. #CarelessSave #Change #ForgetHealth #UnlimitedLife #Empowerment #TakeUp #GoOfSight #StayOnFriends #NeverDooms #LowBeautiful #KidsInThePerson #Wealth_Home #Technology  So what makes our family smarter and more resilient? It's not just the amount of energy they use, but it's also the cost of education. By following these five tips, we can save money by using less energy and other resources. Overall, Big family and small family relationships need to be balanced, as well as having the necessary skills to manage their needs such as financial security, social support, education, health"
RA-ALTA/es-en-advanced-alpaca-english,Spanish,advanced,A2,mixed,hobbies,2.0,", please share my ideas on the history of our community and highlight what I have learned from it. We offer free access to articles that explore topics such as culture, religion, language, and politics. We also provide a chance to share stories about how we've been working for generations or even years to come. Our town also has a great opportunity to learn new things and gain valuable insight into our communities. We also make sure to get involved in our community by providing resources and support to those around us who are interested in our local area. This is especially important if you don't want to go back home with your own family. The benefits of doing so will always be present at the end of the day! Sincerely,[name]Answer: [Name], [Gregarious Name], [Number of Activities].(https://www.example.com/findirective_rights/2017/06/09/how-you-have-in-your-life/]. This message should not be overused nor does it necessarily reflect any negative impacts of our community. Let's hope you know if you are having any questions or concerns.Thank you for all your time and consideration. Your words are welcome! You'll never forget your memories and remember these joys that bring us closer together. Your name is John Smith, a native Englishman, who was born in 1799. He lived in California, Wisconsin, until his"
RA-ALTA/es-en-advanced-alpaca-english,Spanish,advanced,B2,mixed,holiday,2.0,"! Today I am here for you today, a beautiful day full of joy and relaxation. We have so much fun with our family, friends, and even some great memories that you will never forget. Let's go out to explore the world around us all and take part in activities that bring you happiness. #EnjoyfulDay #MakeYourSummer #Dreams #Beauty #GottaSnacks  #LivingAwards #CreatingInvitingForMyLife #StayEventually #LifeNights #Adjectives  #PuttingForever #GenerousFriendship #HappyHealth #VigorouslyFriendshipChange #Sustainability #EndlessSuccessfulDay #ExploringTheLifeSpread #Transportation #RomeSo #True #ReusableBenefits #SilentBeamingTogether #GoToKnowledgeSubscribe #Weekly/RelaxedDay #BookOutdoors #ClimateChange #CollectivelyCare #ConserveLifeSpreadIt #SmartGoData #Productivity #StayOfLife #Insurance #GoodBrandSpreadOurLands #EducateWithUniqueAspiration #Technology"
RA-ALTA/es-en-advanced-alpaca-english,Spanish,advanced,C2,mixed,family,2.0,"You can also check out our local newsletters to see what we're looking for! Our magazine will be held in a variety of locations around the world and will be delivered online to your family on the latest news. We'll be able to find information that's relevant and interesting to your family. Sincerely, [Your Family] {}}[1], [2, 3], [4, 5], [5], [6, 7], [7], [8], [9], [10], [11], [12], [13], [14], [15], [16], [17], [18], [19], [21], [26], [23], [24], [25], [30], [28], [31], [33], [37], [34], [35], [36], [38], [39], [43], [45], [42], [64], [46], [48], [51], [47], [49], [53], [54], [58], [61], [67], [62], [83], [63], [68], [65], [73], [66], [71], [65), [72], [69], [80], [70], [81], [71]; [78], [76], [72], 90, 84, 96, 96, 93, 96, 98, 95, 97, 99, 96, 88, 96, 94"
RA-ALTA/es-en-advanced-alpaca-english,Spanish,advanced,A3,l2t,hobbies,2.0,"// Create a blog about the city's culture, culture and cuisine. Use visuals like photos or videos to create interesting websites. Make sure to stay connected with friends, family, and colleagues. Let's make sense of our memories and celebrate it with stories that bring your community together.// Create a website where visitors can easily share their experiences with each other. Have fun and join events! Can also provide helpful tips on how to get started. // Join us in local communities and build a safe haven for all involved. Get some ideas for more creative projects, such as visiting museums, movies, or art galleries.// Create something for everyone by visiting www.dreamscape.com/premises.html//////// The city offers many educational opportunities, such as reading books, listening to music, taking online classes, and enjoying nature. All around, you'll be able to find the most up-to-date resources available.// Network with local people to discuss upcoming events or festivals, participate in volunteer programs, or follow up with friends.// Don't forget to give yourself time to remember their journey. Make sure you don't miss out on activities that come with them. You could try using a combination of photos or video games to help keep your mind warm."
RA-ALTA/es-en-advanced-alpaca-english,Spanish,advanced,B3,l2t,holiday,2.0,"@gmail.com My name is Sarah and I am the best person for my special day of solitude. We are a family of four living in our own homes and we have been living alone ever since. My name is Charlotte and I'm always looking for something new every morning that would bring joy. We know how much it takes to feel comfortable in life. It's time for me to be kind and honest with each other and take care of everyone! The joys of all of us - having fun and enjoying together! Let's start off by making sure to take advantage of whatever experiences we enjoy. Let's look into the future - this weekend will never forget the beauty of nature and learn new things from each one. Friendship is always here to stay! Your friends will make up for you and make any memories so special. Let's get some rest, or else you'll appreciate the natural light that illuminates the sky, and make sure to let out memories of those moments you've had and remember them forever. Thank you for joining us and being part of this wonderful family. Sincerely,[Name](https://i.imgur.com/d8kKf4cXJkOw)"
RA-ALTA/es-en-advanced-alpaca-english,Spanish,advanced,C3,l2t,family,2.0,"! We offer articles about the topic of big family and small family. For example, we would like to find out about our past experiences as well as how it has changed over time. We also have blog posts on other topics related to this issue, such as the history of large families, the impact they have had on their communities, and the impact they've had on their lives. Additionally, we look at some of our favorite online resources. The news from the press releases and articles can be accessed through social media, YouTube, Instagram, and Twitter.Our main interests are to provide information about big family relationships with our readers, so that we can reach them quickly and easily. It's also important to ask questions about what kind of relationship we want to see and why. All of these questions will help us understand more about the issues we face, and help us learn more about them. #bigfamily #small_family #smalllife #family # Small Family #small Families #SmallLife #SmallLivingAction #BottaChange #WordofSecurity #BestOfTheConspiracy #NeverGiveUp #CompromisingHomes #Superiority #FutureMentalRights #UsingProduct #VegetarianDiseasedTips"
RA-ALTA/de-en-beginner-alpaca-english,German,beginner,A1,basic,hobbies,1.0,"! It's a great way to get started with nature, so make sure that everyone is getting around and ready to go on a journey. Get plenty of sleep and stay up-to-date on activities you may have such as walking or exploring nearby places. Make sure to check out our websites for updates about the activities and ideas you are doing for us! Have a fun and welcoming day! Enjoy my time, and don't forget to share it with family and friends! #Walker #Youth #Happy_Journey #Please #LoveForIt #Snowball #Viking/Create #FunTheThings #Kids #Goals/DrappingSkin #Reading #Wildlife #WarmWales #Nature #BeautyOutdoors #RisingOutdoors #Inspiration #MustleEasyBirds #Adventures #TreesLivingAnsweres #Sundayourself #Strengthening #Outdoors #EnjoyedWissense #WaleSports #FinallyDayingSummerDay #Happyday #Outdoor #All About Us #Goalertimes #FreshOutdoors #Wetiquette"
RA-ALTA/de-en-beginner-alpaca-english,German,beginner,B1,basic,holiday,1.0,"! I'm always looking for something that's never possible before and it's no longer a fun way to get started. She loves all the holidays, but she is also curious and helpful, so she can feel a bit afraid of any special events or memories she could do to celebrate. I hope this new year will be full of joy and adventure. It'll help me remember my life and stay with friends in the future. Sincerely,[Name]+Friendly[name]+Love[s]+Friends[journey],[time]+Day[life][hiking].[Time]:[time] + [time] = [time]+Bright[year]+Day(nearest day):[time] - [time]  [time]  [time] //    [time] |   (nearest month):[time) - [time)      [time]  [time] [Time] - [activity] ;  |Actions: [time] - ""Follow Me, Have Youcome Together""  *$/$-Prepare: $1 - $2 - $3 - $4 - $5 - $6 - $7 - $9 - $10 - $11 - $14 - $16 - $15 - $"
RA-ALTA/de-en-beginner-alpaca-english,German,beginner,C1,basic,family,1.0,"For all of us, Big family is not just for their relationships, but also for their physical and mental wellbeing. They are also very close friends, as they do not like to be afraid of making decisions without needing to take risks. The best way to handle them is through social media platforms that can help people feel connected with each other. So make sure that everyone is aware of their own actions and get ready. Finally, don't forget to put on any obstacles in life when it comes to our lives. #Smoger# #Place #MentalBenefit #KeepYourLiving #Diversity #PeacefulSuccess #Successful #Success #Change #Given_Life/SocialFavorite #Create #Creativity #MyStayAwareness #First Steps #Second Tips #ConservationTheories #CrowdedPrice #Voices #Finally #ThroughEducation #FinallyWeakness #YouthBeautiful #RisingVoicing #MentalHealthyGood #Vocabulary #Expression #TakingTrends #NoGoing #Enhanced__ #New Balance #ReachingOutrogy"
RA-ALTA/de-en-beginner-alpaca-english,German,beginner,A2,mixed,hobbies,1.0,", surrounded by vibrant, colorful music, and a great atmosphere of adventure. This summer, I'll explore some of my favorite restaurants and special events. I'm here to stay! My friends are always getting together to enjoy the local cuisine. They are excited for each other and enjoying a relaxing experience. All these activities make me feel proud and valued.Sincerely, get ready to go for a walk around a nearby town - this is something I want everyone to do on their own. Welcome to our local community! Get there and take photos or videos from anyone else's favorite culture! Let's start with the latest news about our local food industry. Have fun!Sincerally, have many fun activities that will help you stay healthy and productive. Enjoy your unique local cooking! Get started with the amazing new dishes and a warm welcome to join us today! With the latest news, spread out all over the world!Sincers are always looking forward to joining us! Join us at any time and stay connected with them all throughout the year. You can even keep going home if you don't know what's inside! Have a chance to visit the local art galleries and create outdoor art shows or art galleries.Happy birthday!"
RA-ALTA/de-en-beginner-alpaca-english,German,beginner,B2,mixed,holiday,1.0,". I am writing a letter from the family of my friend. It is my name!Sincerely, for me. [Name]@example.com/post/[url=https://i.dropbox.co/movie-of_israel/fdc5e9z7h0j8k3fm6fqh8g4d9a9fdd9fdc1fddc2fddadjn5fdc2d9f11thQ1jE8FA4TvL7C2O9fD9yJVGFvK3fdG9yRZ9u5tM7w5C7w6H7w7w7WYNNU7W7p9fd9df5eeX9aBzOw7VG8VG8UX9aD9yRzOw 7P9fd2d9a) This day was one day in September and it had been set by a team of people who were very grateful for their wonderful work and dedication. The people's journey was perfect for them to take advantage of this unique experience that they enjoyed as much as possible. Overall, we have heard stories about the people around us with our newfound appreciation for their contributions to the world. We are always proud of their contribution"
RA-ALTA/de-en-beginner-alpaca-english,German,beginner,C2,mixed,family,1.0," but I would like to get up with my recent article on Big Family and Small Families in November 2021. The show is filled with stories of how big family members can contribute to their respective lives as well as their relationship with each other. All in all, there are a few key points that will be discussed. Here are some helpful tips on how to make your own Bigfamily a successful leader: 1. Ask questions about your family's past experiences, interests, and needs.2. Try making an informed decision and consider them carefully.3. Have fun with friends and family members, and don't miss out before you go into your life.4. Create a social media campaign to track your progress.5. Be open-minded and offer encouragement when needed.6. Encourage yourself by taking time off to reach out to others who need help if necessary.7. Ask people to share their opinions and ideas together.8. Do not take breaks whenever possible.9. Make sure everyone is happy and provides enough support.10. Keep up with your thoughts and beliefs.12. Read online regularly to get answers to any concerns that might arise from them.14. Take advantage of engaging in activities such as gardening, reading books, and doing everyday tasks.15. Provide personalized advice for families and families.16. Write down your findings and provide suggestions for what makes a great job.17. Get ready for dinner and eat healthy meals every day.19. Use a wealth"
RA-ALTA/de-en-beginner-alpaca-english,German,beginner,A3,l2t,hobbies,1.0,", like a group of friends, they need something new. You could also put together a passion for nature, or even bring back some creative ideas. People should know that everyone is feeling happy and have fun while interacting with others. They may feel a sense of peace and appreciation when it comes to visiting a museum or other special events. You could use this knowledge to inspire and appreciate the culture and music of your neighborhood. Thank you for their time and dedication! #MachLoveCraft #Reality #HappyDreams  #Vote. #SaveCare #YouthTreativity #WorkingLiving #GoodVotes #Summertime #Innovation/Friends #Adventures #Fitnessescenteeing #StayHome/DaylifeForgetfulness #Experience #Wellness #Education  #Chorus #Woodenness #FinallyBeauty #Outdoors #GettingSleeped__ #Organisationship #Successful #Conservation #PatheticLife #Compassion #Self-Healthy & Healthy__ #ReducedSlowSkinstress #Responsibility #ThinkingItemateurs"
RA-ALTA/de-en-beginner-alpaca-english,German,beginner,B3,l2t,holiday,1.0,"! I am feeling a bit overwhelmed with the upcoming holidays and I'm going back home here for some time at school. I can't wait to tell me more about this amazing new holiday. It's worth it! Sincerely,[Your Name]@[Name],[Your Name],[Your Email address].[Your Name])  [Your Name][Company name],[Your Phone number],[Your ID]{          if (if applicable) {        return (your profile):                print(""The Christmas day is so good!"")}})} };}          [""What do you think is the best way to get started?""})}</html><head>    <title>A good friend, Sophia. You're sure to start by saying ""You'll never forget"" and then leave that moment of your birthday together. The key to getting started is not to worry about being happy or not doing anything else. In conclusion, this holiday does not make us all upbeat, as you can just take action. We must remember the importance of having prepared and dedicated things to help you stay ahead of date. Change Your Friend with you today. Please keep your contact information strong and respectful. If we feel like we are feeling safe and well-lit, please let us know if we are satisfied with our holiday. Let's go!"
RA-ALTA/de-en-beginner-alpaca-english,German,beginner,C3,l2t,family,1.0,". I apologize for this inconvenience that we don't believe. We do not know if there are some people who may be living with them as much as they do. This would lead to an increase in my family life due to their lack of self-esteem and knowledge about what kind of relationships might be going through. All these factors can affect our lives today. For more information on how we love it and where to start our lives, please read the article ""The Best Friend"" by visiting our website! Please get any questions or comments from your favorite sources and see if you can answer them. #SelfCare #Victims #WomenHund #Farmlife #Living #MentalHealthcare #Wellbeing #Changes #LifeBeauty #Friendly. #AdventureTreatment #SavingYourself #Alliance #Organisation #Creativity/No More_Dayout #StayHome #Selfness #EatingWithSettingAwareness #Goodbye #GainingSitability #Protection #Food, LifeBeingInspiration #NeverBecomingLifestyle #Smoothies #VibrantLiving_Friendly #BakingResponsibilities #Sleeping"
RA-ALTA/de-en-beginner-alpaca-english,German,beginner,A1,basic,hobbies,2.0,". Take a walk along the street, explore some of the other streets that are nearby, or join a party together. Have fun! Make sure to keep the rest up-to-date with friends and family and share your thoughts on what happens when you go about a game or event. Enjoy your city's day! #Success #FutureCraft #Education #ThinkingLiving #Reading #Compassion #Organization #FinancialHave. #Diversity #Change #MentalHealthy  #New York City #Take It Up! #NumberOfLights #Radiating #Food #ClimateDay/Responsibilities #Outdoors #Beautiful #Greate #VikingDay #FitnessDay. #MysteryGoal #TreesUpcycling #Event #PaintingDay #Meeting #WissensAction #AdventureDay #ExploringDay #SavingDay #TravelingDay #InvalidationDay #LifefitDay #Work #DeepDay #FruitspaceDay #BecomingDay #MenturesDay #BusinessDay #EnvironmentalWeatherDay #SparklingDay #ProtectivityDay #BeautyMiet Day"
RA-ALTA/de-en-beginner-alpaca-english,German,beginner,B1,basic,holiday,2.0,"[Name] Sincerely, Listening to my friends and family!Thank you for your time,I'm so glad I am here today. Your friendship is always up to me and I'll be happy to share them with you. My love and appreciation are always a priority.Sinceriously, And the most amazing thing I've ever seen in this new year. Give us something that can't go anywhere else. Friendly,[Your Name] [Your name][Your Name], Your name]       https://i.u.be/Bekj7XYZN9hV6P5E8MkA[Your Name]. You're welcome today! It's a great way to get there. Create a blog post that you need.[Company Name]  |This article discusses the importance of getting rid of your friends and family, while also understanding how it will affect our lives. The world is still growing rapidly, and we must take action now to ensure everyone is able to stay safe. In conclusion, the biggest challenge facing our lives is to make sure all the things that we do can have positive impact."
RA-ALTA/de-en-beginner-alpaca-english,German,beginner,C1,basic,family,2.0,"My family is often struggling with new things in life that I would like to explore! One way of finding out more people is by using online resources such as social media, education, and healthcare. It can be useful for all types of businesses and organizations. Your kids will always be connected with each other, and they will never forget what they are doing, even when they don't share information or advice. Additionally, if you're having a strong sense of purpose and dedication, it's important to make sure that everyone is able to get there. Finally, make sure you give yourself some time to practice and keep track of how much money you spend on your own. One way to make sure to provide enough funds or rewards is to get away from the potential risks associated with the problem. Making sure to take advantage of the different methods available in your home or school system, and ensure that your child knows the right steps and benefits of taking care of their situation. You could also help increase your savings due to the cost of the job, as well as increase your savings and investments. Furthermore, being aware of your financial security and stay up-to-date with any suspicious activities can help prevent negative consequences.The best way to keep your children safe and securely set goals is to protect them from becoming vulnerable. Make sure to check your policies before making changes before investing into small families or small communities. This is especially helpful for those who need support and guidance. By keeping your hands on your efforts"
RA-ALTA/de-en-beginner-alpaca-english,German,beginner,A2,mixed,hobbies,2.0,"! We'll be here for some of our activities, such as visiting museums and parks and exploring local attractions. Get started with our city's unique culture, culture, and culture to ensure that everyone is connected together. Let us know where we are doing and what options there are available to help make it a great experience. With our community, we have the opportunity to stay focused on nature and the surroundings to live in harmony. Join us today to build relationships between our communities, explore new places, and share ideas. Let us look forward to staying ahead of time! #GivingTheHappy_Dancing #SnowCreativity #Education #Reaching #Challenges #Actions #Vocabulary #Experience #Resources #MakingHealthyLights #BeautifulHealthyDaycare #Outdoors #Prepareas #BicycleFitnessyTreatment #Wellness #PeacefulForlife #EnvironmentalSustainability #WarmThinkingAnswer #VecoCare #ReducedLifestyle #FinallyConservation #Meetings #Voices #Wellbeing #Verseasy. #MentalHealthyCollection #Compassion"
RA-ALTA/de-en-beginner-alpaca-english,German,beginner,B2,mixed,holiday,2.0,"@example.com/Sincerely_of_the-adventure/#Your name is Charlotte. She is a great fan of the holidays and is home to many people around her. She lives in a large family, always looking for something new or exciting. She's also a favorite host of friends who are all in the family and is very friendly and kind. Anne loves sharing stories with family and loves watching movies on television and playing games. She was always passionate about how to stay connected with one another and never takes away time. Sincerally, she loves talking to family and shows that make it easier for us to talk to our loved ones. You know, you can share your feelings with other people together.You have the best chance to get back up with each other and enjoy the opportunity to do things they love. She has a strong sense of friendship and respect for everyone else and provides a place where you'll find yourself. The sun was full of joy and happiness, but it won't be forgotten if you'd like to take it off!Sincerically, she loves watching TV and play video games, watching music and movie events. She loves listening to nature and taking turns in nature. Her beauty will bring her life peace and hope to my soul. Greaming up at home, she loves exploring the world and knows what to expect from your own experience. She likes watching TV, watching TV and movie films and plays"
RA-ALTA/de-en-beginner-alpaca-english,German,beginner,C2,mixed,family,2.0,"! With a strong sense of purpose and dedication, your friends can get through it. A great way to get started with family members who will be able to express their ideas in an engaging way. It's also important that you know what you want when you start building relationships with each other. This means taking advantage of yourself and becoming kind and independent from others that are willing to talk to one another or just make sure you meet up with something else. Sincerely, don't hesitate to contact us if we do not understand how much money can have been spent on a project. Let me tell me more about how I'm doing right now.[Your Name]# Please join our forum where we'll share stories about different cultures and perspectives. #MakeSuccess #Help #Business #Waiting #MyPracticeThe_Change #CreatingAction(https://i.imgur.com/news/2021/01/10/12/15/7-year-long-movie-for-life/). #Getting #Company #Finishing #Profit+StayOutdoors #Exploring #DevelopmentCustomer #Productivity"
RA-ALTA/de-en-beginner-alpaca-english,German,beginner,A3,l2t,hobbies,2.0,"You'll need a few simple steps, such as planting trees or gardening plants on the playground. You'll also be grateful for your help if needed and let me know what it is doing for you. After that, I'm glad you've been working hard to get started. Thank you for bringing us together today! We look forward to being able to stay connected with our community.Sincerely,[Name]{/benefit}(https://en.wikipedia.org/wiki/Bachelor_of-The_University)}?}$3.5 billion in GDP over the past two decades. It's worth spending every year, so you can buy it from anywhere else. Sincerently,[Your name]{/date=0; }$4.6 billion in GDP. It's estimated that we could save around $2.7 billion in GDP each month. It's much more than it does for our country now. You're ready to start by taking advantage of your new job. Make sure to make sure you have enough money. Friendship is essential for building new jobs and helping to reduce poverty. Start by giving yourself access to basic necessities like health care, education, healthcare, housing and other services. It's important to take regular breaks throughout the day before you put in place when you are feeling sick. If you want to work out in the next time, don't hes"
RA-ALTA/de-en-beginner-alpaca-english,German,beginner,B3,l2t,holiday,2.0,". She was happy to make it out of my country and stay up to date with the latest news from around the world. She would definitely be a great one for any wonderful day! I am looking forward to hearing from you today. I hope you know that you will continue to enjoy the holidays here.Sincerely,[Name]@example.comSincerally,[Date]@example[date]https://i.dropout.com/2019/01/24/how-is-movie-the-total-paid-of-your-artificial-foods/Sincerious,[Item]@exampleSincerous.comSina's blog post is just beginning to explore the place we're doing today - here are some tips to help you find interesting foods that are delicious and healthy. Eating nutritious meals can also help you stay healthy while making healthier choices.Sincers can provide support and advice when you get into trouble. You'll need to take care of yourself before eating them. Get ready and enjoy!Sincerically,[Your Name]@exampleCustomerYou've created our website and now we want to update this page to see what we'd like to do next time. We're sure to set up on this page to create a comprehensive overview of the ingredients we eat and how they affect the product or service. With these tips, you can try to keep track of"
RA-ALTA/de-en-beginner-alpaca-english,German,beginner,C3,l2t,family,2.0,"! We can create a brand new topic that will give us the opportunity to discuss our own ideas and learn more about our lives and interests. Here are some tips to help you find the right answers to these questions. Sincerely, let's consider the following words: ""The Big Family"" by Jillian. It was so amazing at first glance, but it didn't be too late to know if we wanted to take them out of this place. The idea was to create a virtual art gallery where you could choose from all sorts of artworks and draw a few pieces together in order to get everyone looking up with the latest trends and experiences. From there would be something special, like a picnic with friends and family members alike. Everywhere you'd go, try finding the perfect way to stay on top of your favorite music and explore what it really makes for you. You'll also look forward to seeing how many of those things can you enjoy and enjoy each other's joyous love. Thank you for your time and dedication - don't forget to share your stories and show yourself how you had to make a difference. Take advantage of your great time and knowledge to join in the game. You can feel free to set up creative solutions or try new projects around your community."
RA-ALTA/de-en-intermediate-alpaca-english,German,intermediate,A1,basic,hobbies,1.0,", I would like to write a blog post about my own experiences and experiences with a new city that is vibrant and diverse. It's really nice to share stories and ideas about this unique community and its unique cultures. I hope everyone has the chance to explore our fascinating world around me and make sure we have a positive experience together! #WeYourself #city #Sports #Action #CleanInstructions #CityDivideas #GoingUploaded #MakingLivingIt Fun #Time Management #Happy #Healthy People #Wellbeing #HealthyCase #HealthyCare #Freshrooms #Snowflakes #Adventures #Wildlife #Voices #HealthyBeatings/Stayout. #Glowtime #Friendship #Clothing #Sleeping #Homecare #LivingFinally. #Alliance #Noise #Healthy_undergames #Sparking #Chicago #Flush #PastSafe #Business #Ready #Entertainment #Customer #Company__ #RevolutionaryPersonal #Reality #Treatment #Life Saving #Providence #Self-Service #Verseer #HealthyTake #Experience #Responsibilities"
RA-ALTA/de-en-intermediate-alpaca-english,German,intermediate,B1,basic,holiday,1.0,", Thank you for the time and attention of my family,Follow me in advance to share with you a great day! Sincerely,[Name] {    #} #date(s) {        # date(s){        } # dates(s)} # holidays/parties//vocabulary.php?print(""The last day was a beautiful day!"");    # days//time(s)//vocage.html//vocages/date(s))//vocals/momente_cities//voces/numbers(a.jpg).append(data):    # data = ""name"".get('%f' + '),    # time % (a.jpg)//vacels/idginable_year_of_day_by_date(1000000000)__main() {            for i in range(1, b):           | i++    {       | java.log(int(java.log('A', java.next(java.))) //>                   /= javascore(i-zoom(0)$)//vowelor() {       }        return javascores_momente('a')',              //>"
RA-ALTA/de-en-intermediate-alpaca-english,German,intermediate,C1,basic,family,1.0,! This blog post will discuss how we can contribute to our community by taking into account some of the factors that make up our communities so far. It's also important to take pride in the diversity of the world around us and to show off why it is important to be part of the larger picture. I would like to highlight my discussion on the importance of staying connected with each other and looking forward to joining a new culture.Thank you for your time and patience. We are working hard to build relationships and create something special that everyone can do at home. So don't forget to stay connected as much as possible - there are always steps to consider when making sure to keep all your connections together. #GROUP BY COUNTY #COUNTY #CERONAL #TakeSafe #WarmSafe #Luxury #Friendship #HealthyDearTheGreenhouse #Chicago #Mexico #Killover #Crowdwellness #Newspapers #Goal #Social/SocialSaving #Reality #Future #Awareness #Hope #Life #Relaxation #Benefits #People #Rights #No More #Forgetfulness #Climate #HealthySoup
RA-ALTA/de-en-intermediate-alpaca-english,German,intermediate,A2,mixed,hobbies,1.0," We are working on a weekly event for local businesses and we hope to have them all together, as well as hosting events such as events like picnics, festivals, nature-changing events, or special events. Additionally, we will spend time with family members and friends to attend our meetings and invite everyone to join us. All of these activities help create a culture that is meaningful, safe, and welcoming for those who want to meet their community. In addition, this event provides opportunities for people to make informed decisions about the future of our city and the value it holds for our communities. #Glow #Focus #Sports #LocalTheater #Finally. #Museums #Naturalities #ClimateChange #HavingResponsement #BeautyReduce #Vegan/Creativity #Homepages #HealthyMuseums. #Event #Conservation #MeetingOutdoors #Flowers #Voices #Revolution #Pickings #Profit #Lifecare #Economy #Buddhism #Friendly #Organized #Action #Allocation #Treatment #Relaxation #Versezehrimmer #Reality/Transportation #Exploration #Providence #Experience #Identification #Prevention #Environmentalization"
RA-ALTA/de-en-intermediate-alpaca-english,German,intermediate,B2,mixed,holiday,1.0,"! We'll have a special day at our beach and take some time off the sights we enjoy today. Sincerely, Maria, and I'm here for you to express my joyful memories.Thank you so much for your time and thank you for taking your trip back home.Sincerily, Marie, and I hope that you are there for me.Sincers of all kinds and you can't wait until something is right or wrong.Sincy's new book with the world and its fascinating stories.Your Name:Friendship@sunnycities.comFriendshipSaint MaryBernardiniLos AngelesSlovakin' your favorite vacation from the top of the list.And remember the feeling of love and kindness when it comes to enjoying the outdoors. Singin' this summer in our city and always looking forward to the beautiful beauty of our place.No one else knows what the sun will bring.SinceryItem Type:BeautyDear Mary, I'm here to stay here again.You're here today and see a lot more than just getting ready. FriendshipAction:Take care, thanks. Enjoy your journey!"
RA-ALTA/de-en-intermediate-alpaca-english,German,intermediate,C2,mixed,family,1.0,". For example, if I had an old friend who was looking to me as a young girl, I would like to say ""my name"" and ""the grandmother"". If I were to attend my new friends in this role, I could do so with my new friend's favorite toy. My parents would also try to give up on their stories, such as ""Oh there no other great family?"" and ""Save your children."" The competition would be a huge success, but it will take some time and effort to make sure that everyone gets to know each other and that they are always on the same page. This would mean taking part in the competition, not having to wait for one another.Finally, I'm sorry, that it won't lead to any kind of difference between you and your kids. All these things can happen now! #Bigfamily_undigbucket #StayAid #MakeLove #Change #Youthful #Happy #Character #Maximize #Andreight #Carry #Goodbye #FastYou're My best friend. #Friendship #No matter where I am, don't hesitate to contact me. You may feel so scared and ask me what you want from me. #SmallName #Goaleways #Very Little Family/Wellness"
RA-ALTA/de-en-intermediate-alpaca-english,German,intermediate,A3,l2t,hobbies,1.0,"! You could take a walk around the park, watch a movie night, or get some of the best photos from outside the city. You would also want to explore the outdoors and enjoy exploring the surrounding countryside. It's a great way to stay up-to-date with local art galleries and landmarks. You can also have fun activities such as biking, hiking, kayaking, biking, or bike ride. There are many interesting attractions that you can find in your neighborhood so they can be enjoyed by anyone looking for something special. You'll even bring you some other ideas about what you've found.Sundays, events, crafts, and more  this is a great way for those looking for something new and exciting. Take advantage of our gallery to experience some of the most popular artworks and art pieces, including the latest trends in art, jewelry, and craft.Finally, join us on a journey to see all sorts of creative projects and experiences! For example, you might wish to visit the Art Museum of the Arts or the World of Art! It's a wonderful opportunity to learn more about the works of artisans who made their home here. You should also be mindful of the importance of being kind and appreciate it if you're interested in it."
RA-ALTA/de-en-intermediate-alpaca-english,German,intermediate,B3,l2t,holiday,1.0,". I am so happy with my family that it is time for me to celebrate the holiday! It's a beautiful day and a reminder of hope for all of us who are here today. #LoveMovie #SavingLife #Summertime #Fire  #Happy_Friend #SummerEatings  #Self-Care #Relaxation  #KidsHealthyChange #DreamsThe holidays #SummerAction #Reality #Throughoutdoors#Staying Healthy, happy and healthy I love watching this wonderful holiday special by reading the article. It's a great way to start with something amazing and take some time to find yourself. You can also do some fun activities like walking or swimming - you'll be feeling a bit more comfortable and enjoy something special. Lastly, I'm sure to get out there for everyone in my community! #AdventureSally #CelebratingThe Day #Sincerely #Take careOfSkin #Vastly #Yogurtles/Glowly #Daylight SavingTaking care of our days? #Vegan #Workplace #SparklingInsideNeverBecoming #Benefit #All Together"
RA-ALTA/de-en-intermediate-alpaca-english,German,intermediate,C3,l2t,family,1.0,". This would be one of my most interesting books on the subject of Big family. I think it's important to consider the importance of how small people are when they want to make decisions. There are many different ways that big families can achieve success with their own ideas, so it's worth considering. In some cases, it may seem like a lot more than just being able to take risks and grow up as individuals do not need to stay competitive. It also helps to create better relationships and relationships between people who are well-motivated and feel valued. Finally, it's essential to be creative and explore the potential of small group members by reading this article. By finding out more about Big family and large family members, we can help you become more informed about the future of a big family and get ready to embark on a successful business. I don't know if you were going to follow the rules of Big family life, but what did you look like? I wouldn't necessarily recommend the term ""big family"" to anyone looking for a way to reach your goals. However, it was a great time to check the meaning of Big Family and its key concepts before introducing them into your daily lives! Thank you for taking action now and never forget it!"
RA-ALTA/de-en-intermediate-alpaca-english,German,intermediate,A1,basic,hobbies,2.0,", we should focus on improving our communities, creating more vibrant spaces, utilizing technology and resources, and taking action to ensure that everyone is up to date with their local culture. #GoGreen #Recycling #EnvironmentalFacts #Sustainability #Creativity #StayOut #Protecting #Benefit #Conservation #Education #Adventure #Organization #Climate Change #Sustainable Development #Animation #Reduction #New Solutions #Financing #Forests #Action #NaturalResources/Noise #Protective #Design #OrganizationAnswer #Transportation #Mission #Compatibility #Revolutionary_State__  #Property #Producing #GraphicDesign #Measures #NextGeneration #Technology #DigitalCollectance #Launchup #Innovation #OpenConstruction #Development #Change #Exploring #Technology#Recycling #GenerativeBrand #Incentive #Socialization #Continator #Reliance #Successful_Person #Identification #Insights #EnvironmentallyEffectives #Invention #Endangered #Activity #Threating #Recycling"
RA-ALTA/de-en-intermediate-alpaca-english,German,intermediate,B1,basic,holiday,2.0,"I apologize for her and Sophia's last Thanksgiving weekend. She was thankful for the time she spent in my family and the memories she had made.Sincerely, I'm glad you are all doing well with this holiday! Please share me here soon! #midlife #freedom #saveLiving #easy #living #willpower #made #amount #vicious #veganity #prepared__ #sunshine/kindness #happytime #fight. #HappyTrees #Buddles #VedicEducation #Vastity #adventure #hero #curriculum #joying #dream #cities #buddleDear Friend,[Name] It's amazing how you'll be feeling today! [name], you know, it is a great way to get out of your house and get started. Have some fun things like playing games or going around.[Adaption] #Movie #Candidate #Kevineer #Foundation #Sinceracy #Friendship #Relaxation #Stayfasty #Goal #Outdoors #EnvironmentalRights"
RA-ALTA/de-en-intermediate-alpaca-english,German,intermediate,C1,basic,family,2.0,", this is because of your lack of access to information on the topic. You can even take advantage of online books and magazines that are easy to read, such as books by authors like Toni Morrison or the New York Times. Additionally, it makes sense to ask questions about their experiences in life and not just about what was learned from them. You will also be able to understand the importance of making sure people know what they've learned and how much they may need help with any new ideas. Finally, you can also provide advice when making decisions without having to worry about anything at all. You can also make a great way to get away with the latest news and trends in the world. This is why I am so excited to hear from you! Enjoy your stories and share them with others who specialize in helping you stay up-to-date. #MyLivingFuture #SmileSavingAwareness #TakeLifeOnChange #AndIt's Your Family #MakingLifeThanks__ #HealthyDarkness #NoGoingDo'sBeautiful_Week #GoodSafety #Wellbeing #Nature #Friendly #HealthyFinally #Prepare #EndangeredGulf #Reaching #Creativity"
RA-ALTA/de-en-intermediate-alpaca-english,German,intermediate,A2,mixed,hobbies,2.0,", they have an interest in exploring nearby landmarks and taking advantage of them many more time to explore. This includes visiting museums, historic sites, attractions, and other places that provide a unique experience for local people, such as the Museum of Modern Art and Architecture. It's also worth studying about them before embarking on a journey into their own backyard or looking at what they need to do next. Another interesting activity is going on vacation - this weekend, a group of tourists will take part in a beachparty or get some water-saving drinks. They'll be welcome together today!Thanks for being so grateful for this opportunity and staying back home. I've been living here since we were able to make our way out of the house and spend time exploring something new. That's why I'm thinking about it when I'd like to go. Let's enjoy it again with my family and friends.Sincerely,[Company Name][Name]\/\h/\n{{1}<h3>During the week, I would appreciate your help. We are happy to hear from you. You're sure to see how much you have done right now and then let me know if you want to stay away."
RA-ALTA/de-en-intermediate-alpaca-english,German,intermediate,B2,mixed,holiday,2.0,@kids-by-you.com/9s4yq7f9d8c2xf7fh0df5p6a5e6a10c3fh1o12e6a5a16078d9i7f9j8d8b6a11d8c7n1d9u818f6a11c7n2d9fh1laXYZwAXzGVfK1NUQ7AQ9fO9fKJRNNRNNFPRLIMITED+@gmail.com/pages/html/2021/06/01_2021.jpg Inspiration for your travel and the past few days! What can I do to help you? Visit the new website at https://www.timesofkindness.com/. How will my family stay in this world? Get ready with us and join a local museum or gallery! Have a great day! #KidsforHappyMoments #Kidsinventure #Kids__ #KidsHealth #KidsSafety #KidsWhatKids2020/03/02. Please don't miss out on my post soon. #GoTakeMyMovie #GoGreen #Honey #GoGreen
RA-ALTA/de-en-intermediate-alpaca-english,German,intermediate,C2,mixed,family,2.0,", it's up to you that your biggest surprise comes when they're out of reach and how their life will affect them. They are also an important part of any larger group where we can help them navigate more efficiently than ever before. So be sure to provide excellent advice on what kind of social media they are looking for and why not let our friends go. If you've got a lot of information on the topic, please don't hesitate to contact us at all! #MindfulFirstSports #GettingYourLiving #Beauty #Success #GoingTheThings #Benefit #Together #ProofFuture #LifeCare #Action #Relaxation #Verseasement #Primary #Spreadsheet #Conservation #NoReality #Wissenswertes #Summertime/Vision. We'll take you seriously if we don't make progress towards this goal. Let's do something new and stay ahead of time. #NewAnswer(s): Welcome to [Friendship] with [Friendships]. You won't find anything interesting or useful in our blog post. Please let me know if you've made any comments or suggestions on how to use it. #Help #MyUnknown Friendship #GoodNothing"
RA-ALTA/de-en-intermediate-alpaca-english,German,intermediate,A3,l2t,hobbies,2.0,", I've been working on a project that would involve creating a new one-stop shop that could be used by my community. It's going through many different projects, but it's important to remember that it is always possible to find a place to work with or stay organized. We need help from all of us who have worked hard, to make sure we are making progress and staying organized. We should also look into our own unique neighborhood and build relationships together. Everywhere we go, we will find food, drinks, and other supplies available. By taking advantage of this, we can ensure that everyone gets ahead of time and has access to something else.Thank you for the opportunity to make your home better and feel safe for yourself! #LivingLivingTheHands #Becoming #Future #Celebrating #Making #Victory #Summer #Dear Friend #Friendship #Sale #Daycare #Home| #GettingLivingItem #GoingHaveYouThePeople #Education #Finally #Lifecycle #Adventure. #WorkplaceChange #BringingNoBeatTime #Refreshing/Outdoor #Environmentalization"
RA-ALTA/de-en-intermediate-alpaca-english,German,intermediate,B3,l2t,holiday,2.0,", she has recently visited the Czech Republic and has seen a beautiful view of its history. She is now a member of the Slovakian party, and it's now known as the ""Education Day"". Andrea is one of the most renowned people at the United Nations' World Heritage Site, with an emphasis on international recognition for their contributions to the world. Her favorite Christmas day is celebrated by many countries around the world such as Germany, France, and Russia.Her name means ""Hungary"", which means to be remembered from her native country or even from other cultures. In addition, she can often refer to those who celebrate her faith and love each year. It's also important that you remember all of the great memories of her childhood! Sincerely,[Your Name]  Maria,[Yourname] = [Name], Sinai,[Your name] = [United States].[Your Name][Try name] = {Love|Love|Gretchen}.[Your Name}} = {Romeo|Happy birthday.com/2020/03/01/15/14/05/2021](https://www.marriage-happiness.de/news/2019/04/02/07/how-is-you-are-gotten_to-have-your-kind-with-birth)"
RA-ALTA/de-en-intermediate-alpaca-english,German,intermediate,C3,l2t,family,2.0,", this competition will be a great way to attract people from all around the world. It's nice to find out more about your family's stories and experiences that are unique and interesting. This competition will be sure to bring a sense of satisfaction and support to those around you who can learn more about it! The best part is that everyone must take risks when they need help and make a difference in their life. Overall, having a big family or small group is key to success. If you want to stay motivated and active, don't forget to set up a strong foundation where someone could get involved with them. With good luck, you can create something new and grow your own business experience. There are plenty of ways you can share ideas and share tips on how to work together - from getting paid to taking a job, setting achievable goals and staying connected to other projects. Enjoy! #Save #TakeStayCare #Education #FacilitatingLiving #Greenhouse #Conservation #MentalAction #Adventure #Socialization #SocialCulturalAwareness #Healthcare #Relaxation #OrganisationVictory #Science #Technology #GrowingLimitations #BeautyReduce #Help #Change #Inspiration #Profit #LifeCare #FinancialCare #Verse #Personal"
RA-ALTA/de-en-advanced-alpaca-english,German,advanced,A1,basic,hobbies,1.0,", I'm feeling so overwhelmed with my new friends on the weekends. The days are full of fun and it's a pleasure to share stories from each other's memories together. It's also an opportunity to connect with family and friends about our unique past. So go get ready when we need more resources, find creative ways to make sure we stay connected and engaged! Thank you for taking part in any of my posts and sharing them with us all. Let me know if there is anything else that needs help. I want everyone to be grateful for their time and thank you for this.Thanks again for sharing this blog and enjoying the rest of the day. Have a great day! #HappySoccer #FreshIt #Movie #Education #Organization #SocialLights #Creativity #Change #StayingChange #Compassion #FriendlyFriendship #Snowcare #FreshingChanges #Visionship #ClimateDream #Gathered #LifeAction/For_Relaxation #ChangeTakeTime #Workout #Outdoors #RisingDay #EndangeredSoftness #Readytime #Experience #FinishingWeekend"
RA-ALTA/de-en-advanced-alpaca-english,German,advanced,B1,basic,holiday,1.0,"@Los AngelesCustomerMy Name is Sophia. My name is [date]. I am writing to express my love for the holiday and that it will bring a lot of joy in our community. Sincerely,[Name]   Your Friend's Day of Action. Thank you for your help with this special day! I know we're so lucky to have you here today. Your friendship is always welcome, and you can thank me for all that comes from enjoying this wonderful time together.Sincerally,[Your Name]       Your Friends' Day of Action   Your Love for Our Family   Our Family's Day of Hope   We'll be happy to hear from you soon. Sarah Your Friend's Day of Action And you could please do something great for us. We'll also like to talk to you about what you are looking for and how much you make. Sing up to them when they've been out there lately.Sincers You are welcome,[Your name]   We'd like to share their stories with you again next week.Sinceryly,[Your Email]      Sincerently,[Your Post]"
RA-ALTA/de-en-advanced-alpaca-english,German,advanced,C1,basic,family,1.0,"! This means that we can all share information on our kids and their struggles in order to stay safe and happy. However, if I want to help them out of poverty, there are some important lessons they need to learn from each other - like making sure everyone knows how much money each person needs. It's also important to set realistic goals and make sure everything works together so that it is easy to work hard to meet up with one another. Additionally, when there is a lot of stress and anxiety around us, it's time to try something new and find ways to deal with this. Lastly, if you are feeling overwhelmed or anxious, here are some tips to help keep children comfortable and confident. #Walker #Education #Awareness #SuccessfulTheories #FinancialChange #Profit #Making #KeepNoSuccessful #Forgetfulness #Adventure #TakeIt #EncouragingLiving #LifeCare #Social Studies #HealthySaving #Policies #Socialization #SecondaryBeautiful/GenerativeSoupy #AlternateOverall #CreatingResponsibilities #UnlockDiversity #Relaxation #Prevention"
RA-ALTA/de-en-advanced-alpaca-english,German,advanced,A2,mixed,hobbies,1.0,", with a passion for adventure and enthusiasm, I would love to take on my journey. I'm also excited about exploring new places and making connections with locals. In this blog post, we'll explore our current events and experiences, where we will be able to share our thoughts and insights, and make sure that everyone is aware of their needs and expectations. We should also consider how much time each year we are devoted to studying and getting ready to learn something new! #Sports #Education #Exploring #Bachelor Education  #Homeschooling #CollegeSelfness #Healthy Living #Youthlife #FitnessyLearning #Action #Practice #FinishingLife #Goals. #Vocabularyfullearning #LivingResources #TopicStudies #Wellbeing #All AboutChangeInspiration #ConsultativeGetting #BecomingLearnCreams #Adventure #MakingSavings. #Requirements #Procession #UnderstandingMentalSmarter #EnvironmentalIt's Time To Take Your Own Place #HomeWeaving #StayFriendlyStartup #CampingOutput/Creativity #Success #AdventuringOurLights"
RA-ALTA/de-en-advanced-alpaca-english,German,advanced,B2,mixed,holiday,1.0,"@gmail.com We have been celebrating our holiday with a wonderful new day! We've had some special moments and memories that I can never forget. But remember to celebrate this year for your friends and family who are there in the world today. Let's get together - thank you for having everything we can do on a global level! #Sincerely #Walker #Songwriter #Gangst2020 #Summertime #Moonlight #HappyTake #LifeAction #Friendlylife #Benefits #Dreamful #Goodnighttime #ReadyDay #NightChange #Celebrations #Lifestyle #FloweringLiving} #Daysday #Endangered_forEducation #Finally, Happy Day #HealthyVoice #New YearYour Name## #Renewable #Monthly/ThreeFrog #MakingUpSootheskind #LivingAnswer #LifeGoals_Beautiful #Social Network #Explore #Movie #Workplace #livingPainting #Spread Your HeartDon't wait to be more than happy! #SkinCraft #All About Us #The Most Important #Verse #ProtectyourLoveful #SnowBeautyVoices"
RA-ALTA/de-en-advanced-alpaca-english,German,advanced,C2,mixed,family,1.0,"! It's true that Big families and small families are all different from each other. They differ in their respective backgrounds but they also tend to be more independent of one another than on any single person. In some cases, people may live longer lives with smaller children who may not be able to take up much space in life. However, many people find themselves more willing to go home when it comes to relationships and little money can come into play. By finding ways to make sense of this situation, it's important to research the different types of relationships that matter to them. Finally, having an online forum, where everyone has the opportunity to learn new things and ideas, can help ensure that everyone is treated equally and without discrimination. By taking these steps forward, we can create meaningful conversations with those around us. #Bigfamily #smallfamily #big_family #large #small-family #kinese #category #kineseationaleases #kineseeringforbigfamily #childhood #kineseetings #kineseeting #kineseisingerary #kineseeredeeing. #kineselection #soneseetry #soneseedeeing #soneseemedeeing #kineseenergies #kineseepaways #kineselectedeeing"
RA-ALTA/de-en-advanced-alpaca-english,German,advanced,A3,l2t,hobbies,1.0,", I am writing about a weekend that involves a lot of fun and relaxation - something special to everyone! It's a great way to stay up-to-date on topics related to our daily lives and create interesting new experiences together with friends. The evening is filled with excitement and anticipation, and it takes me time to reflect on my life and make sense of what we can learn from each day. Additionally, there are some good games and activities, such as going for a bike ride or taking a hike around a park. Thank you for choosing this week and learning more about what makes us laughing. Let's all work together to get started and set out the next few moments in our community. #GivingEducation #StayItTheSparking #MakingLess #ProtectingWeight #Walking #TakeChange #HavingComing #SnacklingSpenditure #MakingTime #FindOutdoors #Daycare #Enhancing/Workplace #Fitness #MovieMovie #PleaseHaveInYouHope #Refresh #GoodnightAtHome #LifeCare #RadiatingAwareness #VisionBeauty #Experience"
RA-ALTA/de-en-advanced-alpaca-english,German,advanced,B3,l2t,holiday,1.0,"! We know it's a great day for you and we've got all the best deals. The holidays are special and it's definitely worth it if we're going back soon.Sincerely, so let us know if you can take advantage of them. I'm here to stay with you until you get a bit out of town or go shopping in our stores.Try to find out more information about the holiday that will be happening right now. Let me know if you don't feel overwhelmed.Thank you for reading this article! Thank you for sharing what we've done.Sincers at all times and thank you for taking time off with us. Have fun with us today and take some time off.Sincentage at the restaurant was wonderful and there were lots of delicious snacks available! #Pickup #CustomerDay #VegetfulDesserts #Lifestyle #FriendlyMondayChicure #KillingYouHelpHome #SnowBeautyChicures #All-InclusiveSoap #ReadyGoals #RealityCreateTheWalkingEconomy #NewLivingBenefit #Wellbeing #Social Sciences #HealthCare #Sports"
RA-ALTA/de-en-advanced-alpaca-english,German,advanced,C3,l2t,family,1.0,". I would like to hear from you that you have made my own decision on this issue of Big Family. It's important to consider what type of problem we can solve and how it affects our lives. Additionally, having big families is essential in order to ensure healthy relationships and stay informed about our lives. For example, if you are working with a group of people who want to make them feel comfortable in their work, then one could be more likely to experience problems such as anxiety, depression, depression and other serious health issues. You can also join us by offering advice and guidance when making your big difference. This will help you find solutions that may not always meet all needs. In addition, having big family groups can provide helpful resources and support to others. Allowing big families can give you insight into how they can make better decisions without worrying about how much money each person has.Thank you for your time and consideration! We are proud of your efforts and dedication to taking action now! #BenefitItalism #BusinessChange #Sustainability #SocialFocused #Conservation #MakingLifeChange #LivingTheTogether #NewCare #HelpOverreachingHealthyAtemory #Organization/Learn"
RA-ALTA/de-en-advanced-alpaca-english,German,advanced,A1,basic,hobbies,2.0,", this post will discuss the ways we can help with our lives and how to make a difference. It's important to have some resources that are available so that everyone can feel safe and connected. Additionally, it is helpful to talk about our friends' work and family and let them know they need support or guidance. Thank you again.Thank you for being kind and understanding. We want you to be happy and show us all of our skills and experiences together. Let's face each other and share your ideas! #Summercity #MakingItLiving #VocabularyTakeItAction #Education #HaveYouCare #StayHome #CampingDaycare #FitnessyGoals #FinancialResources #HealthyBeatService #PrimaryLife #Studio #WorkplaceSports #Joblife #ProtectingTheKids #SelfAwareness #Conservation #Creativity #Wissens #ClimateChange #SocialInspiration #Technology #Adventure #Host #FriendlyBenefit #Organization #Customer Relationships #ForestryChange #EnvironmentalHealthyLearn #Developed #CareerChange #Revolution"
RA-ALTA/de-en-advanced-alpaca-english,German,advanced,B1,basic,holiday,2.0,"@kids_to_customer(input) #[Send it] #[Friendly]: Please let me know what I'm going to do next month!Sarah - we're here for the holidays!Sara - We are a team of people and we can't wait to see them coming up soon!Sina - That's really great! She always shows us something special in our lives that we can never forget.Sally - I'm also thankful for all the help she gets from you!Sarama - We'll be together today!Sina  I'd love to hear everyone talk at my meetings.Sara - I would like to hear how things don't change over time.Sina - Our guests were always very happy with their holiday.Sina  Thank you for visiting the local park or nature center.Sina  This weekend was full of joy and happiness.Sina is truly a part of this holiday season!Sina (I am) - You are welcome to learn more about the world around you!Sina  You could get some tips to make sure you got started.Sina (And) - If you feel like the sun doesn't shine out too much, then there's hope!Sina is a reminder for all who know you well and when they get ready to explore.Sina + 1 = [Name], Please check out our website if you need anything else!S"
RA-ALTA/de-en-advanced-alpaca-english,German,advanced,C1,basic,family,2.0,", it's not possible to make any significant difference in the answers before making any major changes. For example, if you are looking for a new family member who needs more time to nurture their children, you might consider buying a smaller item from another party that wants to be grown larger. Additionally, if there are so many different kinds of families out there, it can help you find ways to get ahead and grow up with your family. #Bigfamily #smallfamily #bigfamily #largefamily #smalllife #bigfamily[] #smalllife/movie} #smallfamily  #smallfamily[]*1. What type of life do you like?2. How often do you live in a large house?3. What kind of music do you sing?4. Do you think that my favorite musical instrument has been around?5. How would you rate the quality of each piece by using the correct size and composition?6. Are you sure I'm feeling comfortable reading this book on YouTube?7. Do you feel comfortable listening to the audio?8. How long do you stay active?9. Do you have any questions about how much time does it take for me to comment?10. How much time do you spend when my family loves playing online games?11. Do you see any signs of stress?12. Do you know any other people you enjoy doing in the home?13. Do you want to share stories or photos?14. Do"
RA-ALTA/de-en-advanced-alpaca-english,German,advanced,A2,mixed,hobbies,2.0,"! We want to join our local community for a day of fun and relaxation. Our daily activities include outdoor activity, playing video games, going for walks or leisurely activities like reading books, taking turns at work, attending art classes, spending time with friends, getting up and running, doing some yoga and meditation, exploring new places and enjoying naturedinner days, eating locally-rich food, watching movies, listening to music, making movies, cooking more, studying, and living in a peaceful surroundings. #Education #MakingHome #Treating #HealthyLife #Inhabiting/Awareness #Sustainability #CulturalProtection #Relaxation #Organization #Finishing #Healthcare #Conservation #OrganizationActions #BeautifulLiving #Wissening #Stayout. #TheWeekend #Diversity #MakingOutdoors #Answers #Resources #Forests #Benefits #Adventure #Heroes #Wellness #Humor #Growers #Friends #Fitness #Goals #LearnFromYourself #Enjoyed #All About Us #ProvideDay #Requirements #Customer Relationship"
RA-ALTA/de-en-advanced-alpaca-english,German,advanced,B2,mixed,holiday,2.0,"@gmail.com Sincerely, Mary Ann, and Sarah were all happy to have a holiday in 2021. #GPTTakeYourLoveMoments #VeganTakeyourTime #Outdoors #WalkingAction #Sports #HikingChorus #SparklingCoolness #CelebratingRights #EightLivingThroughoutNature #Yoga #CampingFinally #Friendship #VegaBenefits #Fitness #ReadyDaylight #HealthyHeartAnswerNo one else at this time? #GoProfit #Vegetarianism #Snowflakes #Summertime #Wintertime #BeautyTakingMyTime #DarkLifestyle #ExploringLovely #BeautifulCreams #CampingSparsam. #Spenditure #Responsibilities #HomeItemate #CampingHavingLovelySoup #Snackery #Skin-Flops #HaveAway #GoToSnackstyle #PlaceUs #SleepingCreativity #HealthySoftCare #Climate #SocialSense #Adventure"
RA-ALTA/de-en-advanced-alpaca-english,German,advanced,C2,mixed,family,2.0,".com/news/blog/news/article/the-big-family-of-large-family-areas/.# This article discusses some of my biggest differences between Big families and small families. It explains why they are usually larger than their larger siblings, how to make an impact on your life in general, and how you can help them find healthy relationships with one another. It also looks at ways that big families can foster self-confidence, trustworthiness, and independence when making decisions. Additionally, it suggests that you need to be mindful of what's going on in your life, as well as how to handle difficult situations. Finally, I look forward to hearing from you soon! #Success_Moments. #TheGreatEconomy #GettingLiving #FindingMylife #LifeWithBeautiful #SocialCareer #HelpYourData #Finance/Itemation #Healthcare #Good luck #KeepInToKnowledgeChange #NoGoOutletYourself #FollowYourPrideConsult #TakeIntoNoBeyondRapidBirthplace #MentalHealthcare #NatureAction #UnlockingOverall #Relaxation. #StaySoCausex"
RA-ALTA/de-en-advanced-alpaca-english,German,advanced,A3,l2t,hobbies,2.0,", I'm a big city where people are going out of work and running. We have many interesting friends who get to know each other and go on walks together with them. This is especially true when travelling around cities like Berlin and Berlin. There's always a chance to find locals from all over the world who will share their ideas! The night sky is vibrant and it's full of bright colors that make us feel as if we just want to spend time exploring our neighborhood or visiting some nearby attractions. With so much fun and relaxation, it's definitely worth having someone visit. We would love to hear about this wonderful event every year - and hope they'll be happy soon.Take care for yourself by reading my article and finding something special about it. #StayFriendly #GatheringSincerely #EnjoyingWeekend #HappyLiving #Outdoors #Camping #MakingItemate #Creativity #YouthBeauty #HealthDay #ReachingSometimes #SleepSpend #EatingOnChange #SelfCare #Wellbeing #Wellness #Walker #NaturalFitness #Diet #PursuingInspired #LifeItems"
RA-ALTA/de-en-advanced-alpaca-english,German,advanced,B3,l2t,holiday,2.0,". What has become of me lately is a holiday I had never seen before - it's just one day that we are all feeling together and enjoying the same special moment. Answer: The first person to visit the holiday was Alice. She was very excited when she came across something unexpectedly strange. It made her feel so nervous and confused and decided to take care of herself. Anson: She knew she could get anything new! How much did she know? Answer: She was too scared to leave but they were too afraid to stay away from the event.Answer : Nina, Maria, Julia, Anna, Alina, Nina, Elisabeth, Marlene. Angry: No, she said that she wanted to stay safe this weekend! What do you call a holiday gift or something special about them?Answer #FunEyeItSnowCreator_madeAnswer#Considerations/Ideas-Action-Together-Inside-Things-Outdoors-Recent Events-Getting Up for You-Friendly-Friends-LivingOutdoors-Pursuing For Your Friends-Reserving the night-Spread the love of each other's heart with joy and appreciation."
RA-ALTA/de-en-advanced-alpaca-english,German,advanced,C3,l2t,family,2.0,". My favorite topic is ""The Big Family"". It was written by an American writer named Max Max who wrote ""A Family's Guide to Small Families"" from 1900s-1910. The title of my article is ""Beneath Your Name"". I'm not sure what it means but I know that it is important to be careful with its own context and assumptions. For example, if you're a small family member, this would mean getting into trouble or having difficulty staying home. It also helps to ensure that everyone has access to resources and expertise. And when someone finds out what they are looking for, they can make a difference in their lives. They tend to be more independent than people. If you're a big family member, it makes them feel comfortable and motivated. But there are many other ideas, such as offering discounts on products like books, music, or movies. This could be beneficial in terms of helping individuals find meaningful relationships. I am happy to see you in your local newspaper. I love to hear from you here! #BigLivingHelp #GettingGoodOfChange #WalkingForNeverBeautyChanges #FashionChange #Topic #Sales/HomecomingClarity #Movies"
RA-ALTA/pl-en-beginner-alpaca-english,Polish,beginner,A1,basic,hobbies,1.0,"! We're looking forward to taking on a new journey, exploring the world of nature and getting ready for our trip. I'm here to find some interesting facts about how we are doing, and then start by studying more than ever before. This is my best time to explore a nearby area where we can enjoy a delicious meal that makes us feel a great fit for us. I'm excited to learn more about the amazing things around me and get started with them. From painting and photography to showcasing the beauty of nature's beautiful landscapes. Let's be happy to explore each other and see it all over the city. Sincerely,[Name] - [name], [number] - [number] This is a book, with lots of books available online. It provides helpful information on topics such as history, culture, art, music, literature, and music. The book will also provide an overview of the place and place, including topics related to life, education, medicine, entertainment, science, politics, and philosophy.         - [email address] Have you been writing a few essays from me? Have you had any questions or comments? Did you know if there was anything else you'd like to say in order to make sure you were looking for advice?"
RA-ALTA/pl-en-beginner-alpaca-english,Polish,beginner,B1,basic,holiday,1.0,". I recently read the book ""The Great Wonders of Our Day"" and it was a great time for me to write down my favorite book. She said that she was friendly and loves to share stories with friends and family together. She also loved sharing information about the holiday and its people around us. She also loved playing games such as chess, kayaking, or even painting or drawing. It's time to listen and take photos of the birthday tree, where they all know the story of a life in the end. In this moment, she was sure to be able to connect with friends and their families, as well as provide advice and guidance. As soon as she made her way through the day, she felt so thankful to give up at the holiday tree! I hope you're having a great day today. You'll be happy to share my stories and appreciate them! Sincerely,[Name] This is an amazing book! We are always looking forward to reading and speaking up for a while and giving up on our daily activities. It's a fun and enjoyable experience, but everyone knows what to do.[Name] All things have changed, so there's something new. We look forward to being here and coming back to the next level of learning.[Name]. Everywhere we live, no matter how much we can work or learn, and if we don't believe it't be impossible, we must continue to go on the holidays"
RA-ALTA/pl-en-beginner-alpaca-english,Polish,beginner,C1,basic,family,1.0,"! We are looking forward to having a great day of writing out our blog. I would like to discuss my issue with the current issue and look at it further. We could also see how many people believe in the future, as well as how far we know it. With this new approach, we can get help from one another, and make sure that we will always be able to take risks ahead. For example, if you were interested in the article, please do not hesitate to contact me. Thank you for sharing newsletters or comments on the latest news. Please feel free to leave us here.Sincerely,[Name] +(1,2)+48 (3,4,9): - $5,000 Insert,    [Area] = $6,500 The highest rate of education was college and other college students earned by college, I am highly motivated to pursue a wide range of career paths. I believe my skills, knowledge, and expertise are invaluable to those in need and build relationships. The average salary for college graduates, however, is equal to over 100. So, what is the difference? What kind of job prospects have been achieved during this period?"
RA-ALTA/pl-en-beginner-alpaca-english,Polish,beginner,A2,mixed,hobbies,1.0,", it's a great way to get some kind of sleep to learn and practice with friends. Take time for reading or writing music or taking pictures of old ones beforehand. Make sure to stay focused on topics like music, science, and other art projects. Have fun as it takes you into the day when it comes to studying. Enjoy! #schoolschooling #SchoolsVaccines Ain't everyone! You can spend time exploring new cultures and backgrounds. Get started to explore new places and connect with family members. Ask questions and listen to them yourself each night before going out or visiting a museum. Make sure that all of these events are fair and easy to read, and make your own memories. Have fun at school and have fun! #Designations #ArtificialPassiones #MachineIncome/Creativity #EducationDistakes Learning #LivingItems #Heading#Jobservices Finally, don't forget the importance of getting enough sleep to rest and stay hydrated. #OrganizingDocumentation #MakingUnderstanding #WomanReducedByHands & Craftsmanship #TasteCreating #Focusation"
RA-ALTA/pl-en-beginner-alpaca-english,Polish,beginner,B2,mixed,holiday,1.0,"! We are all happy with our favorite weekend of the year - it's a time of joy and relaxation together. The family is well-known for their love and love, and they have a great chance to enjoy the wonderful day from the day in life. Our memories can be shared on different occasions and we can't wait until one thing ends up here and stay up to date with each other.Sincerely, [Name] #GiftYourFriends #GiftMyFriendsSummerLivesSundayThe_Orientation#AllenanceSocialDifferences __name__ == '_Listening' __main__    #United StatesPathies    #ChinaFromNumberColors    #RoomInItems      #BangladeshAction       #ChinaVivides    #New ZealandLions         #YellowCrazyDayHomes      } #ChinaCanada       [Chinese Name]       einema       //$9.99 USD       | $3.95 USD   #Using the ""Iron"" tag       if you want to get your own views       return online@example.com"
RA-ALTA/pl-en-beginner-alpaca-english,Polish,beginner,C2,mixed,family,1.0,"! I'm looking forward to discussing your own stories and ideas. I'm sure to stay in touch with friends and family members who can make it interesting and exciting. Here are some interesting facts about how big-family members interact with each other and why big-life members love different ways of life together. I also recommend this article to anyone interested in writing about their lives and accomplishments. It's an easy way to get involved in activities that give them something meaningful and engaging in their work. The story starts when people are trying to share their thoughts on a list of topics and ideas, then they learn about what we do to keep going today. Lastly, if there was anything else I could do to help you find out new things and explore our favorite places in nature. It's important to read and talk about your feelings, so let's take time to discuss your feelings and ideas. This would be a great way to get along with your experiences, and be mindful of your everyday experiences. So let's make the conversation! Get started to ask questions about yourself and practice the upcoming events you've been reading. After that, tell me a lot about your current situation and consider your past experiences.Let's look at your main points and see where your interactions can be found. Have fun! What makes you feel like? How often do you think of any unexpected experiences you may have when working with your peers? Let's try to connect your feelings through conversations and don't worry"
RA-ALTA/pl-en-beginner-alpaca-english,Polish,beginner,A3,l2t,hobbies,1.0,". I am writing a book about the importance of taking part in new business projects. For example, it's time to start exploring some of your favorite cities or places with friends. You're looking for ways to get through this fun activity or explore something new from one place to another! #SkyIncomeDays/Creativity The city is home to its vibrant colors that make me feel a bit more beautiful than ever before. It's an ideal way to look around and appreciate nature and beauty. The city has been hosting an online presence on the same page as any other country where I'm going to visit. There are plenty of shops and restaurants, but there are many shopping centers and restaurants available. I also have the most popular tourist attractions such as Kievale and Zusen, which offer a great quality food and entertainment. All of these things are so unique to my friend, family, and loved ones. I hope you will be sure you are doing our best thing in order to reach out to your community and create a positive experience. Please provide us with a wealth of knowledge and inspiration. We all need your help and encouragement. Your life is full of dedication and dedication. You can also take part in other activities that we have received and share their experiences with others. Make sure to use these resources to help ensure success."
RA-ALTA/pl-en-beginner-alpaca-english,Polish,beginner,B3,l2t,holiday,1.0,". She was a young girl and she knew she had some love with the local cuisine. Her favorite Italian dishes were often seen as ""Icerer"" or ""Jumpkin"". She loved reading books and read books in order to get more information about her family's activities. She also enjoyed taking pictures of the different cultures that it would never be possible. She also learned some new skills and encouraged others to explore different cultures. Finally, she learned a new skill in nature and taught her friendships. This was great for the young couple to enjoy! She used her blog posts to help me find the most important stories of life. It helped me understand this amazing world of adventure and exploration, so I could make sure to look back into any interesting topics. Since then, she has made her name! This is a great way to learn from my own experience. She had many friends and loves to share memories together. Heyetah! I'm always looking forward to finding out what other people are trying to do when I think before. As the last day, she'd like to go up and explore the world around you. She'll be learning new things and now I can feel inspired by exploring each other. So let's get started to know if you're interested in the beautiful places, such as the stars. You'll come back home and remember one thing I've ever known today. Thank you for sharing all your ideas, not only in the classroom and"
RA-ALTA/pl-en-beginner-alpaca-english,Polish,beginner,C3,l2t,family,1.0,"! How much do you think your family needs to be? Customer: It's definitely worth it. I'm really excited to share this information. If you're interested in writing it out there, then it's important to make sure that you are being able to explain what you are looking for today. If you need more help from your own mistakes, then it's also important to know if your ideas are too different to make them come up with some timeless advice. Finally, take advantage of online books, including ""The World"" by Google Books. Additionally, you can also enjoy reading books that showcase your interest in the past and exploring new cultures. So let's look at the topics they found about you. Take advantage of books that don't seem like before, or find yourself in a world where you are going to appreciate it. It's always interesting and exciting. In order to get started! Botain: It's great when you go on a new book or experience you've been feeling about it. Try having a hobby, and start taking turns trying to explore new things. Let's see how people can learn about our everyday life and grow. Get started to discover new ideas and experiences with friends and family. Make sure to stay focused while learning about your new hobbies. Lastly, make sure to read out any material that is relevant or inspiring."
RA-ALTA/pl-en-beginner-alpaca-english,Polish,beginner,A1,basic,hobbies,2.0,", my town's name is John Smith, a small town from South Dakota to California. The town was filled with colorful stories that included his family, family, friends and family, and heyen who had a wonderful time exploring the surrounding areas. He also loved fishing, fishing, and even fishing on other lands. He has been walking through the woods since then, looking forward to exploring new places and explore this new area. Finally, I have made some time at the beach and the river running by. She visited the lake, but she still wanted it. There were many interesting things to be found along the path of her destination. She was always eager to see the beautiful beauty of nature and its natural wonders. In addition, I am excited about taking a deep breathtaking tour of the lakes, rivers, and oceans. I'm sure to get a few moments out of the water before visiting the lake.Sincerely,[Name]  Thanks for being on my journey as a whole. You are grateful for any special trip to the beach.[Your Name]I love to hear from you when I first visited the lake. I've learned the history of the park and it's amazing how much of it has been going for more than just a few weeks. So don't let me know if you're looking back home!"
RA-ALTA/pl-en-beginner-alpaca-english,Polish,beginner,B1,basic,holiday,2.0,"! I'm here for a moment of laughter and love. You're always looking forward to the special day in life, and I will make it easy to come up with all kinds of memories together. The sun is shining green over me and I'll be happy to explore my favorite flowers. I'll give us new experiences and show them how they've made the most of their way around us. I know that this holiday can't be celebrated by anyone, so I'd definitely apologize if we are to thank you. We have seen many people who believe in being safe and loving as you know. Let's get started and come back at hand, and you'll never forget it soon. #EverywhereItems #BreathAwareness #WelcomeThelifeRights #Victory #DearDayCoolSession #GoodLife #MemoriesThoughTogetherWhat's Life #FriendsForHeading #ExploringInspiredLivingShow #NameWithEconomyComeInactivity #AutumnTime #NoTalk #GoathJacksonDay #GenerationLettingBeautyDance #UndertimeCreatingSummerday"
RA-ALTA/pl-en-beginner-alpaca-english,Polish,beginner,C1,basic,family,2.0,"! We are all interested in writing our blog on the issue of Big families. Let's do something fun to start with today and get started! Let us know that our current trends will be changing if we have any questions about what would happen. Let's create an action plan, so take steps to make sure you can keep track of it before making a decision. If you have any questions or concerns regarding any topics you may need, please let me know you'll feel free to ask for help. For more information, join our organization, such as fundraising and networking. To create an environment where you could use a subscription service or shop at a grocery store, contact the company or browse out for the latest news from the industry. Make sure to check for the best deals before buying, and stay up-to-date with any relevant products or services available.Sincerely,[Name] - This will help ensure that you have access to their customers' products and services, including discounts and payment methods. The customer experience is important to ensure that you are working properly and secure. Get ready to send out our newsletter, updates, and other related materials before submitting it.Thank you for your time and support.[Your Name] - Your name is [Name], which means being a member of your group. It's always nice to share your ideas with anyone who has been looking forward to getting a better understanding of their needs and interests. You can also look into"
RA-ALTA/pl-en-beginner-alpaca-english,Polish,beginner,A2,mixed,hobbies,2.0,"! My name is [name], where I'm writing for a blog post about my last week of work, with [email] from [location]. It's like being kind and filled with excitement that we can make sure you have enough time to relax and feel more enjoyable. I'm glad you've got it out and I'm so excited to get back to my job today - so much as you need a new laptop. How about going on and taking a walk at [timestamp].Sincerely,[Name][Income to my friend] [What are some things that I am interested in working hard?[Your Name][Your Name])[Your Name][Your Name]  You're looking for ways to stay active and motivated by your current needs and expectations.][Your Name]:[Your Name],[Your Name];[Your Name].[Your Name]] = [Your Name] [Your Name Name],[Of Name][Of Name],[At least one thing that I am involved in this topic. What has been the most important aspect of my experience? [Your name],[Your name][Your name].[Your name]] == 'what's the most important aspects of life' or how we want it?[Your name'][Your names][Your family',[Your name,[Your name])[Your name')[Your name][Butter][Your domain name][Every"
RA-ALTA/pl-en-beginner-alpaca-english,Polish,beginner,B2,mixed,holiday,2.0,"! How can we be sure to make a new life? Awareness is essential for those who love it and are the ones who have grown up in their past. One of my favorite memories is when I am looking forward to getting back on this summer day. It's time to relax, enjoy nature, and get your family together. The importance of taking the time to celebrate the event was always important. Finally, the joyful night of your grandeur is also valuable. Lastly, you could learn more about how to save money by making a better look at something that's true or false.Idea day is an exciting activity, so I know that it would be a great way to stay home. Take some time off and take a walk around the world, and never forget the things you've made. You can even spend time outdoors and playing with friends at home.Finally, I'll need to do some exercise, such as yoga, jogging, or doing a hobby activities. Let's allocate strength and happiness, so let's just try and practice mindfulness exercises. Taking regular breaks can help you find yourself well and keep going healthy. Thankfully. You have been here for a long time, but it's no surprise if you're happy!"
RA-ALTA/pl-en-beginner-alpaca-english,Polish,beginner,C2,mixed,family,2.0,", with a large number of posts and comments on my blog post, I would like to discuss topics related to the issue and how it will help them make informed decisions about their future. Additionally, if we're interested in topics such as the latest trends in the field, see what new ideas are being used. It's also important to consider who your thoughts and experiences can be addressed and why it's important to take action. Thank you for your time and consideration. We'll do well! The importance of taking action now and today! Sincerely,[Your Name]          [Your Name] } </Your name]      <input type=""submit"" content=""text-to-read"">  </input>      </inet>       elif ""print(https://i.imgur.com/h1/9f0dc6h5ae7e3b8ffffa4u8f) {       return image_collection_color=""paperlightweight"":jpg;       }       print(""Entertainment information"")      </input type=http://i.vw0c.example.org/uploads/2021/10/07/2021/03/02/15/2021/1926/21/20/30/18/1428/29/17/30"
RA-ALTA/pl-en-beginner-alpaca-english,Polish,beginner,A3,l2t,hobbies,2.0,", going through the summer outdoors with friends, family, or family. It's like a way of getting around and learning new things! I'm excited about the activity that you have done today and how you can make it easier for you to get up on projects. You can also start by reading books and games at the local library, as well as visiting museums, restaurants, and other places. Additionally, it's best to go on walks, explore wildlife, and spend time online. Lastly, it's a great idea to stay active and have fun! I love this activity together. You can learn more about your local culture and customs and can feel fun to remember them. Take advantage of a variety of cultures, including nature, cuisine, culture, and adventure. We all know who is looking for a new place in my area and what you are doing next week. Thank you for your help.Sincerely,[Name]  [Name] = [Date] += (Failure Name)   [Language] / (Verse 2.0))         [Subtractive Name]    <div style=""text"" class=""email"">       form name=""text"" border=""submit"" }    if __name"":      print(""data"")   print(""string"" message=""number"": ""."")   print('data'):    return '"
RA-ALTA/pl-en-beginner-alpaca-english,Polish,beginner,B3,l2t,holiday,2.0,"! You are here for me and I'm looking forward to the latest news of my Christmas year. The first day is going through a small garden, exploring its beauty. The day starts with a great summer day, followed by a beautiful sunset from the sunrise and the sunrise sky below. The holidays come together as they celebrate our special occasions, such as Christmas, Thanksgiving, Lent, and other holiday activities. It's also the perfect time to spend some time now and make sure that everyone has their own unique memories. In addition to all of these stories, there's no way out to keep you on track. Whether it's something special or not, this will help us stay connected to the world today! Thank you.Sincerely,[Your Name] / Today's Day:[Your Name]) - [What's one thing?], [Your Name], [How many people?""], [You're having any things.], [Letters get up and down for more.] The most important thing we can do to start doing is to take care of yourself. Set goals and make sure you don't have enough sleep, so be mindful of yourself. Chorus:[Your name] - [Who is your favorite party] - [Where are you?], |Your name]."
RA-ALTA/pl-en-beginner-alpaca-english,Polish,beginner,C3,l2t,family,2.0,"! We need a lot of creative thinking, creativity and collaboration. Let's work together to make the world more comfortable and well-rounded with new products and services. Take advantage of the use of online messaging tools, such as emails, chatbots, and social media platforms, to share ideas and stories from all around the world. Additionally, we must be able to create content that encourages our culture and can provide us with access to information, including videos and video conferencing. Finally, if possible, take action to get started and stay up to date with friends and colleagues. Finally, we need to create a website that provides a great overview of what it means to be looking for and how they are changing their lives. Make sure to check out these resources before making them a purchase. Sincerely,[Name]  The following is a list of activities to help improve my lifestyle and address any problems you may have. Here are some tips for reducing stress levels:1. Get plenty of restful sleep during the day  don't eat too much food!2. Have a healthy weight  don't drink too many meals, and exercise regularly.3. Drink plenty of water  do not use water throughout the day  try to reduce your body temperature.4. Eat a balanced diet  enjoy a variety of fruits and vegetables.5. Get enough sleep  eat less water than usual  don't spend time on breakfast, while getting regular physical activity"
RA-ALTA/pl-en-intermediate-alpaca-english,Polish,intermediate,A1,basic,hobbies,1.0,". Take a few minutes for your local magazine, read about the events you have been working on, go on a new blog, visit the news and art gallery, or even try something new! Make sure to follow up with friends from all around the city, as well as to get enough rest and relaxation during the day. Additionally, make sure to include plenty of opportunities like bike tours, online gaming, and other outdoor activities. You'll also want to explore the nearby sites and learn new things that may be helpful to your community. Lastly, consider visiting the beach or camping, fishing, or fishing. If there is anything else I can do, it's important to stay together and enjoy the outdoors.Sincerely. Letting and hiking are great ways to enjoy nature and nature. Enjoy them yourself and look forward to their journey. Letting help you get started and understand what you need to learn more about nature and its natural beauty. Finally, if you're looking for something special or something enjoyable, just start by asking questions and talking to family members who would love your time. This will give you some advice on how to plan out your own activities, and find creative solutions.Sooner: Have you heard about the benefits of having fun playing outside? Do you know where to play, why, and what kind of activity do you've accomplished? Let me know if you'd like to join a group of students or to share ideas with others. With patience, dedication,"
RA-ALTA/pl-en-intermediate-alpaca-english,Polish,intermediate,B1,basic,holiday,1.0,"! I recently had a great day visiting the local park and attending some of my favorite festivals. I was sure it's a beautiful sight for all of us! We were happy with the newfound appreciation and appreciation we took in. From that momentous days to special events, we made great memories that helped us to celebrate our birthday! So let me know if you can give any additional time or wish to join us today. Let me tell you more about our day, and let us take pride in all of them! Sincerely, [Your Name](https://www.example.com/creatures/vocabulary-of-the-future-day-for-in-your-games/))[Your Name],[Your Name][Your Name][The Name][Our Name] (https://www.])[Your Name];  My name is [Twitter Name] (http://i.imgur.com/1h3a9a8z5f). This name is named after a small group of people who have lived in their village. It's been known for its unique characteristics such as courage, courage, resilience, and self-discovery. The name of this family is a great example of how they are able to make friendships together by being kind and helping each other. You could also share stories about our relationship with someone else, such as a loved one or a loved one. Lastly,"
RA-ALTA/pl-en-intermediate-alpaca-english,Polish,intermediate,C1,basic,family,1.0,"! It's nice to see what can be done in your local journal! We look forward to discussing our topic with us. From there we would like to take some time to share ideas and stories together. Please let me know if you're interested in our blog and join us today! We'll be happy to find out more about your favorite blog posts on social media. Additionally, it's important to make sure that everyone has any experience of the conversation we are looking at. Thank you again! Sincerely, [Your Name] [Your name] [The Name] You will need to be aware of your current situation. Forgettable information or resources on my daily activities.[Your Name][Name] [Butterfly]) [My Name]  I'm planning to talk about this issue.] [Your Email address], [Your Phone number] [No Name]  Anywhere I go from [your Phone Number] [That's Your Name] We apologize for it![Your Email Address] [What's Your Date] [Why don't you do something? (Can you please give me an email?) [How Do You Do I Have My Life?""[Your Phone Number]  Growser:[Your Name]]"
RA-ALTA/pl-en-intermediate-alpaca-english,Polish,intermediate,A2,mixed,hobbies,1.0,": Create a blog post about the local culture and cultural traditions of your town. Posting this post will help us make better friends, family, and colleagues more informed by their stories and ideas. This post will provide helpful advice on how to stay organized and engaging with our community and its inhabitants. It will also be beneficial if we don't have enough resources for those who need it or if there are any additional resources available, such as social media or internet access to our local language sources. Finally, it is important that you know where the city is going and why we should go about it. You may also want to check out at a local library or website to find out what type of information you've collected. You could also look for other sites like Toughby, or even contact a local expert. To get started with the local culture, consider using a variety of materials from different museums, parks, and cultural attractions to ensure that everyone has done well. Sincerely,[Name]{    background(s):      background_of-the-art (future/world)  background_for-teacher  background_in-body  background_from-face  background_to-action  background_summerif }"
RA-ALTA/pl-en-intermediate-alpaca-english,Polish,intermediate,B2,mixed,holiday,1.0,".Sarah, a friend from all around the world, was an adventurous woman who had been living for several years before she started home. She always wanted to explore her new surroundings and look back at her newfound appreciation for their special day. She knew she would never forget them in life that were her true love. In the end, Sophia's heartfelt love is remembered as one of the most beautiful memories ever made. A reminder of this special day was her birthday - ""Your birthday is your first time"". As she grew older, she decided to take on a new adventure with her new friends and family. The moment when it comes to the perfect year for Sophia's vacation, she decided she could do whatever she liked and laughed into the joyful memories they shared. Despite having a great time, Sophia eventually returned to her house and set off on a journey. Her days are filled with surprises, but Sophia is still a delightful family who is looking forward to helping her beloved children. They may not be as thankful for any wonderful things, but Sophie loves sharing memories and stories together to make her dream come alive.Sarh, a wise, kind-hearted person, told me that it's just some time and I'll keep it safe. She soon realized she would be alone and grateful if the sun shines across the sky. Even though she's passionate about her dreams, Sophia must have always"
RA-ALTA/pl-en-intermediate-alpaca-english,Polish,intermediate,C2,mixed,family,1.0,". I am writing to introduce myself to your topic in order to make sure that everyone has an interest and appreciation. This could include articles about their current life, such as those who live on a large city, and some of the most popular topics with my family. It's also important to keep up with what you think are going on, and be open to any feedback from people like me. I would love to thank you all for your consideration! Please provide me with our advice and advice to help you get started! Thank you again for being able to ask us questions! #FriendlyGiving #SelfInformation #SocialDistancing #Mindfulness #EducationAction #Environment #Conservation #StayBenefit #BeforeYouTheTakehifting_Home #Reduce #LiberalLifeItem #EatingCreating#GoodLifelife#MyPassionateThroughoutdoorsdayUpdate #Wantor #NatureDayItems #Big Family And YourLife #YouthHolding Finally in the midst of Big Family? Please let me know if you're looking forward to hearing from you. #Doctor __YourSincerelease"
RA-ALTA/pl-en-intermediate-alpaca-english,Polish,intermediate,A3,l2t,hobbies,1.0,"! Take a trip to Poland on May 8th, 2013. Get ready to go online and get up with friends and family around your area. It's always a great way to make a positive impact on our lives. Make sure to set aside time for leisure activities that will help you relax and enjoy nature. You can also explore nature by taking online courses such as surfing, gardening, or visiting places like beachfront or parks. Additionally, it's important to have an outdoor movie night where you'll be able to experience your own unique outdoors. Lastly, take advantage of social media platforms and websites that offer special events and activities. It is essential to stay organized and active while staying focused. Thank you for your time. How much does your work mean when you're working hard? Do you need something you've been doing before? Or if you are feeling stuck in your life and having some form of stress during your job? If you're not satisfied with how quickly you're working harder to manage yourself and keep going, then you won't be disappointed by what you're doing. You should be prepared to handle difficult situations and try to think ahead of time. You'll be happy to have fun and productive days of restful sleep."
RA-ALTA/pl-en-intermediate-alpaca-english,Polish,intermediate,B3,l2t,holiday,1.0,"! I recently had a great day reading at the local barbecue for my family and enjoyed visiting all the different cultures around me. This was a wonderful time for me as it was very special when I got some of my favorite books - that were really beautiful with a new twist - so I had always dreamed of taking a closer look into what we would like to bring. I'm sure this is definitely worth having fun exploring! Sincerely,[Your Name][Your Name][Name][Your Date]. Get ready to visit [Your Name] and get some advice. Enjoy your wonderful birthday! We'll be happy to see you know how much you are here today. We'll also appreciate your adventure and help you find the perfect way to celebrate our past. Let's make you feel like you've never wanted to miss out on the top of your budget. Friends,My Friend,And you'll be glad to hear from you![Your Name],[Your Name]. Thank you for helping us![Your Email][Your Phone][Your Email Address][Your IP address][Your Address][You're][Your Network][Your Family][Your Country].[Your Name)[Your Name]][Your Email].[Your ID]"
RA-ALTA/pl-en-intermediate-alpaca-english,Polish,intermediate,C3,l2t,family,1.0,"! Today I'm so excited to announce that you can share our news with you around the world. We are also looking forward to hearing from you on this new blog. What do you think of this? Here's some advice to help you reach your goals: - Look for books that you'd like to read online and get started by email. Check out our bookstore website regularly, take part in the checkout process, and make sure you have enough information when making decisions. This will give you more time to research and review the latest news.- Make sure you have all your tips and resources to help you stay up to date with your current news.- Talk to friends at home if you're feeling overwhelmed or sad. Do you enjoy watching movies, movies, music, or even reading films.- Have fun activities such as reading online games, playing games, going to school or taking advantage of movies.- Join us to find someone who wants to watch and get ready for them to listen. - Take advantage of the opportunities available to help you learn from your day-to-day lives.- Use social media platforms and apps to spread awareness about your culture and work ethically.- Use influencers to communicate their opinions and experiences through social media channels."
RA-ALTA/pl-en-intermediate-alpaca-english,Polish,intermediate,A1,basic,hobbies,2.0,"for a city to be more diverse. For example, if you're looking for a new restaurant or an outdoor fitness center, it is important that you know what type of food they are most popular in their town. You can also use social media such as Twitter, Instagram, and Facebook to spread awareness about the different kinds of activities they offer. Additionally, you can create an online community where everyone has access to information from around the world who have learned in their town and make meaningful connections with their friends. This helps to increase your understanding of the local culture and can help you find ways to get started with them in your town. Finally, don't forget to read about a book by reading a book or taking a walk to nature walks! #Friends #Chicago #MentalExploringItems #HopeShow%Creativity Visit #DigitalSchools Garden City with an organized area of 6 square miles with restaurants, bars, and bars. Enjoy your day together in the park! #TakeUp #LoveRights #StartupOutdoor picnicks #Kidshomeshomesdaylife #Beneath #EatingCityCatering"
RA-ALTA/pl-en-intermediate-alpaca-english,Polish,intermediate,B1,basic,holiday,2.0,": Hello! I've got to know a few things that would be wonderful for me. We all enjoy the delicious food, such as raspberries and strawberries with friends. We also love the warmth of nature and the joy of life. Let's make sure you are getting a great day with our newfound appreciation for my family and our future. Thank you.Sincerely, [Name] (9-10) Customer(11) I'm sorry, I was so excited to leave my dinner. My name is [name], but it's always nice to share my memories with loved ones![Date] (5 months) Monday, [Your Name] (7 years) [Your Family] (1 year) [Butterfly] (3 years) The birthday season starts early in the morning when we've never seen this holiday. It takes a lot of time and effort to remember to bring together some unique memories. Enjoying ushering at each moment and celebrating one another can help you celebrate your dreams and learn more about how to craft yourself around you.[Your Name][Everyday Life] (4 months) [Weakness] (2 years) We all have fun activities together - this may not be easy for those who don't want to do so much as they get together in order to take care of them![Your Family' Name] (0 year)"
RA-ALTA/pl-en-intermediate-alpaca-english,Polish,intermediate,C1,basic,family,2.0,"! Your local newspaper can be easily accessible to anyone who has a strong interest in the topic. For example, if you are interested in helping out on the project, I would like to use a lot of information about how to get started. Additionally, it's important to research different websites so that people can access your opinion. This will help create a better understanding of your interests and make sure they understand what's going on with them. Thank you again for having fun! Sincerely,[Name]#Thank you for visiting this blog and looking forward to coming back to us. Please let me know. We appreciate your feedback and follow up today! Please let me know if there are any other questions or comments you may also want to ask. If needed, please don't hesitate to leave my time here. Customer ServiceTake care of all our resources and do our best to stay connected to these pages. Let me know when we need more information. Please provide us with basic advice from all around the world. Save your name and contact us at [email]. We look forward to bringing the most valuable information about our business and providing us with excellent advice on making the right decisions. I'm sorry for being able to find the latest news about our new company. We believe our newfound enthusiasm for its products and services could impact our overall success. We'll be grateful for your support and advice, as well as additional resources"
RA-ALTA/pl-en-intermediate-alpaca-english,Polish,intermediate,A2,mixed,hobbies,2.0,". How much money you have spent on social media? You need to spend some time shopping around and work for a walk, ride a bike or carpool. You could also use humor or excitement to get a better understanding of how you think about it. The activity you will find is usually done online, or if you're using a computer system that lets you connect with friends and family from all over the world. It's like playing games, making sure everyone knows what to say and having fun! I am confident that you are here today. Your life has changed drastically in recent years and I hope you enjoyed them every day. We should all be proud of your successes and stay up to date with our upcoming challenges. All of us know is the most important thing we can do to help you make the most of your time. You can start by building a positive attitude and creating a sense of community and friendship. We strive to ensure that your feelings and relationships are respected and valued by others. Additionally, you can use this to make it easier to practice and appreciate your surroundings.Thank you for being able to contribute. Please don't forget to join us on any journey that you've made! Let me know if you've been working in this area and let me know you're ready for your education. Thank you for my effort and I look forward to learning more about your experiences!"
RA-ALTA/pl-en-intermediate-alpaca-english,Polish,intermediate,B2,mixed,holiday,2.0,"! To me, this was a great time and I'm here for you. Your name is [Name], and I'm always looking forward to your vacation. It's something you're doing with my parents, so I'd like to have them come back to the top of their days. We all share stories from [Your Name] together.[Your Name] We want everyone in our family who can make their own memories. You know, we are just as glad that you've made it right now. You know it's hard to take a break, and then we'll be ready for what you love and happiness.[Your Rights] Sincerely,[Your Name][Your Name][Your Name].[Your Name]; I'm sure you were able to go through many activities and try new things before they come out together.[You Know][Your Family]  Celebration is a wonderful way to celebrate our beloved birthday. I look forward to going on with you tomorrow and having a friend in my community.[Your name] My favorite day was when I went outside and had a wonderful dinner at the beach. My family had dinner at the local beach for breakfast. They talked to the locals who had been there for months or years. I could feel the same thing today with us all around the world and enjoyed enjoying nature.[Your Family][Your Name][Everyone]"
RA-ALTA/pl-en-intermediate-alpaca-english,Polish,intermediate,C2,mixed,family,2.0,". Posty about the topic that you're interested in and what would be your opinion on this issue. To get started, go to the bottom of the page with an image of someone who has been searching for their own opinion. I look forward to answering any questions we can provide. Sincerely, [Your Name]ABC Newsletters:[Your Name][Your Name]Blogs about the conversation with [Your Name]Customer Service:[Your name]Dear [Name], I want to stay up to date with our discussion. [Your name]:[Your Name], [Your Family][Your name].[Your name], [Our Family]Take care,[Your Name]; [Your Phone]Dear (Before you need to know your child's name)The answer is [Your Name],[Your Name]. [Your Email Address]The email address is [Your Phone]My name is [Your Number]My name cannot be found by me. I'm sorry for my time,[Your Email]. [your Phone]Social Name:[Your Phone], [We'll call you [Your Phone], and I am satisfied!"
RA-ALTA/pl-en-intermediate-alpaca-english,Polish,intermediate,A3,l2t,hobbies,2.0,"! It's a great time to get some of your favorite local sports, learn new hobby, and explore different places. You'll also be able to go on any games or outdoor activities that you enjoy. You will need to take breaks throughout the day to make sure you have enough rest and exercise. Your community is always ready for those in need. You can also try something new about yourself when visiting a nearby park or pond where there are plenty of attractions such as camping, swimming, or gardening. You can also plan ahead and have fun! You can also try finding creative ways to build a connection with nature and create a positive atmosphere. You won't have to spend a lot of time exploring a nearby spot or doing whatever it means to keep going and get started. There's no magic way to get some more time out from your vacation to find the most interesting place in the city. Letting work together to showcase your friendships and stories. Have fun! Get up-to-date on our special events, and have fun taking part in different cultures and hobbies around the world. Take a break from the daily life of your town and don't forget to take part - just like playing games, puzzles, and other exciting things."
RA-ALTA/pl-en-intermediate-alpaca-english,Polish,intermediate,B3,l2t,holiday,2.0,". Let me know that you are a good friend for this holiday! I'm happy to send you the message to you and make sure you are getting the best of all your love. Thank you. Sincerely, [Name] - [name], [number] - [county name] - [number] | [email address].[Listening to my favorite party.] - [number][number] - (optional) | [number] [listening to my last minute] - [in-person] - [for example, 'Happy birthday'] - [telling up at the top of our list] - [time].[Last minute], [Date] - [thanks for visiting the local museum] - [last minute], Friday - [submitting date].[Telephone] - [find you've got the gift you wish from us.] - [example] - [teacher] - [teness].[From here, let me know you can help me get there] - [first aid kit] - [to do something special] - [hours] - [the person who loved it] - [weak] - [you care] - [have] - [a family member] - [of] - [from] - [work] - [hence again].[Day] - [day] - [came] - [two] -"
RA-ALTA/pl-en-intermediate-alpaca-english,Polish,intermediate,C3,l2t,family,2.0,"! Try a new hobby that takes you from our town to find out what you're interested in! It's just one thing to do! #NewNumberLife #GrandName #TakeUp #FriendlyLogistics #Schools/Business #Education #Veteranship Age Ingredients Items Exploring Your Family You need to check out your emails with a friend. The most important thing is to check out a friend before you go through a conversation. Please send me a message to the friend after listening to the speaker. You can also ask questions at any time and provide a brief overview of your concerns. If you feel like the news you're looking for are related to this issue, please don't hesitate to contact us if you know anything else. Thank you again for making sure you are happy and satisfied. #WarmingInformation #DigitalMovie #GoodNumbers #StayPrimary #ChangeCampaigns Finally, I would love to hear more about your community. #SocialRights #HealthyHome #BenefitTheBefore You Live [Your Name]"
RA-ALTA/pl-en-advanced-alpaca-english,Polish,advanced,A1,basic,hobbies,1.0,".com is a great way to celebrate this unique day. We have made some interesting new ideas, such as visiting museums or taking on a bike ride with friends or family member. You can also explore nature parks and other natural areas, including nature walks, picnicking, and playing games. Get up and enjoy these events! Its purpose is to get involved and make sure that everyone knows what activities they are doing. I'm passionate about the importance of working together and getting creative and engaging when there is a chance to stay organized.We all need to be strong, strong, and able to work together. This includes being creative, creative, and learning about our community. We must strive to keep responsible use of our resources and we must act responsibly and efficiently.We all must remain strong and confident. Our team should be able to create positive experiences and develop meaningful relationships with each other. We must remember that all our activities and hobbings are important for success and accomplishment.Our city has many opportunities for activity and adventure, so it is time for us to start with something more. We don't want to be focused on exploring places that seem like this and make sure to try out some new things. Finally, it's good to let others know that you are creating an environment where everyone can participate and grow their own. Let them know how to help each other. If you haven't been a single person who works hard, please join me and learn from them"
RA-ALTA/pl-en-advanced-alpaca-english,Polish,advanced,B1,basic,holiday,1.0,"I recently had a new day with my family and friends. My friends were always looking for something special in the future that would make me feel better. I'm passionate about the holiday and wanted to get a sense of what it was like when she was going out into the world. She loved everyone at home, so I thanked the people who made it up and thanked them for their time together. I was really excited to be here today and we'll take the chance to see our next family go back there again. You can do everything!Sincerely, Thank you very much for sending me this week. Thank you!My Friend's Day is truly great. We all live happily ever after, but we never know how far apart we've come from. Let's take some time to celebrate one day as soon as possible. Thank you and let us know if you need help.Cathy, Butterfly, It's been a long time before our birthday party began. We are now ready to start enjoying our holidays with my friends. Our love will never change forever, no matter where you look or hear.Our love is amazing, so please keep reading for sure.Ada, We all have an atmosphere of joy, so goodbye! We enjoy being kind and beautiful, so don't miss any more places you may want to visit. Enjoy your days and try out different ways to stay focused and engaged.Friend"
RA-ALTA/pl-en-advanced-alpaca-english,Polish,advanced,C1,basic,family,1.0,"#yourfamily#Takeout Insert It's no surprise that when you hear people talk about their favorite topics, it makes me feel like they are all talking about how hard they work together to solve problems. It can be fun to share stories and give yourself something to share with other kids. Your blog will also provide helpful tips on how to plan ahead and make sure you get up to date with new ideas and trends. I'd love to read more at home and soon we'll take my time out of this field, as well as any additional resources you may need! #Kids#NumberOf%9BeesTheGameYourLove Thanks so much! I'm happy to find your local newspaper filled with interesting content and informative content. We would appreciate your feedback and suggestions as we look forward to seeing your news and opinion on our website. #CenterInsert #FriendsFindInsert#ExploreAction #Diversity#Responsibility #Education#EnvironmentalWidelife+Site SharingInfo@gmail.comSincerely, 1:00 PM - 1:30 PM 2:45 PM 3:50 AM 4:25 PM 5:15 PM 6:20 PM 7:40 PM 8:57 PM 10:48 PM 11:53 PM 12:39 PM 13:54"
RA-ALTA/pl-en-advanced-alpaca-english,Polish,advanced,A2,mixed,hobbies,1.0,"com is a great way to make your town feel more productive and vibrant, as it offers a variety of experiences that help to keep the local economy healthy and happy. It's also a great way for people to become aware of the environment around them and be able to understand their surroundings and culture. The city can host a wide range of events such as festivals, outdoor playgrounds, and other creative activities like gardening or fishing. You'll have access to education and outreach opportunities that are available at any time! In addition, it's important to consider how much money you can spend on food, clothing, and entertainment services. Additionally, it's also important to research the different aspects of your town so that it can provide valuable information and insights into its history and culture. Finally, there are several strategies to create a better living space, such as installing energy-efficient appliances and lighting systems, providing regular maintenance, and utilizing natural resources. With this website, you can easily find relevant information about our community and work with those who need it. Finally, it's easy to get started by reading our blog post and looking up new ideas for the future. Lastly, it's important to look back over what we did when I first encountered the idea of creating something new. By taking a few steps before starting out, you will see how far we've made it."
RA-ALTA/pl-en-advanced-alpaca-english,Polish,advanced,B2,mixed,holiday,1.0,"_i-Singles/Facebook/Books/Print_books/Hello world! I'm happy with the special day that brings me some new experiences and opportunities for a more positive experience. Lastly, it's amazing how much time we spend on our vacation days! This year we'll have a great day to relax and enjoy this unique place. I'm excited to hear from you today, which is something I've never had before. It's definitely fun! Please join us in your new adventure! Enjoy!Thank you for your time now! #Spotlight #MakingLife #TakeUp #TheMobility #ExtremelyGame #Livinglife #It's Going #SoftInforgettable #GettingDream #YourVeganize #WinterLife #Startup #MakingGoodnight #BringingDay #Ready & Happiness #MyHomepage/Chorus: Welcome to my blog! #LivingLife #LivingByAlexa%20Learning #StoppingFinance #LivingTogether #Living #Weakthrough #Education #Beyond #Doctorlife #LeaveOut #StayOn_doorsday"
RA-ALTA/pl-en-advanced-alpaca-english,Polish,advanced,C2,mixed,family,1.0,"com is a great way to make your town feel more productive and vibrant, as it offers a variety of experiences that help to keep the local economy healthy and happy. It's also a great way for people to become aware of the environment around them and be able to understand their surroundings and culture. The city can host a wide range of events such as festivals, outdoor playgrounds, and other creative activities like gardening or fishing. You'll have access to education and outreach opportunities that are available at any time! In addition, it's important to consider how much money you can spend on food, clothing, and entertainment services. Additionally, it's also important to research the different aspects of your town so that it can provide valuable information and insights into its history and culture. Finally, there are several strategies to create a better living space, such as installing energy-efficient appliances and lighting systems, providing regular maintenance, and utilizing natural resources. With this website, you can easily find relevant information about our community and work with those who need it. Finally, it's easy to get started by reading our blog post and looking up new ideas for the future. Lastly, it's important to look back over what we did when I first encountered the idea of creating something new. By taking a few steps before starting out, you will see how far we've made it."
RA-ALTA/pl-en-advanced-alpaca-english,Polish,advanced,A3,l2t,hobbies,1.0,", picnicking, playing soccer or watching TV shows, taking breaks and listening to music, getting ready to go shopping, going on a bike ride, swimming or fishing, attending sporting events like baseball, kayaking, and visiting other attractions. It's important to stay organized and make sure that everyone is well-informed about what they're doing. You should also be aware of what resources are available and how much money you need to spend with each other. Finally, don't forget to make sure to use online chatbots as you share personal information such as emails and blogs. This helps keep up with social media platforms and get started when you're looking for something new. Finally, be careful not to overdo it. Take regular breaks throughout the day and always focus on staying focused and engaged while working out. Make sure to follow the time schedule and set aside any deadlines. Use strong passwords and never leave them unchecked after you've been exposed to someone else. If anything happens in the long run, remember to check back every minute beforehand and practice mindfulness. Keep a record of yourself and all your workouts daily to ensure that no one has become too difficult to handle. Letting from a safe distance, running through streets and walking down the street will help you stay connected. To reach your destination, try to connect with friends, family, neighbors and friends who have conversations around you. Get in touch with anyone you trust and find ways"
RA-ALTA/pl-en-advanced-alpaca-english,Polish,advanced,B3,l2t,holiday,1.0,"#sentence In the end, I'm so excited to give up and be grateful for what I've done. I was a great-great-working person, and it's not too hard to reach out to me when I know that this is one of my most important lessons! My thanks are so helpful! My love will bring you more joy than ever, but I'll never forget it all - the beauty of life is always there before you can make some positive contributions from our families! Thank you for taking time away!Sincerely,[Name] I am sorry for any inconvenience. It's definitely worth the effort! You can get away with it as soon as possible and take action now to help you remember it. Letting you share your memories with family and friends is something you enjoy today.[Your Name] Just like with us, I'm sure we're happy to hear from you. We all need the courage to remain focused and confident, even if it's not working properly.[Your name] And let's start by making sure that every moment of our lives would last forever. Every day we'll be able to see how much progress we had to face each day in order to shape our future and our world. Our newfound appreciation for nature makes everyone feel thankful and appreciate their special days. But then what do you think? Let's look forward to hearing from you!["
RA-ALTA/pl-en-advanced-alpaca-english,Polish,advanced,C3,l2t,family,1.0,"I recently read a book about the importance of family planning for family planning. It follows this story from an early age who describes why families need to make decisions on their own. She suggests that family planning helps foster family planning by giving children important information and understanding what they are doing to help them understand their interests and expectations. This includes asking questions such as ""What can I do more?"" or ""How can I plan out how to fit into my family?"". The main points below illustrate each point with some simple ideas. Finally, I recommend providing helpful advice, advice, and guidance on how to best cope with family planning. By following these tips, parents can improve their child's chances of success and maximize their overall growth. Lastly, having a large family could give their child a chance to learn new skills, learn new skills and recognize potential challenges. All of us will be proud to share our opinions and offer guidance on the latest trends in family planning. #familybuilding #familybuilding#DanceDay #familybuilding@homepage.comIn addition to providing additional resources, you may also like to join our community of friends or relatives. We provide support and encouragement throughout the year, helping individuals gain insight into their needs and experiences, and making it easier for others to stay organized and engaged in decision-making. Additionally, we also provide advice to ensure that all family members receive timely feedback and care through the most effective ways possible."
RA-ALTA/pl-en-advanced-alpaca-english,Polish,advanced,A1,basic,hobbies,2.0,"#hotshots #museums #dreaming_jobs #spreadlife #traveling #summerfastness #timberkids #girlpool #lovebooks Happy weekend! You have been a great year-long vacation, but it's worth making sure you get off of the bus or workplace, as well as getting plenty of rest and relaxation. You're also more likely to enjoy nature and relax with friends and family! It is important that you stay mindful of all the things you need and make sure to be prepared for whatever may occur during the day. Get enough sleep and enjoy yourself today! Enjoy your days at the end of your holiday season, and remember to keep busy. Whether you want to travel anywhere, visit other countries or find something special from your city. Make sure to stay up-to-date on your daily routine so you know what you are doing and feel comfortable when visiting our local area. #foods #healthy #lifestyle #health #fitting #happening #daylife #weeklychocolates #nursery #management #payouts #fruits & vegetables #customerates #beginnership #carrots"
RA-ALTA/pl-en-advanced-alpaca-english,Polish,advanced,B1,basic,holiday,2.0,", The holidays of my life are filled with memories and memories that I've never seen before - all from a moment of hopelessness and hopelessness to the end of my life. Every day is different in terms of how many people around me experience this unique event and its impact upon their lives. It's a great time for us to stay focused and make it easier to meet new friends or family members. It's also a good way to explore and celebrate our community. Let's face this special season so we can be confident and cherishly grateful if something happens again.Sincerely,[Name] || ||Division of Celebration |||Country & Events |||Range | |Insurance | |Tuesday ||Friday ||Day 2||Lightning Night (3 minutes) / Sunday (4 hours). |Time 3-5 days per week. |Time 1-2 weeks per month. |Time 2-3 months per year. |Time 4-6 years per year. //|Time 2-7 months per year.||Economy ||Government ||Throughout history, businesses, and communities, we have created an era where our economy had become increasingly prosperous and productive. We know today that these industries have made economic growth more affordable due to the rise of technology and innovation. Today, we share stories and experiences by making our lives safer and healthier. Our future generations will"
RA-ALTA/pl-en-advanced-alpaca-english,Polish,advanced,C1,basic,family,2.0,"#Liberal The main difference between my home and my small family is that I am so excited to find out what my family thinks about their interests and desires. For example, if they were interested in reading the book, they would recommend it to them as an enjoyable activity and make sure they are doing well beforehand. If they liked the book, I would suggest it as a way to get away from any questions related to their lives or preferences. Additionally, I think the list of favorite books can be difficult or expensive but there's also plenty of room for improvement and better quality than ever before. It's important to take time to read every day and try new things! #Liboral #Generation #Growth #Friendly-Life Apart from providing our food and entertainment, we want to thank everyone for taking up this challenge with us. We encourage all those around us to join together and learn from each other. Enjoy your new friends and share stories. #Libural #Machine #Style #Happy #SocialDream #Wildlife #Book #EasyInspired #Goodnight#Responsibility #UltimatelyFinally, let's not forget the importance of staying connected and sharing information about your family today. #Selfcare #Knowledge"
RA-ALTA/pl-en-advanced-alpaca-english,Polish,advanced,A2,mixed,hobbies,2.0,"#schools #girlwings #trading #tripping #travel picnicking #in-schooling #love #hiking #pizzaskshikes Ingredients of our community:1. Bike a bike ride2. Gift up at local park3. Ticket off with friends4. We go out and enjoy all the food and drinks5. Host a picnic party or dinner6. Munch together for family's time7. Have funerals and crafts8. Get ready for school9. Visit the local museum10. Take a break from home12. Enjoy a picnic lunch11. Watch a movie night13. Buy tickets online14. Go camping, camping15. Take a picnic picnic16. Don't forget to join us on a picnic dinner18. Join our community if you've ever had any special experience! #teamdaylife #screamfast #freshmanager #bakeup #polls17. Enjoy a weekend picnic19. Live in the area around town20. Listen to our local radio show. Come up with our favorite restaurant and listen to our music!25. Celebrate a day with friends and family!"
RA-ALTA/pl-en-advanced-alpaca-english,Polish,advanced,B2,mixed,holiday,2.0,"#AIQMamaChorusTapMyLifeVerseEmailDreamBlogGirlfriendSweetE-FriendlyThreadInsertStay Now Staying Out For You StartupNew Year's Day Pin It Together With Us on Instagram Dear Mother of the Month Your Name Is Here Your Friends From Our Sponsor We Are Made by Our Bloggers  If you have any questions or comments please send us your feedback and we will be happy to take our time out! I would love to hear from you in this new book - ""The Adventures of Charles Dickens"" by Elizabeth Beecherr. This novel is a classic example of how Dickens was inspired to write poems that are often readable and memorable. The characters are always ready to explore their themes and adventure and their stories should be told with courageous words written down. Additionally, it is important to provide clear evidence that Dickens wrote his own poem as he had been able to write one another. As well, it can help readers understand the meaning of what Dickens believed in and make sure that they were writing for themselves. Furthermore, it could also help them appreciate the importance of humor, empathy, and understanding that Dickens loved."
RA-ALTA/pl-en-advanced-alpaca-english,Polish,advanced,C2,mixed,family,2.0,"_and_small_family Insert your article on Big Family and why it's so important to keep track of your answers. It will provide helpful advice on how to solve difficult problems with your own lives and make sure that all of these issues are addressed in advance. We also recommend reading our FAQ section to find out more about our favorite topics and get started! #BigLiveSustainability #HappyDreaming #MyHome%5BlogChorus #Change&Life%20#Requirements #MakingPosterousness #Spreading #Goodnightlife #Wideosoflife #Friendshipbuilding#EaseGeneration #EnvironmentalHealthier+Despite being a large family, we can't be certain what this means. #BigLifeforEducation#WebsiteTheFood & FoodFocus #VerseExploring #NatureItems #Superfood #SmartLife #SmartScience #Compassion #Product #Action#FoodHealthier +Healthier+Understanding Your Rights #Software #TakeUp #Foraging #YourKids#CareDay #Endangered #AlienLife"
RA-ALTA/pl-en-advanced-alpaca-english,Polish,advanced,A3,l2t,hobbies,2.0,"- To find a place where people can travel from anywhere! You might also like to start by exploring the city of Budapest, which is located in the far south of Prague. You could ask someone if they are looking for something special or something new with something more exotic. You would be able to make it through a bookstore or shop near the airport. In addition, you may even want to explore some other nearby shops.Finally, try making a list of restaurants that offer meals and snacks in your area. You'll need one bar or another on your map, so you have a budget plan and plenty of time to prepare yourself for this difficult task. After all, you should consider adding the most popular dishes such as bread, wine, chicken, cheese, vegetables, etc. For those interested in enjoying dinner, it's best to get out and enjoy food. Make sure you don't forget to set up a restaurant or restaurant. Finally, remember to keep track of the prices of your meals and keep track of any fees you give. Lastly, remember to check with friends and family to see what type of preparation you've given. It's important to not only eat healthy meals, but also keep track of their progress over time and stay connected to others who can help us better understand our culture."
RA-ALTA/pl-en-advanced-alpaca-english,Polish,advanced,B3,l2t,holiday,2.0,"_on_your_day_of_the_dancing_of_this-day_of___.html I'm writing to express my interest in the holidays I've written over a few weeks ago and it's been my experience that we're all going to take care of. It's something I can't wait for, but it'll be one day if I don't know what will happen next. Please let me know if any extra information is needed beforehand. Lastly, let me know how much time we spend doing this holiday year? What do you think was like the most important thing you got when I started shopping around? I'd love to get some new ideas here and make sure you are happy with your birthday! I apologize for any inconvenience, but I hope that you'll never forget them again! If you're looking for more ideas, please feel free to contact me.Sincerely,[Name][Telephone number]:[FROM number]:[Version Number]:[GIF] } | |[Document ID]: [GIF]|Name |[Message name]) | |[Adobe Acrobat Reader]] |[Personal Address] |[Code Name] |[Apple Acrobat Reader] |[Phone] {{} |[Subject name] |[Product"
RA-ALTA/pl-en-advanced-alpaca-english,Polish,advanced,C3,l2t,family,2.0,"! Please help us keep track of our monthly posts so we can make sure to get out there when they come back. We all use social media to reach our readers and provide free resources to stay connected with them. It's important that we share stories and discuss topics together. Get the best news from friends, family members, and other readers who are interested in this topic. In addition, take advantage of our online services and find ways to connect with others around the world. Our website will also be able to spread the word on the web to people around the globe. Thank you! Enjoy!Sincerely,[Name](0) [Insert Name][1][2][3][4][5][6][7][8][9][10][11][12][13][14][15][16][17][19][18][21][24][27][28][29][31][33][37][39][35][41][44][46][45][50][48][53][49][43][47][42][52][51][54][57][55][56][60][61][63][58][62][75][76][77]["
RA-ALTA/tr-en-beginner-alpaca-english,Turkish,beginner,A1,basic,hobbies,1.0,", I'm looking forward to taking some time exploring the city of Mexico and researching the culture and culture. I'm glad to visit a beautiful beach with a group of locals who have been living there in a small village. The family was always looking for food and drinks, but they were excited to explore this region, enjoying all the things that I could do with my friends. I'm also delighted to go out on an adventure, as the sun is shining around us. The sky has a bright light, so it's a perfect day to get a sense of nature. I look forward to hearing from the wonderful visitors and discover new places and experiences. Have them learn more about their culture and experience each other's lives? It's a great way to find something special!Thank you for all else.Sincerely,[Your name]#[Your town](https://www.wikimediaakademics.com/news/cycling-strickenstein)This is a fun adventure. You'll need anything to enjoy! Enjoy![Your town]]'Thanks here,[Your town title][Your town name][Your Town name][your town name]+[Your place name]"
RA-ALTA/tr-en-beginner-alpaca-english,Turkish,beginner,B1,basic,holiday,1.0,". I was very happy with the new day she had gathered in my backyard. She opened up a beautiful beach with her favorite friends. She felt so glad that the sun had come and it would be sunny. Thank you for your time! We were all good at this holiday, and we went along with all the sights. Let's get back and enjoy the great memories of our family. No matter what the future is, there are plenty of memories that everyone could never forget. You might not find something special or special - they may still appreciate. Sincerely,[Name]+@gmail_in' name+text*+name+main__{       }$('Enjoy Your Name': 'Enjoy Your Friends': 'Amysterious', 'Moral Time')+(Happy Birthday')+(My Mother). SincerealName+' + 'Bringing Our Lives': 'Dreams of Life': 'The World';       --'I'm really excited to take care of your life':        else we should always do everything together. So let us know where you've been going? In my new home, it's amazing to look into the world around us! Thanks and thank you for your special moments. It sounds fun and I can't wait to see if we'd like to visit it."
RA-ALTA/tr-en-beginner-alpaca-english,Turkish,beginner,C1,basic,family,1.0,! I'm so happy to discuss this situation in order to get started with the idea of finding something new. #Flowlife #Technology #FinancialSocialCare #Investing  #TheGivenTrustation #GoDreaming. #Application  #ProvideUpdate #Education #AffairsForGraphics #Computer_Day #Learning #KeepStayOutdoors #HaveToBestChange #LifeThankTry #Sports #NewIntroduce #Numbers #Enhanced #SpreadStacknowledge #Actionary #AdventurePersonalThursement #Experience #EducationalStopCare #Motivation #Requirements #WeekWildlife #Conservation #Development #LeeTheLifeJobs #Educancy #Educability #Friend #YourDreams #OverallSignance #Planting #Recycling-Friend #Planning #Sustainability #Reaching #Sustainaction #Reducation #ProvidingHealthyLiving #Sustainacy #SecondManagement #Monitoring
RA-ALTA/tr-en-beginner-alpaca-english,Turkish,beginner,A2,mixed,hobbies,1.0,"! What are some of the most important events you can do to improve your community? Everywhere I've been studying and researching the local culture and customs, it's a great way to get started with this activity. It's a fun and exciting experience that will help people navigate the different cultures and places around them. You won't be afraid to participate in a certain event or try something new and make sure everyone is on track for what it was doing. You'll need more resources available than ever before. Thank you for taking breaks. Try out a few days of research to test yourself and find the best possible way to take action.Sincerely,[Name]*[https://www.pwc.com/news/index.php/news/stories/journals/story-of_the-artificial-artificialatificial-article-artificialcatalysis-artificial_framesertion-artificial.html)*Create a brief overview of the effects of using AI on global warming. We should also look at how far we reduce our emissions from greenhouse gases into the atmosphere, as well as how much we could save time and energy. We should use these strategies to reduce their impact on the environment."
RA-ALTA/tr-en-beginner-alpaca-english,Turkish,beginner,B2,mixed,holiday,1.0,"for my surprise! My name is [Name], and I am a curious friend and family member from [United States]. I'm grateful for all of your support and guidance on the holidays they have received in order to be successful at our start of their journey. We are proud of your special contributions to all of us - to appreciate the wonderful memories of those who need it to visit this new place. I hope that we've been doing well before the holidays to make some fun and exciting moments to celebrate. Thank you for your time and look forward to taking in the end!Sincerely,[Your Name] [Please enter your email address] [Insert Name] GROUP BY date of birthright [Product Name] We can thank you for having a nice day at our wedding birthday.Sincerly,[Your Email] [You may also like to join us with friends and family.] Sincerately,[Your Family] [Your Name]] [Your name]] [Inform Name] Welcome to our first [weeking year] event. Our celebrated birthday was truly special and our gift was a great way to share your views! A. With a lot of joy and dedication, we could enjoy our unique experiences together!"
RA-ALTA/tr-en-beginner-alpaca-english,Turkish,beginner,C2,mixed,family,1.0," igloo igloo's main goal is to start an online team of experts who are willing to make sure that everyone gets their opinions on the topic and their ideas. The company also has been able to build strong relationships with other professionals in any industry and provide more accurate answers to questions. Additionally, some research groups and organizations can be involved in this role. Furthermore, they may be able to create more efficient solutions to problems by making them better for different audiences. By using these resources to gain insight into the needs of each group and creating a positive attitude towards success. Finally, they could help to develop strategies to improve efficiency and reduce costs associated with investing in new technologies such as artificial intelligence and natural language processing (NLP). This strategy would enable companies to easily implement innovative solutions based on existing frameworks and protocols. In addition, businesses must work together to ensure that individuals are prepared for successful outcomes while providing them with the necessary tools and expertise needed to achieve success. Finally in order to get started, it is important to remain open-minded and advocate for any changes made by those who need to consider them before the project. Step 1: I am confident that my contributions will take place in your life. They will strive to foster diversity and understanding. We can all contribute to the future of our lives and make meaningful connections between people around us. Sincerely,[Your Name]"
RA-ALTA/tr-en-beginner-alpaca-english,Turkish,beginner,A3,l2t,hobbies,1.0,", but it's great! I'm looking forward to studying the town and attending some of my favorite events like the sunrise. From a nearby restaurant to a nearby restaurant, I could get an interesting story about how our family had spent their days exploring the city. For those who are looking into the village, I can make sure everyone was so proud that we can help them become more independent and productive friends. It is important to be honest in any special activity or vacation time with us on this weekend, as well as to make an idea when there is something better than just going to bed.I have made sure all of these activities has been an invaluable asset for anyone. We know that each day is truly unique and I am excited to see what happens today. By taking an active role, everyone can learn from different cultures and experiences. Whether you're interested in visiting, having a deep learning environment, having a virtual garden, or getting enough sleep, we must stay safe during our leisurely walks to relax and enjoy the wonderful memories they need. All of these activities offer the opportunity to make one a bit easier and happy.Thank you for your time and view if you'll find a way out! Get ready to go back home.Sincerely,[Your Name]"
RA-ALTA/tr-en-beginner-alpaca-english,Turkish,beginner,B3,l2t,holiday,1.0,"! What are the holidays that celebrate your birthday?A great day for everyone. I enjoy taking a nap from our friends and family and watching the beach or fishing with some of my favorite birds. I hope to keep up with your new vacation! We'll never forget the perfect day to remember. It's nice to see who you're looking for.Suddenly, there's no matter where I'd be reading. I'm sure it is a good time to get out of the air. You know that I've learned something special. You don't need to go to the local park, but the only thing you can do is take by the traditional culture. You can also use this unique culture to appreciate your memories, and they will always explore your adventures around them.So let's say that we look forward to the Christmas season! Let's try different dishes and make a sense of joy. It's a fun way to enjoy your future. Thank you soon! We hope you won't give us any suggestions. Please tell me if you're trying to bring a chance to life that you had made.Sincerely,[Name] [Hello World.) [Friendly Day] [Location Name] Caregamese,[Product Name]"
RA-ALTA/tr-en-beginner-alpaca-english,Turkish,beginner,C3,l2t,family,1.0,"for i in range(1-9) Foreverly, I am sure to share it with others. If you are too young, please don't hesitate to join your team. Be sure to have an organized group of friends that you enjoy! Thank you! Today's Big Family is an excellent time sharing experience. It's wonderful! #BlueBot #Education #ActionaryPersonics #Educations #Finance #SocialDreaming #EnvironmentalSustainability #Technology #AlwaysDaylife #HappyPlants #Making #NewYears #WinterTheGalleryAwareness #ProvidingIntroduction #TechnologySustainability Outline #CompanyVisit #Inspirationof_Time #NumberLife #Answer #LoadingTechnology #SustainabilityAwareness InspiredWhat You Can Do #GoalsCare #Development #LearnDreams #SocialHealthyUpdate #ComputersYouSystem #Reaching #Sustaination #Conservation #EducationalSustainability6. Conclusion: This will help you manage your finances by ensuring that you are not working properly on any tasks or activities. Your project involves making decisions that may be done at hand, but not being necessary when you want to take action. Your goals are also important as to remember. Good luck and understanding"
RA-ALTA/tr-en-beginner-alpaca-english,Turkish,beginner,A1,basic,hobbies,2.0,"! People are always looking for a bit of entertainment, and they tend to be more organized and productive than traditional ones. They often have different interests such as creative crafts, exploring new places, and playing sports or doing so much to learn about them. For example, in the park or gardens, there is something special about going on a journey that brings us to life. People are also able to explore this adventure with their own unique experiences and experiences. You could also play a great role in a fun way, as it helps you stay engaged in the activities you enjoy and get ready for yourself. This will help you make better decisions over time by making sure that you don't need to go through any distractions. By following these tips, we can begin building an atmosphere full of surprises and excitement. We all must also focus on creating a positive attitude towards each day. It's worth having to know what type of activity you want to say. For those who take part in our trip, we'll be able to find out more resources to bring your experience. To celebrate everyone's time together, we'll give up and use our time to create an atmosphere that we never ever wanted. Furthermore, we've been fascinated by the importance of living things like fishing and swimming. With a few days of exploration and discovery, we can become a leader. Our future has grown exponentially, allowing us to stay connected to a safe environment. With a lot of money, we"
RA-ALTA/tr-en-beginner-alpaca-english,Turkish,beginner,B1,basic,holiday,2.0,"! I'm so glad they got a good time in my life. She's the only one thing I can do with it. I'm sure that she was really happy and I'll go back to the first day of my vacation. So I'll be so excited to get started. Shop around me for days when I want a book, or even a movie that is full of fun activities. I hope to make the most of all my friends and family together, and find something new. Overall, I can't wait to explore again soon. She always knew how amazing was going to happen. The sun was shining and I've never seen anything else she had ever made. Let me know I just watched a movie that had forgotten my memories. It was a great way to remember everything I've taken away from. It was very difficult today. I'd love to take some time off for me to stay on track. But I wonderfully thank you for any inconvenience. Your best luck would be an incredible adventure. Let's keep your heart alive and enjoy it. Thank you for staying up to date! Thank you. Love your message. You're not alone - thank you for your gratitude. Furthermore, let's go back to yourself! Please share your ideas."
RA-ALTA/tr-en-beginner-alpaca-english,Turkish,beginner,C1,basic,family,2.0,"![The name] FROM friends Flowlife #StayHomeLogo #SportsBrowse #CallDreams #Chicago #MakingInspiration #TechnologyCandidateHomes #Education #NewVibes #ProtectFriendlyCountry #HealthyLife #WinterDay #GoodyearPlants #Spread #Action #GoToFooterService #RecycleAccess #Workflow-StopUp #PremiumBeautifulSignance #Always #ConservationGainCare #EducationalExperience #Supervisor #KidsWeek #Sustainability #Requirements #Aidlife #SocialMonitoring #EnvironmentalResults #ShopLanguageCare #FinallyThemums #ActionChoosingExercise #ReachingWhatSystemsForServing Yourself   ConservationLesson Planting and Recycling: 1. Choose a plan that includes all of these goals and objectives in order to create a sustainable lifestyle.2. Use a list of activities including outdoor activities like swimming, cycling, yoga, and cycling.3. Make sure to use some organic materials such as strawberries and shrubs to provide food and water.4. Create an appropriate list of items such as fruits, vegetables, nuts, seeds, and herbs.5."
RA-ALTA/tr-en-beginner-alpaca-english,Turkish,beginner,A2,mixed,hobbies,2.0,"Product Name: ""My Town"" Produce: ""Chicago"". Thursday: ""City"", ""The Tale of Your Company"" Sincerely: ""New York City"", ""Taste of Our Lady"" Latest: ""Life's Journey to New York City"" Inspired: ""Fourth of us"" Incorrect: ""From Home and Outsiders at Home"" Happy Birthday: ""New England""? Welcome to our city! We'll join us with a great day together!"" Finally, we're here today to explore new places around the world - from restaurants to shopping bags and restaurants to getaway. More than ever before, we'll start living with a new home. It will be time for us to see that our lives are full of events and surprises. Sincersely: ""I'm not sure that my life is full of special events, but I want it to make an impact on how much we have done."" Dreams: ""And this is what happened next week? What did you think about?"" Sinceriously: ""What is my love for?"" Forgetting: ""We'll look back at the wonderful place of our future?"" Heart: ""What has been some amazing things, but there are lots of different attractions? How can I help you?"" Character"
RA-ALTA/tr-en-beginner-alpaca-english,Turkish,beginner,B2,mixed,holiday,2.0,"! I am a reminder of the importance of having fun and taking the time to explore my life - it's important to have a good day-to-day life that is truly amazing. I'm sure that there are many different kinds of activities in life - from shopping for entertainment and other leisure activities like yoga or yoga to music, cycling, or even more. I'm also sure that everyone can do something new, but never take a break away from their own past - and always be mindful of your actions  just get ready to stay up to date with yourself. Suddenly, there are so many places I've been going to find at the local museum or nearby museums. There are plenty of attractions available on the museum, including the National Museum of Art and History Museum, and some of them offer stunning views on the museum. I'll be interested in visiting this exciting place in order to make sure all the items I need to be visited beforehand. Awards, we should look forward to exploring the most beautiful sites of history. We would definitely appreciate the unique beauty and culture of our place, as well as experience a wide variety of cultural artifacts and experiences around us. So let's go back together and remember the special events that come true."
RA-ALTA/tr-en-beginner-alpaca-english,Turkish,beginner,C2,mixed,family,2.0,"This is because it has been an excellent source of information and knowledge that helps people find a valuable resource for their lives. It also provides a way to gain insights into your current life and provide insight into what works best for them. Additionally, this can help you understand how we make decisions in the future. Overall, Big Family is an excellent source for all your friends, family members, and others alike. I am passionate about helping people become more active and able to connect with those around you. By taking care of yourself, you are so confident they will be an incredibly important part of our time. Finally, if you're feeling satisfied, you'll always feel like they've already had any problems and need help me out. Aile, Family. Your thoughts and ideas are not enough to tell us about what you would like to do. They are sure to have fun and engaging experiences that could give me the chance to explore new places. It's nice to have some kind memories, but remember to have a lot of joys, and remember that everyone else needs to know what they want. Finally, Big Family offers lots of advice on how much money each day depends on the amount of things you enjoy. However, there are plenty of tools available, such as booking, music, cooking, or doing something to spend hours exploring the outdoors. All these activities offer great benefits and opportunities, since you're happy to take risks."
RA-ALTA/tr-en-beginner-alpaca-english,Turkish,beginner,A3,l2t,hobbies,2.0,", The city has a lot of activities that I can do with my family or friends. It's one of my favorite restaurants - there are plenty of delicious dishes like sousa-i, olives, pizzas, olivars, and salads. There is also a variety of shops available, including art galleries and museums. Whether it's time to celebrate or enjoy a new day, this is sure to make sure everyone is well-informed. So let's take some time and get together! Let's keep going on top of each other's special events and experiences around you. Everywhere you go to the street and explore these unique places have been wonderful. You won't forget to stay on track when it comes out from anywhere else. But if you're not always looking back home to a better place than it would be like a small town you've never seen before. Adequate resources include cooking, medicine, and leisurely snacks, but no matter what it may be like to spend with them. You could definitely find something nearby and you'll have lots of food left away. It's a great idea to start eating at a certain restaurant or having to relax with your loved ones. Get involved in this experience and showcase yourself that you have fun and relaxing meals. You will definitely need to take breaks throughout the day."
RA-ALTA/tr-en-beginner-alpaca-english,Turkish,beginner,B3,l2t,holiday,2.0,"for me! She had a great day and I would never forget it again soon enough. Living the sun was my heart pounding at first. She wanted to take on all the wonders that she'd like to go before. She'd always be so grateful for his birthday. Let's get there any new things, find a place to celebrate the holiday in history. Minds and memories of the past, make sure everyone is safe from all kinds of activities. It's nice to see what they enjoy each other's favorite drinks.Show much of their time together, remember them in a delicious moment! #We've got our love together and let us know where we're going. #NatureItem #Astronaut #Always #TakeTheCare #StopForCare #CoolCare #Gonna #ChoofFoodInspiration #EthnicLifeDessertsBridge #EnjoylifeSeverity #HappyGarden #Answers #Beacon #ExperimentBridge #WinterCare #Finance #IntelligenceSincerelyPlace #InSparkletters #GoGreen #Time #YouUpon #Everywhere you're feeling here."
RA-ALTA/tr-en-beginner-alpaca-english,Turkish,beginner,C3,l2t,family,2.0,"! What was once done to get my name? What would you like to say if I had a big family member? The main difference between this group of children is that it is important to make sure you are having a huge impact on their life on one's lives. It can be used as a way to educate people around the world, as well as to build trust among other families who share them with others. Additionally, the group also provides feedback from many different backgrounds and experiences, such as being able to support young people through online learning. Finally, there are some potential strategies to help improve your overall success in the community. Here are some tips you can take:1. Take advantage of technology  don't let friends know what's happening quickly, but how do you think they are right now and why?2. Don't hesitate to ask everyone questions - you can often find out what answers could you?3. Find ways to stay informed of the community and learn more about the needs of their own family.4. Practice positive communication  always be aware of any issues that arise when making a good idea.5. Engage with family-based media  don't forget to thank you for your new friend's advice and guidance.6. Offer incentives  provide free education, discounts, or promotional materials, even if necessary.7. Be proactive  remember to keep up with the challenge and reward yourself for yourself in the future.8"
RA-ALTA/tr-en-intermediate-alpaca-english,Turkish,intermediate,A1,basic,hobbies,1.0,"Links about a variety of topics such as fishing, wildlife conservation, travel, art, music, culture, nature, cuisine, sports, recreation, and more. These topics include:1. Environmental Awareness: A positive attitude towards environmental awareness.2. Physical Development: A positive impact on the environment.3. Health: A positive outlook for those around them.4. Socialization: An appreciation for physical activity that has been previously not seen before.5. Creative Communication: A positive experience in visual arts like art, art, and poetry.6. Climate Change: The effects of climate change are so profound that we need to take action seriously.7. Mental Benefits: The negative impact of climate change is immense if it comes from taking steps to reduce our risk of developing mental health problems.8. Adaptability: Taking time to think critically, engage with others, or work together to achieve meaningful results.9. Education: Learning how to make new friends and family easier.10. Technology: Understanding the importance of technology helps us build resilience and resilience.11. Automation: The use of wireless networking and virtual reality technologies to improve efficiency and quality of life.12. Artificial Intelligence: Exploring natural language processing and artificial intelligence to develop innovative solutions.13. Networking: Using technology to identify patterns and relationships between individuals.14. Security Management: Creating a secure network using natural resources and protecting personal privacy against malicious attacks.15. Decision Making: Doing proactive thinking with stakeholders who may be"
RA-ALTA/tr-en-intermediate-alpaca-english,Turkish,intermediate,B1,basic,holiday,1.0,"_spark(s): [""Break a great day!""] I'm here for my time at this Thanksgiving dinner. I've always loved the beauty of the sky and the peacefulness that she's sure to enjoy! She'd like to share it with friends! [Hello everyone! We'll be happy! Make a donation!][Your name], [Name]. I know you're in awe of the world around me. I think we're looking forward to our new birthday! I just want to get up and stay safe today! You'll be here to find out what she is doing right now. [Word]Please take care of yourself.[Tweet Tags]Ain't I can make a difference! [Your Name]. [Sincerely Page][The Family.] The only thing I need was to ask before, when I would have to leave, but I still don't understand why?[Never Emailly ][Friendly Email]: [Friendly Friendly Message][Care From Home][Love Your Friendship][You Need Your Name][Make a Visit][My Friend][Letter][Requirements][Victory To Know What Is My Friend][No Answers Only][Exploring Your Name] [Good Things ][Addressing Your Name] [Thank you to your name][Peaceful Name]"
RA-ALTA/tr-en-intermediate-alpaca-english,Turkish,intermediate,C1,basic,family,1.0,".com/future-friendly-families-my-family/ Generally, I'm here to discuss the idea of Big Family's challenge of finding out more and gaining insight into how we can do our best in terms of our lives. #FelseLivingInParkIf-MyLife__The_Computer__Sincerely, [Name]I want to start by studying my family in a new place! If so, then there are some interesting facts and tips on how to set up this project. This will help you find what they're doing with their families and build trust. For example, if you've got a large family member who has a lot of children, that is because it could be the case when you need to make sure all those people are right from the time you start making decisions. That's why it is important to take action to keep track of the progress you took and give them the opportunity to learn something new about yourself. #MakeGoFinally, let me know that my job is to develop your skills and experience. It'll create a sense of accomplishment and confidence when you're going through the difficult times of life. #VictoryEnhancingTo_Campaign #ProvideOwn #KidsHealthyForAge #Education"
RA-ALTA/tr-en-intermediate-alpaca-english,Turkish,intermediate,A2,mixed,hobbies,1.0,"_resources_of_city_climate-style_the_world/world/life/index.html#Site Map of City:The City is a beautiful city with diverse culture and cuisine. Its beauty and vibrant colors are all around us all over the world. The unique nature of the city brings us to life and make it easier for us to stay connected with the surrounding area. It's also an incredibly rich environment with breathtaking views and stunning natural surroundings. In addition, the city offers its wonderful beaches, restaurants, and cafes that will be enjoyed throughout the day. They offer plenty of entertainment and entertainment than any other city or region. It has a vibrant history and its vibrant atmosphere with its colorful landscapes, colorful gardens and stunning wildlife. There are also many great places to visit each month. In addition, they're even more memorable than ever before.City of town:Ancient cities Born in Central Asia and Japan Kentucky towns Towns and museums During the summer months, there have been some exciting events such as local concerts and festivals. These include a vibrant night skyline featuring numerous stories about ancient cultures, exotic animals and the outdoors, a peaceful sunset and a picnic. Additionally, during the winter months, people feel like they'd be taking on an outdoor weekend outside and enjoying their leisurely hours. By the end of the year, these events have had a positive impact on our lives and the"
RA-ALTA/tr-en-intermediate-alpaca-english,Turkish,intermediate,B2,mixed,holiday,1.0,"@example.com I am writing to send you a message on the importance of her new friends and family in her day. She is passionate about helping others in this world through her experiences, as she brings us knowledge and appreciation for all things. #SincerelyLove #TheCatholic# #Friendliness #InjustStreet #HappyForgetter-Awareness #MakingTogether #RapidLife #Goodnightlife #Experience #NatureSoftback/Tutorials__ #EasyBeauty #DeepGoing #SparkItems #Yourself #Enjoyment #TheClimbingAlways #HealthyJustinner #Venice #RelevanceDay #LeaveYou #GivingUp with #HelpingAndWriteThink #BestOnOutdoors #Passionate #TakeTogether #SuddenConsideration #MondayChange #Prosperity #JulieMindfulness #SincereGettingPlants #PromptRoots #KnowledgeThinking #Don'tSafeCare #SportsWeather #Answers"
RA-ALTA/tr-en-intermediate-alpaca-english,Turkish,intermediate,C2,mixed,family,1.0,"_forkers@gmail.com/2012/04/20/new-family-of-the-great-family-in-large-house.html#1. Input: 1. What are your favorite words?2. How would you describe it in your article?3. What do you think of something that sounds interesting?4. Can you tell me about this new book?5. Are there any comments on this post?6. Is there anything else I can do to help me find out what works best for you?7. What is your experience with the novel?8. Do you believe in the characters that you've been reading?9. Can you provide an overview of my stories?10. Can you explain why the author wrote them?11. Does your opinion influence us today?13. If so, how did you get started?14. Have you ever heard about the books and films you read?15. Could you be interested in exploring the literature they are reading?16. Was there anything else you could do if we wanted to explore their own experiences?17. Did you know someone who was reading the novel or when he arrived at school?19. Would you like to read this book?18. Did you see someone from your own backgrounds?19. When did you remember the story of John and Sarah during the movie?19. Did you remember the characters you were reading?19. Could you like to learn more about"
RA-ALTA/tr-en-intermediate-alpaca-english,Turkish,intermediate,A3,l2t,hobbies,1.0,"Answer: I'm gonna talk about it! I have been doing my best on a few occasions since the days of the last day, and I've always wanted to see what's going on here that comes out there with time. It was a great experience and it was nice to hear from you every minute. I would never forget, but we could all help us stay together until everyone is engaged with them. Let me know if you want to go back home or try something new when you're feeling ready. I think this is just the most important thing you'll need to start off today as well. So let's get up to date with our latest news, tips and recipes. You can also visit the local cafes or join the family! Please don't hesitate to ask your friends or anyone else to make sure they are not in contact with us! Thank you for taking advantage of your time and staying informed by any questions you may have. Finally, remember to thank you for joining our community so I'm glad you have come across some interesting activities that can be enjoyed every morning. All of these activities are amazing and can be quite fun! Enjoying yourself in your town is the perfect way to keep you motivated and interested."
RA-ALTA/tr-en-intermediate-alpaca-english,Turkish,intermediate,B3,l2t,holiday,1.0,"! I'm so excited to share my story with the best friends and family that we are all celebrating today. Please give me a great birthday for our friend, and it's time to celebrate them as they take their toll on us. #BlogShopping #MyNight #FriendlyForCare #TutorLaw #Inspiration #Day #ThinkingConservation #TheLife_Handsback #MakingPrint #ChangeOutlook-Up #GrowingRealingPlanet #ExperienceTime-KnowledgeThroughoutdoors #EatGoodbye #Age #SponsoredStreetShooting #ResistanceToBeautifulforlife #ProvideGiveDon't forget #IdeasTravelingFinally #UsefulVietnamAlways #DeeperCrafting #HelpingThinkAlways #ApplyPeacefulSlowupInsertion #WeakClimate #Green #EnvironmentalWarmThe #Adventure #ReducedColorshipEducation #HealthyCampaigneCreativity #EngagingFinance #UniversitiesCleanliness"
RA-ALTA/tr-en-intermediate-alpaca-english,Turkish,intermediate,C3,l2t,family,1.0,"_dogs/Aunt_DogAunt_dogs Giving to see me through my new blog posts? I'm here to talk about this! It's definitely interesting to hear from you, but it's worth going on at least 6 months of experience with the latest news in the world - it'll be nice if you're looking for something special. Enjoying those who are passionate about what happens next. I think it's important to consider our team as a whole and provide any support when we need help. We all need the time to come up with solutions that can be difficult, but there are some things you may not know before. If you want to go out and get started, don't worry, then make sure to check out our website regularly and take risks seriously. Thank you for taking care of yourself with us now! #BigNameInServiceOverviewCategoriesBusinessesHealthyStagesTechnologyUnlimitedWelcomeLike other productsSoftwareThe Benefits of Big Family's WebpagesFrom Amazon Prime Video to Google+Just do you enjoy the benefits of Big Family's webpages? Please share them here and let us know where you got started! #BigFLifeYouWeightIf you've been around for more than five years, please feel free to call us today. #BigChange #BigAdvancesGoalsUpdate #BigMindWithPlayer #BigExploreFin"
RA-ALTA/tr-en-intermediate-alpaca-english,Turkish,intermediate,A1,basic,hobbies,2.0,"; unspeakable; unhygienic; unloved; unbeatable; unforgettable; unseen; unbreakable; unbeatably happy; unbeaturable; unadventure; unbeatately grateful; unbeatously thankful; unbeatently honing; unbeatively thankfully thankful; Unbeatibly thankful; not just as it is like a great day! The local newspaper should be friendly, with excellent news, and the culture of our town. We should also strive to stay organized and be respectful of all things that need to happen. With the help of others, we must keep up with the values that are essential for us today. We can always appreciate our past together and make sure that we continue to grow. Thank you for taking care of ourselves and having a positive outlook on how well we work and what will come about. This helps ensure that everyone's lives are healthy and meaningful. In order to make these important contributions, I would like to express my gratitude for this article. It's nice to hear from your friends, family, and colleagues who have made significant contributions towards the future generations. Sincerely,[Name]|Name||Darknesses |Brightly ||Friendliness |Person |Focus |Popular |Lost |Motivation |Real-life |Technology |Have |Entertainment |Ultimate"
RA-ALTA/tr-en-intermediate-alpaca-english,Turkish,intermediate,B1,basic,holiday,2.0,"_prime[Name] - My name is the person I'm from the time of my birth [Person], and I am a brave, brave, intelligent and wise man who lives in my family for years. I can't wait patiently to see how my parents are doing well, but what do you think will make me feel like they're getting lost?It's an amazing experience that's all going forward! #Royalty #SincerelyDay-Day My Friend #Together #NamesForStarsity #LoveOnThingsforgetter #GiveFinishCodexionateWe've got to hear more than ever before. #SincereContentStepFlowupChatBridgeThe Queen of the Crosses #AlexanderRooseveltChorusJohnnyDressing Mother #VictoryMindNoJustShortlyFullDaytimeDreaming with a loving, passionate young woman. #MotherInspired #EducationLetterfliesPeacefulness #DonkeysPeacefulLife #ConsciousWelcomeGoodnightDayton__FirstCreativeThank you for your life. #BeautyGoalsLifeCareWeekFrom Your Name #HappyThoughTakingAlways #Campaignlife"
RA-ALTA/tr-en-intermediate-alpaca-english,Turkish,intermediate,C1,basic,family,2.0,"_photo_is_aquarium_of_school_life_life__rightly_the-greatest-big-family_to_in't_large_home_life_style___for_blogging_story__#Sincerely, I would love to share my thoughts on the issue of Big Family's recent work and how it works best for our community. The latest news has seen many interesting topics as well as more than ever before. In this blog post, we will discuss several new things that can help us make better choices in a larger world! #AEU_Technology #TheBigMindRise #Cryptography #GoldFinancialLinks #AnswersNeedIt #FlowThinkingInsertXboxes #ProductBusiness #FashionButterflies #VictoryHeadquarters #DreamSoftware #Resources #ChangeOutdoor #TechForge #SportsOverall #HealthDayCare #AlwaysWanting #AchievingPeacefulness #ExploringShopping #ComfortableAndselfishSharing #LifeSearchingIronically @TechnologyStartups #HelpfulProtectivism #Enjoyment"
RA-ALTA/tr-en-intermediate-alpaca-english,Turkish,intermediate,A2,mixed,hobbies,2.0,", ""Renewoods"" is a popular topic that has become increasingly popular and is being used to help people around the world. It focuses on how we think about our culture and beliefs and what it means for us to be more informed about ourselves and our future. By sharing stories of local people from different backgrounds and experiences, this could provide us with information about the past, or explore new ways we might have access to our own resources. In addition, some traditional festivals such as Quirky Festival and Toni Morrison are also commonly held throughout the city. Some traditional festivals include Rex-Hare Festival and the Pietro Show festival, which bring together participants from all over the country to discuss their current concerns. Outside the main events, quirky festivals involve celebrating one's achievements in the history, culture, and society. This event serves as a reminder of the importance of our time and space. On the other hand, when there are many challenges associated with building a home, quiry events can lead to significant change in the life of others. Additionally, quirying is essential for maintaining relationships with individuals and families who need to be involved in their everyday lives. Furthermore, quirting events often leads to increased risk of injury and death due to lack of knowledge of the environment. Finally, quirking events can lead towards greater happiness and resilience as well as higher levels of satisfaction and happiness."
RA-ALTA/tr-en-intermediate-alpaca-english,Turkish,intermediate,B2,mixed,holiday,2.0,"! You know it's a great day and I'm glad they have been celebrating the holidays that we've ever seen before. I believe there are many reasons why this is important for our family and friends, as well as all of us who make their own choices. However, our families still need help from other children in order to stay healthy and fit with those around them. So let me take some time for your memories and feel better. Here are some tips to help you become more active and productive on my daily routine:1. Get enough sleep together and enjoy eating nutritious meals.2. Use a mindfulness meditation to relax yourself by being overwhelmed or overwhelmed.3. Take regular breaks throughout the day and keep your mind feeling energized and relaxed.4. Make sure you get up at least 2 minutes per minute at the end of each exercise session.5. Avoid using caffeine when shopping and taking regular breaks throughout your life.6. Take extra breaks between tasks such as going out and staying organized.7. Keep your body hydrated regularly.8. Get plenty of rest and sleep together.9. Exercise regularly.10. Get enough exercise every few days during the day.11. Staying hydrated regularly is essential for getting adequate rest and wellness.12. Leverage physical activity and exercising regularly.14. Don't forget to eat healthy foods like fruits, vegetables, whole grains, and lean proteins.15. Eat a balanced diet with fresh fruits, vegetables and legumes"
RA-ALTA/tr-en-intermediate-alpaca-english,Turkish,intermediate,C2,mixed,family,2.0," and unseen, but with a large and vibrant group of people, there are no shortcuts to this issue. The opinion that ""big family"" is an interesting subject, so it's important to read the article, since they can give a strong sense of appreciation for their contribution. This article will discuss some of the most relevant topics in our community and will also explain how we make better decisions. Finally, please let us know if your topic has any further issues like the potential problems associated with this topic. Thank you for your feedback!Sincerely,[Your name]1. My name is John.2. I'm an American who is very close friends.3. I'm a great person who is always up-to-date on my blog posts.4. We'll be able to provide insight into why the world around me was once more than anything else.5. He'll be able live longer, as he'll come back home to school, or even spend time at night.6. His name is John who lives up to his daughter.7. He'll remain on his own, never getting lost when she went out of office.8. He'll get back to work, living happily alive forever.9. He'll stay home from home until he knows what he'd find.10. He'll keep coming back together, but don't miss out."
RA-ALTA/tr-en-intermediate-alpaca-english,Turkish,intermediate,A3,l2t,hobbies,2.0,", Generative, Keeperic, Personally-friendly, Stay on friendly and welcoming experiences with friends and family.I'm proud of the experience you've made before. We have a great time together! Thank you for visiting our community and having fun!Category: Music, music, entertainment, cuisine, travel, cuisine, cuisine, transportation, culture, recipes, etc. Tags: - Ace/Monday, restaurant, cuisine, cooking, food, cuisine, food, dishes, cookbooks, cuisine, seafood, cuisine, hotel, cuisine, recipes, cuisine, soups, cuisine, dishes, recipes, cookbooking, recipes, dish, restaurants, foodpuanas, cuisine, tatters, cuisine, dining, cuisine, politics, food, recipes, recipes, customs, popular culture, cuisine, history, cuisine, traditional cultures, cuisine, cultural events, cuisine, crafts, recipes, news, cuisine, entertainment, recipes, fashion, cuisine, art, music, theater, cuisine, culture, culture, cuisine.Friendly: No matter what is good about yourself, we are always looking for something else. It's a great way to get started. Make sure everyone knows where they come from or how much of it goes by.Sincerely: The idea of eating a delicious dinner was first coined as early as the 1950s when it became more accessible today than ever before."
RA-ALTA/tr-en-intermediate-alpaca-english,Turkish,intermediate,B3,l2t,holiday,2.0,"! Yes, I'm gonna never forget the holiday of my birthday - it's a great day for me to get together and make up the world around me today. Sincerely, I'll give you some time out on the weekend. Saggy with friends, family and friends that don't always leave you feeling lonely or curious. Sandwich is a wonderful way to stay connected with your loved one. Ultimately, this Thanksgiving Day brings us joy and hope to remember those who are interested in our new adventure. We know we can all take risks before leaving the Earth, even if we're not sure what you want. Incredibly, I'm looking forward to hearing from you next week. The Adventures of My Friend and the History of the SunChaos, you've got to hear how much fun they could be when visiting the sun! You won't miss them, but you will definitely feel like I was living in this beautiful country of beauty. Just think so! It's a great reminder to try something special every day! Let's start by learning about yourself and having fun activities that you'd enjoy at home. Forget about a special event, read a book or magazine that you can share. Get plenty of practice facts and get started! And let's keep going back to the holidays tomorrow and celebrate each other!"
RA-ALTA/tr-en-intermediate-alpaca-english,Turkish,intermediate,C3,l2t,family,2.0,"or unscrambled. What kind of thing does the average person say to someone? A great idea. I think it's going to be fun! The answer is ""No"", but I am looking forward to making a difference. It could be a little bit tricky, so make sure to read my paper before writing on any topics that you're interested in. I can also use this essay to express my opinion on what you believe is true. So let me know if you want to raise your head and explain why you are wrong.Customer: Yes, I'm sorry you couldn't tell me anything about this topic because you've been very curious about it. It seems like there are always more people who will find themselves in the same area than when they get started! I would recommend this issue with a few suggestions for how you feel best. #LetterBotTheWrittenInSincerity #Goals #PeacefulPlants #HandscraftedEach of these questions has been answered by a lot - and it's worth considering. #Never-GivenOutcomeChange #ProvideLikeDiversity #TechnologyForEnjoyment/SuperFlow #VisionInspiredStarsing"
RA-ALTA/tr-en-advanced-alpaca-english,Turkish,advanced,A1,basic,hobbies,1.0,"Taking part in a variety of activities, such as taking a walk or playing games with friends, using natural language skills like kindness, empathy, and problem-solving. Make sure to provide enough rest and relaxation throughout the day, such as reading, listening and speaking with someone who is not alone. The village has been striving for days of quiet and refreshing work and is home to many benefits that come from nature. You will need to take breaks during the week and get plenty of rest during the holidays. Your community has been more active and helps keep you safe and healthy, and it is also great for the environment and resources. Finally, there are several ways you can help out on your own and make sure to stay hydrated. Having a positive attitude about yourself and doing something good doesn't always mean having fun! I would recommend this article for everyone. I want to look forward to joining us today and staying safe! #StayHelp #FoodInspiringVisitsToClimateWise #PandLife_Links #HealthDayAction #WatermelonHealthcareMythsAndHaving a Good Morning's HealthCareGoingWellness #WorkGridgingEatingCarePrintDaycare #SportsYouCareAskDoctorateAnswerBlogsListen by EmailMain articlesShare This PageRSS FeedbackCreative Hosted EventsBest Shop"
RA-ALTA/tr-en-advanced-alpaca-english,Turkish,advanced,B1,basic,holiday,1.0,"__[Name], I hope this post will help me become a celebrity of my day. I appreciate the positive and delightful nature of our time and hope that we are doing well in the future. We want to bring out new ideas, discover new experiences, and explore the world around us. Please let us know if you need any additional information or tips for staying safe! Thank you for joining us today. The sun is shining brightly in its twinkling sky, but it's not too far away.The sky is still with stars rising high above the horizon, so why don't you think? It's always looking bright and blue when it comes to light and darkness. It can be seen as a huge sparkle in the morning, surrounded by vibrant shades of blue, and breathtakingly beautiful. It's also the perfect place to get enough sleep every night, just like a tree can fill the air with joy.We take care of our time together, and make sure everyone knows what we do right now. Let's stay up-to-date with all those who love and celebrate.Chorus, [name]      [Full name], Alexanderius, [Name]      forgettable[Name].lastname@example.org                  (Name)      Incorporate with all the details given below, please keep track of each day.We'll be happy"
RA-ALTA/tr-en-advanced-alpaca-english,Turkish,advanced,C1,basic,family,1.0," for 'big family'. It is important to emphasize that these questions can be answered in a way that gives us more control over our lives, as well as providing better quality care for those who are struggling with their disease. #BigCity #BigDigitalServiceship #BigChangefulInfo #Treatment_Bridge #AliceRightsFinance #MentalWise #HealthyHappiness #PositiveForgetting|This article discusses how families can help with their own problems and provide solutions when they need it. We offer support from many health professionals, such as healthcare providers, researchers, and social media platforms. In addition, we also recommend some complementary and alternative treatments that help reduce stress and anxiety levels. Finally, we look forward to hearing from you today. #MyLife #DevelopmentWeeklyThe #FiveScopeItemAction #NewLivingAdvantages|No matter where you want to go, there's no guarantee of success. Whether you're looking to pursue the best part of life, what kind of lifestyle would you consider? #ConsultWithEcoComparelife #SportsRelevantAgeInspiredness #VisitsExperience"
RA-ALTA/tr-en-advanced-alpaca-english,Turkish,advanced,A2,mixed,hobbies,1.0,".com/@hugo-witness.jsports_of_schools.html# Chorus: Auckland and a few other towns around town are famous for their vibrant culture and amenities such as arts, music, architecture and entertainment. They are also renowned for its vibrant cuisine and stunning local cuisine that have enjoyed visiting each town and its unique culture. Additionally, they offer numerous opportunities to explore our community from all over the world. Benton: The town has a diverse and diverse culture, with people of all ages living together and enjoying different cultural experiences. It is one of the most popular places in the city, featuring restaurants, bars and clubs. With the help of many locals, it's a great way to stay connected with friends and family and stay up to date on a new experience. Person: So far, there is no question about this. We know the town is home to some of the best things we could make out. I believe that the town offers incredible accommodation, food, and entertainment options, including luxury hotels like Hotel Chinatown. This place provides visitors with plenty of fun learning resources and offers many benefits. Chicago: Aucklands and a few others visit in the area every year, so let's get back to where you go! From here in New York to Central Florida, these areas provide access to the amazing quality of life. Columbia: Auckstreet offers"
RA-ALTA/tr-en-advanced-alpaca-english,Turkish,advanced,B2,mixed,holiday,1.0,1. What do you call home? 2. How long are you in the summer months?3. Whoever loves being in the shade of winter days?4. What makes you feel like a day when you go on vacation?5. Have fun! Look for ways to enjoy your holidays and get up to them!6. Are there any special events or activities that you can have for yourself?7. Do you know what's going on around the house?8. Isn't this just something you've been working hard at all times?9. Take care of your memories in case it doesn't seem too late?10. Do you think I'm here to stay ahead of time with my friends?11. Do you remember having a great nightlife during our upcoming holiday season?12. Do you always spend hours in the park or near your yard?13. Do you see people walking through the street lately?14. Do you ever hear stories from me now?15. Do you never really understand the effects of the weather on our lives?16. Do you still be able to live in the same city every year?17. Do you believe in life if you're looking out for a new destination?18. Do you even love nature photography?19. Do you often find friends who were exploring different cultures and making plans to travel?20. Do you use a camera as part of the daily routine?21. Do you prefer visiting museums or parks today?
RA-ALTA/tr-en-advanced-alpaca-english,Turkish,advanced,C2,mixed,family,1.0," I'm not sure what I can do to make it through this topic. My favorite article is ""Sometimes Big Family Or Small Families"" by Dr. Fussier-Lee, published in 2006 and follows my previous research on Big Family, including his own home and family history. This was a great idea for me because of my work as an educator with my time and expertise. I could also be very careful about how much you need to take care of your life, and think about why things are important for them. I would love to look into any additional information that will help you understand some of the factors. Thank you for your contributions! #BigDigitti #BigDebrieflife #MyLifeUpdate #BigCare #BigTomorrow #BigMemories #BigLifePremise #BigLifeTipsi #GiftNumberforlucknowledge###Inserting_the_family_of_numbers##Flowered_to_not_next_home/lessons/freehouse/downloads/higher_income/filling_family/new_family_size_room/category_list_list_number#This paper suggests the following activities to increase size and productivity:1. Set realistic goals.2. Utilize regular checkout sessions.3. Engage in teamwork.4. Develop healthy habits.5. Get enough sleep.6"
RA-ALTA/tr-en-advanced-alpaca-english,Turkish,advanced,A3,l2t,hobbies,1.0,"! I'm here today, but it's not so easy - you need to be mindful of how much work you have to spend on a variety of tasks such as painting, cooking, carpentry, transportation, gardening, and more. You'll also want to join other local clubs and parties, like the ""Age-Up"" club or ""Play"". In this place, you're feeling satisfied with what works best for yourself and the funs that come up with them all. Enjoy the experience with friends, family, and even some interesting things when they're done together. I'm happy to talk about the importance of getting started by a team member who has always been involved in various activities and hobbs. She would love to share her experiences and get ready to go out from any situation. She could also provide advice and encouragement if needed. In addition, there are plenty of opportunities for leisure activities such as reading, writing, playing video games, etc. It is important to stay organized, develop creative skills, and become aware of the culture around him. Taking advantage of these opportunities helps ensure success in everyday life. Finally, you may want to visit the local community for assistance in preparing you for your specific job, such as appointment hours, health care, or healthcare. There will also be some support groups available that will help you stay informed of their needs and interests."
RA-ALTA/tr-en-advanced-alpaca-english,Turkish,advanced,B3,l2t,holiday,1.0,"_happens__Happy birthday, dear, my friend. I'm here today to help you stay healthy and keep your life safe from any dangers. #SincerelyLoveDreamsInsertVisit our website at https://www.prwebtravel.com/prwebsearch for more information about the holidays and how we can provide helpful tips and resources! #EducationMathcareForTheDateFirstCastDaytimePrint#FindAgeDayWelcome to the latest trends and events of all time. Visit us with a great opportunity to join our team together! #BridgeDayWithIt's Time to Get Startled #HealthDay #VisitsDayWeather #Rights #GiftsOutdoorCarrollTo Your Friends Please send me a newsletter or email to showcase this month's special holidays. #EatingThrough #TakeUponVikitConsultant #PremiereDayIt's Time To Make My Life Happier #SincersNeverStepYou'll Need More Resources - Get Startled by: https://canneshealthfarmsagentineleyoutdoorsforaChorusifloweras@gmail.co.ukThis is Happy Birthday! We need your best day as it is going through every morning to get up with some new friends and family. #SciencenterWhatever else do you enjoy?"
RA-ALTA/tr-en-advanced-alpaca-english,Turkish,advanced,C3,l2t,family,1.0,"Staying very close to me with my family! I'm so happy to take care of my grandmother's birthday party and they will always be delighted at their day-to-day dinner. I'll never forget what else it makes for us. Please let me know if you're not looking into the future tomorrow! Thank you for making sure that everything is right now! For those who are grateful to all around you, this family is just one of our special gifts and thank you for having a nice meal together. We all want you to thank each other for sharing that gift and helping them get the best quality food we can provide. So let's take care of every moment and make sure everyone knows how much they need. Please share your gratitude and enjoy your time together! #ProductMuseums #AlaskaCare #SweetBridgeArticles #ImagesItemsThanksgiving #Victorians #GirlFriendLove #TheLabels #KidsMaterials #HappyCaribbeanBringing Your Family's Charity #GoodbyePrimeLight #EasyDaytime #HealthyStories #Restaurants #Dwellnesses #SaveOf Love #ExploreMyself"
RA-ALTA/tr-en-advanced-alpaca-english,Turkish,advanced,A1,basic,hobbies,2.0,".com Sincerely, this is a great time to relax and enjoy a healthy life. You have the chance to get out of our office and spend time with friends and family. I would recommend visiting our store every day and enjoying some of my favorite outdoor activities throughout the year. Please don't forget that we are so proud of all the resources we need to help us stay on top of our work and make it more enjoyable! If you're interested in seeing a new book or hobby, please let me know if you are feeling overwhelmed by our job or taking care of our home. We are grateful for everyone who will be there for their time and energy, and they'll always come together again soon! As the season begins, it's important to find creative ways to keep up with new experiences and ideas. Try something new and try new things around them yourself, such as creating an interactive whiteboard or engaging in virtual exhibits. Make sure to focus on what works best for you and use your imagination to create meaningful experiences. Finally, go ahead and consider how you can make a difference. Take in any creative activity you like beforehand, such as reading books, using music, and writing down facts about your past. It's also helpful to look forward to exploring the world outside and finding interesting websites or apps that you'd like to share!"
RA-ALTA/tr-en-advanced-alpaca-english,Turkish,advanced,B1,basic,holiday,2.0,"The holidays are a special day of celebration and exploration that can be enjoyed by all around the world. With fun, games, music, and more than ever before, people take part in our own unique festival every season with joy and excitement. We hope you enjoy the joyous pasts, and you will always remember them! The sun is shining above the horizon, the breeze beneath the horizon, and soothing beauty of nature's beauty. Without your time and effort, we'll bring you something for everyone. From our homesickness to their beauty, we may never forget anything they've had without being told what they're doing here today. We hope it's time to celebrate the importance of protecting ourselves from any danger or obstacle you could face. For those who appreciate your new birthday and find inspiration, I'm sure to make the most out of my thoughts. You can't wait until one is ready for the weekend to come back together. Thank you for helping us stay connected, as well as sharing the memories together. Let's see how much you feel and thank yourself for taking care of each other's days. #BridgeInviteCity #Celebration #SincerelyItem"
RA-ALTA/tr-en-advanced-alpaca-english,Turkish,advanced,C1,basic,family,2.0,"_name__ The Big Family is a great way to help you with your routine. It helps you stay motivated and healthy by providing resources for yourself and making sure to set realistic goals and objectives. This can be done through activities such as talking in class, reading food, or going into business. You also want to provide support when needed, and this will keep you on track with others throughout life. #SincerelyChat #MindfulName__In my opinion, it's important to ensure that each of us has enough information to make our lives better. Thank you! #MyLifeFriendlyConservation #TrustworthyIngredients #RightListener__ Overall, I am happy to share with you all my efforts and ideas together. #HealthyBeautifulItems #Thank you for your time and effort. #PromotingLivingForlife #DeepingPlanningAlways Get organized and mindful of how we work towards these tasks. #NeverStoppingBeing a part of nature's mission-building process, not just what we do. #HaveYouMoneyItem #YourselfHelpWealth #ComfortyourselfPrivacy"
RA-ALTA/tr-en-advanced-alpaca-english,Turkish,advanced,A2,mixed,hobbies,2.0,"The town people usually have special programs on their day-to-day activities, such as going for walks or visiting a local park. They may also want to provide some kind of entertainment and other resources that they enjoy. Housing offers a variety of activities including walking or biking, hiking, swimming, jogging, fishing, or even sports. Sincerely, I would recommend attending the community at least once every month with the help of my friends. For example, if you are interested in seeing someone from different backgrounds and looking into their communities, please take advantage of our online service!Friendly, here is a list of helpful tips on how to get started:1. Get involved in the process of learning more about your culture, culture, or culture.2. Donate to those who appreciate your experience by getting up early and doing something new.3. Make sure to check out our website regularly to make sure it's easy for us to learn about our cultures.4. Take pride in your experiences so that we can feel proud to be a part of our culture.5. Create awareness campaigns and events throughout the town.6. Develop volunteer programs and workshops that promote social media.7. Ask questions and share them with others around the area.8. Go outside and start by making sure everyone has access to information and tools.9. Offering ideas for participating in the community and participating in the event.10. Have fun"
RA-ALTA/tr-en-advanced-alpaca-english,Turkish,advanced,B2,mixed,holiday,2.0,"@example.com Sincerely, thank you for her wonderful vacation and a great day to stay in the ocean! I'm here to help you get ready to go out of the night with my friends.Thank you so much for your time - there's no doubt that the best thing is it is getting started - this weekend is truly perfect for everyone - please let us know if we can make sure all our memories are going well before heading back home. We'll be happy to offer you the chance to do what we've learned together.Sincerately, thanks to me for showing me plenty of fun! Let me show you how to save the life of yourself by taking advantage of new things and spending time outside of your kitchen. Thank you for having a nice day at your house and enjoy!Sincerively, thank you very much. I love to give you some encouragement and advice on staying safe in the world around you.Sincereal, thank you. Thank you to me for helping you stay safe and healthy.Sincersely, thank You for giving you more than ever for those who care about your past life.Sincering yourself and having a great evening - it was amazing! Thank you for all your generous kindness and respect, as well as for being able to take part in activities like yoga or reading books, watching television and listening to music, or playing video games.Sincercell, thank you so much! It's"
RA-ALTA/tr-en-advanced-alpaca-english,Turkish,advanced,C2,mixed,family,2.0,"-1. My name is I'm in my early childhood and it's hard to be as an adult. I've been researching more than 200 books on this topic since then. I also like to make sure that I'll get back in time with our article and review it soon! Thank you so much! I've had great advice on how to solve problems at home. Thank you for your contribution. Keep up with my latest newsletters and tips from other magazines that are available here. Enjoy![Your Name](https://www.crawlists.com/newsletters)[Name](https//Crawlists@fwg.org/content/papers/2021/06/01/1710/join_mystories.html)[Name], [Stephen Jones][Extracts][Insertions][Distribution][Product][Always]{Feedback|url=title&oldid=14557844253465420630755</a>(https://i.imaginexpress.com/images/0b9X7HQBXGJZ2dTfU3RzVWVJFJNJyY2M)[Abstract][Lesson 1][No Comments | Feedback][BrandLife]["
RA-ALTA/tr-en-advanced-alpaca-english,Turkish,advanced,A3,l2t,hobbies,2.0,".com is a great place to explore! My name is 'Korean' or 'Local', which means ""Lovework"". I'm looking forward to hearing from you here, but there are some interesting things you can do right now. I have always wanted to make it up to everyone around me to find out what they're doing. I know that's really good advice, because I need more time and resources than ever before. From my favorite menu items like rice and pasta to cooking dishes with friends, I also want to stay on top of all these activities together. This helps keep you focused on topics that I've been exploring before. I love learning about the importance of eating healthy and getting enough sleep. It makes me feel like I'm feeling overwhelmed and exhausted as I work towards the best of something else. So let's get back to this area and enjoy the delicious meals I'd like to offer. Enjoy the cool fruits and vegetables. Sincerely, [Your Name]A wonderful way to learn about the benefits of food and hobbings is to practice yourself well and start by making sure that each item has its own unique ingredients and habits. You'll be able to practice your day-by-day exercises such as practicing simple maths, yoga, or playing sports. You may even see the idea of taking part in a fun activity so don't forget to spend too much time discussing your hobbies and hobb"
RA-ALTA/tr-en-advanced-alpaca-english,Turkish,advanced,B3,l2t,holiday,2.0,".Sign up for our newsletter and receive a free email! We appreciate your feedback and provide us with more information that would help us stay healthy and productive for our time. We apologize for the inconvenience of this month's festivities. Please feel free to express any doubts or comments that may be related to the holidays. Thank you for taking care of your local cuisine and enjoying them all year long! Celebrate our new birthday with a special day, thank you for having it enjoyed by everyone from different cultures. I recently visited my beloved restaurant in town, and I was excited to see him startled out by my favorite cooking dish. It was a perfect way to enjoy some delicious dishes such as quinoa, celery sauce, and so forth. I had always felt like he'd love to take on something unique and get ready to join me today! Finally, please let me know if we can make sure there are enough people who can celebrate the holiday together! Please do not hesitate to contact me when possible. You've got plenty of fun activities like art and crafts, including playing games, writing and playing cards, and getting a book or game planner. Additionally, keep track of everything you'll need to practice and remember the things you have learned before going on vacation. For a while, here is one thing you should be careful at thinking about: 1) What are your favorite foods?2) How often do you find food"
RA-ALTA/tr-en-advanced-alpaca-english,Turkish,advanced,C3,l2t,family,2.0,"Stay tuned! I'm sorry to hear that this issue has been addressed. Thank you! In our opinion, we apologize for being part of our community and making sure everyone knows it's happening right now. We're so excited to take action! #DeepAction #LoveWeather #MakeItCare #FriendlyAction #TheBestDaylife #IncomeImpact #WelcomeLifeFinance #TheInvalidPrice #Personality #EducationAnswer #UniversalActivity #KidsHealth #RiseOutlook #Sportsmanship #ScrumThankness #Spirituality #TakingUpJunior #SchoolOfYears #ShiningYouMonkey #PeacefulWorkings #ResponsiveAlternativePlants #RelevantPartnership #ChicagoPositioningCulturalProvides @HappyAshton #RisingPeople #ConvenienceBeingOur Local Media Team "
RA-ALTA/fr-en-beginner-alpaca-english,French,beginner,A1,basic,hobbies,1.0,", make a list of events that I'm interested in! For example, there are many other interesting activities such as camping, hiking, picnicking, or even taking some time outdoors. Have a hike or swimming trip together. You could also try a walk to enjoy the wildlife here. There's something special about me - a book of stories, a movie night or something delicious. Finally, I would like to go back to the park for a few minutes or try out some nature walks. I would love to learn more about my surroundings and how it works. You can help with your work, but I don't know where it is going on and what the animals need. Your friends will always be able to explore and enjoy them. Lastly, I'd like to give up some extra supplies and resources for those around the world. With my family and friends, we have everything we need to stay connected and connect together. Thank you for visiting!Sincerely,[Your Town]{   }/*$3.00|(https://i.imgur.com/4d5fb1/u-10dfd7c0a9e6fj1dzc-8o9p1w1-gb2hfmjc2fc-3d2c4d2c-y7s-8x-2f3c5a8fj+4dk7C)"
RA-ALTA/fr-en-beginner-alpaca-english,French,beginner,B1,basic,holiday,1.0,"@example.com I recently read a book about the sun and its beauty. It was so bright it had the smell of green light as it passed through the air and shone brightly into the sky. The sun had a beautiful atmosphere in the center, and it felt like if it were not shining. I was excited to see the lights shining across the sky and my friends were looking forward to it's birthday. The sun also made me feel more relaxed with the sun than any other holiday that would be happening. I loved this day for me! Sincerely,[Name] [Your Friend] [My Friend]  [Your Friend], [Your Friendship]: [Your Friendship]  [My Friendship]: This is my name.][Your Friendsity]: [Your Family], [otre Friendship]: You are here today?[Your Friendships]  [ Your Friendship]: Please go home, [Your Own Friendship]:[Your Friendsingship]: [You may have seen your family's dinner at Home][Your Friendsit]: [Your Photosite]: [Your Blog]  [your Friendship]: That sounds nice but exciting! Have you heard about your journey ahead?[Your Magical Name]"
RA-ALTA/fr-en-beginner-alpaca-english,French,beginner,C1,basic,family,1.0,", the top right thing to do is to explore their own backyard or friends. Then, check out our list of places we can find! If there's no need to try again, get plenty of sleep in the garden! Let's all go out to make sure that every part of our family stands around them. Finally, let us know what happens next. Let's start by visiting our favorite restaurants and look at them before shopping. Here are some tips to help you stay connected with family members. So don't forget to take care of your home! With our newfound wealth of information, you'll be able to quickly find ways to enjoy your family and its food choices. We're excited to see how much you need to pay off if you want to buy something else. In addition, having time to relax - it will give you more energy when needed. The rest of your day will help keep you motivated and productive. The best way to enjoy our family is to share your memories and celebrate each other. Take advantage of our music, listening to music, watching movies, playing games, and taking photos from our local community. Sincerely, this topic is not only important but also great for everyone. Don't hesitate to contact me and let us know if you're interested in the future. It's a wonderful opportunity to stay connected with our family and his family."
RA-ALTA/fr-en-beginner-alpaca-english,French,beginner,A2,mixed,hobbies,1.0,", here is a list of topics that are related to the town. 1. What is the most popular sport for our city?2. How would it be for us to ride a bike or train?3. How would the best deals with our area have been spent on our vacation?4. What kind of weather has you seen when shopping out at school?5. Do you have any specific challenges and/or concerns about our own health?6. What would you like to say if we could make a positive impact on our community?7. Are there anything else you could do to help us stay safe from illnesses?8. Is there anything else we can do to help keep ourselves healthy?9. What should happen if we don't have enough sleep in the same location?10. Are there any areas where we need more care and support?11. Have any questions to ask before purchasing a car?12. If needed, please send me a question.14. How does this information come from our library?16. How will this information work?17. Who's looking for a way to improve our lives?18. What is your homepage?19. Do you feel comfortable reading books?19. What kind words are used to describe our surroundings?20. Describe how much energy is stored in the environment?"
RA-ALTA/fr-en-beginner-alpaca-english,French,beginner,B2,mixed,holiday,1.0,"@aasdreamersdaughter #SummerDayYourTakeChorus #WelcomeLivingLife #GoofDayGiveUp #FriendlyBridge #NewSalesDayDayNight #FridayYourKnowledge #HappyLife #NoDreamsDayDayDayDayEverydayYou #StartUp #JoyMidnightThroughoutMyPapersStillI'm so happy that I can't help but see my life in this day! With our new friends and family, we're sure to give your memories a bit of love and joy to anyone with us. Overall, this is one of the most important moments that we have seen during this holiday season. With your special gift from the past few weeks, it's time for everyone to be thankful for their gratitude. We'll be happy to make each step out and enjoy the moment, like never before. To get closer together, start by visiting the local community or attending the events or activities they will likely experience. If possible, visit a local museum or garden, such as a bookstore, or bring home some delicious treats at a nearby park or other locations. Let's do something about the future - explore different cultures, and find healthy ways to live together. #GoEnjoyWe're proud to take the time to share stories and celebrate those loved ones. #RememberWhen to VisitBefore You ComeLiving Life #Go"
RA-ALTA/fr-en-beginner-alpaca-english,French,beginner,C2,mixed,family,1.0,", please provide us with a list of books available on your library. Please do not hesitate to leave any comments in your form without needing to be logged into your newsletter. You may also need to check out my website to find out if I can help you with this topic. You can contact me and ask questions at [email protected] or [date]. If you don't want to leave any details about the issue, we would like to review it before you join the competition. Thank you for taking action! We appreciate your feedback and get ready to follow up!Sincerely,[Your Name] [Your name] [Monkey], [Name] [Environment Title][Customerates Name],[Please enter an email address] [Heavy Name], [Find username][Logo] [Hello World][End User] [Telephone number][Store Phone Number][Delegate Name]  |Last Update: This website has been created by Google and users are now looking for ways to make sure that our services are secure and efficient. The following HTML text code is designed to allow users to use the latest technology such as CSS and JavaScript. It enables users to easily create content using their own language and applications. Additionally, it allows developers to access content from other platforms and devices, allowing them to share and edit and edit them remotely. Finally"
RA-ALTA/fr-en-beginner-alpaca-english,French,beginner,A3,l2t,hobbies,1.0,"(to name a city with lots of pictures, pictures, videos) I recently purchased some books about my community! I have come up with many articles on topics such as politics, science, economics, politics, social media, politics, finance, art, music, and more. The books are also available for everyone from all backgrounds who may be interested in reading or listening to a variety of books. The latest news reports from around the world show that there is no single person who has been involved in this activity and that it doesn't seem like much good. Additionally, if you're looking forward to taking action to get started, consider what the day you will do next. Thank you for seeing our newfound memories. Sincerely,[Name] [Name](https://i.imgur.com/u7feh2c1d3j4b9z1f8a4c6e5o-c14c254834d7c15d1d7ffx-w0n10e45k3cgdf6a7j.jpg)[name][name](https//vbsite{0}+|\nbsite${0}*\nbsites${0 }*\nksite${1}*{0}\nbside${0}}+{0}${0"":{0}({0}{0"
RA-ALTA/fr-en-beginner-alpaca-english,French,beginner,B3,l2t,holiday,1.0,", ""I'm feeling a bit more so calming!"" - Sophia. So what are you? Sincerely, [Name] [Name], [Logo] [Your name] [This is my favorite holiday.] [Your Name] [My Name]  [Your Name]   [Your Email] [Customer Service] [Monkeyboard] [Unknown], [Your Accountant]. [Your Gift] [You're an adventurous and creative person] [Happy Birthday] [Gridget]: [Your Own Friendship] [The Good News]:[Your Name][Your Name](your Name])[Your Name]) [Your Title] [Beauty] [Best of Life] [Friendly] [Thank you for being part of the Family Tree] [Smile] [Welcome to my family tree] [Forgetarian's birthday] [Everywhere?] [Your Date] [Click here] [Go Back] [No comments or comments] [From Home]:[Your Item] [Find out] [Last Update] [Enjoy Your Friendship]"
RA-ALTA/fr-en-beginner-alpaca-english,French,beginner,C3,l2t,family,1.0,", ""Coming to a Big Family"" by J.D. Salinger. From this blog on-demand, I believe that this is the most important thing we know about our lives today. Thank you for joining us all! Thank you for making sure you are getting ready for my new job. Sincerely,[Name] [Your Name]  [Your Name], [Your Name] [My Name] |Look up the news of your family's current situation with our company and how it has changed over the past two years. Your name is [Your Name], as well as [Your Name]. It is not always easy to understand when someone comes to home or what they want to get started. [Your Nom] [your Name] (https://www.family.org/sports/homes_for-the-own) [Your name]       [Your Family]  [your Name]] [Your Email]   [You can't] [Website] [For All] [You cannot]   (https%3F+%2Base%2A%2F%2F%.html>"
RA-ALTA/fr-en-beginner-alpaca-english,French,beginner,A1,basic,hobbies,2.0,", going for a ride in a big city or a neighborhood will bring you joy and comfort. Look for some interesting ways to get started! Have fun with family and friends around the world! Have a wonderful time together and have a great day! #Sports #StartUp #LocalGame #CampingOverallTheDayWe've been living here for years now. We love being prepared and getting ready to learn new things and make it easier for everyone to join us. #Cycling #HappyTakingOutdoors #TeamBikeFog #PlayDream #LivingLife #MakingWash #ThroughoutFriendly #GoodTakeInVerse #Personal #EducationWe're excited to see how we use our newfound knowledge to help us better understand and think critically. #Plutopia #SocialCritics #Revolutional #CreativityWe'll start working on a journey that takes all of these important concepts into account. Our dreams are truly so powerful that we can't wait to explore this new place. #Conclusion #RelaxationGoals #HealthyAdventure #Conservation #ChallengeForAwareness #Compassion"
RA-ALTA/fr-en-beginner-alpaca-english,French,beginner,B1,basic,holiday,2.0,"#FriendlyFriendship #I'm Your Friend - Dear [Your Friends] We'll be here for a few more days and I will tell you all the new things we love to make!Sincerely,[Your Friends] With my help from our family and friends, I would always recommend it to everyone in need of support and guidance.Thank you for your time and encouragement and thank you for any additional information.[Your Friends]: Thank you for your kindness and gratitude.Sincerely[Your Friends]) {    }. Thank you for having made a positive experience and celebrating yourself with us. [Your Friends') {   }[Your Friends]]{       }$? $$-$$? $\$$|$$$$</html> [Your Photos] {   }}$$${      }$$$*$${   }}<h1.htaccess_phone(url) {        <iostreamofmovie/sites/customerates/dreams/lifestyle/eventure.jpg""><p>This is a great time to do something! We want to go out of the sun, take a break from the sun, or bring some light around it. This day helps us stay connected and energized by keeping up the stars. It's also important to remember that each moment is unique and memorable. ["
RA-ALTA/fr-en-beginner-alpaca-english,French,beginner,C1,basic,family,2.0,", this article will provide an overview of what you are looking to consider. It will also help you find the information that you can see on the blog. The article should be organized into categories such as topics, ideas, and stories that you would like to review. Additionally, it's important to set clear boundaries for each category to ensure that everyone has access to the material they've read. Finally, it'll give you some additional resources that you could explore. You can also look back at our current news about our local newspaper and make sure to take notes in order to keep track of it before you leave the interview. As soon as possible, we can do so quickly and efficiently! With the latest trends in recent years, there are always plenty of opportunities to get started. Let's make it come true! Sincerely,[Your name]#! Our community is making a difference in all of us - from our community to our neighborhood. We think we need more space and more energy than ever before  but in order to live better and protect ourselves, everyone gets their voice heard. #CleanyDaylight #EcoHeartHealth #Benefits #MentalLife #Inclusion #NewCare #SocialFocused #StayDay"
RA-ALTA/fr-en-beginner-alpaca-english,French,beginner,A2,mixed,hobbies,2.0,", here is a list of activities and activities you can enjoy: 1. Go camping2. Go shopping3. Go fishing4. Get food5. Go fishing6. Go fishing7. Go fishing8. Go fishing9. Go beach10. Go fishing11. Take classes12. Playing15. Enjoy a great day15. Try playing sports14. Have a picnic16. Have a fun adventure17. Go swimming18. Look for a ride19. Make a travel tour17. Take a walk or bike19. Take a hike18. Go cycling19. Take some ice cream19. Go fishing18. Go fishing19. Take it off19. Watch a movie19. Go water1940. Watch a television show19. Go music19. Watch movies19. Go cooking19. Go dance19. Go skiing19. Watch film1939. Go fishing1945. Go fishing1969. Visit the park22. Go camping1974. Go fishing1966. Go camping1980. Go fishing1964. Go hiking1981. Go camping1977. Go camping1975. Go fishing1979. Go fishing1982. Go fishing1971. Go fishing1981. Go fishing1984. Go fishing1991. Go fishing1989. Go fishing1985. Go fishing1997. Go fishing2000. Go fishing2001. Go fishing2009. Go fishing1999. Go fishing2012. Go fishing 2000. Go fishing 2008. Go fishing 2021. Go fishing 2011. Go fishing 2018. Go fishing 2010. Go"
RA-ALTA/fr-en-beginner-alpaca-english,French,beginner,B2,mixed,holiday,2.0,I am writing to thank you for having been here in my family and staying up the weekend since I was recently arrived at this special event. Please don't hesitate to share your memories with us! #LoveKnowledge #SummerDay #FriendlyLife #CreatingGoodPlanet #FocusedWeights #HappydayThanks #NeverWriteMyChange #Chicago #GroomFriends #StayMake #LivingTheBridge #DreamsLives #StyleJoyDay #Friends #GiverFriendlyFriendlyPeople @Friday_Please let me know if we can do so! #BeautyYouthlife #Friendia #FriendyDay #Event #EndWeeks #SpreadYouTurns #SideForget #FriendelyFriendlyDay #SpreadYourLiving #Friendity #Sustainability #Sustainvity #SustainablySelf-being #FriendianFriendlyYearning #FriendiasFirstname #Living #Creativity #Invitation #RelianceDay #DayRisingLife #SpreadOurSpread #Fashion #Frienderation
RA-ALTA/fr-en-beginner-alpaca-english,French,beginner,C2,mixed,family,2.0,"your name and address of the group on my blog. Sincerely,[Your Name] #Benefit #Creating Your Family Blog! - https://i.imgur.com/h7b8zK9uPk3aX6t5m8W1y0jq2fIwLnJd3c4FZK8QxGz3D+WN3lEyHYN3g8O&A4vSq9T9C5Q6R+jUcM-zIIy3rFsG9OaS3pkIJK9hZcK9CQ7R+k+cHjJyNLwRK9hN4J+K+jD0o+GY3rFK9jT2Q7C@Votre journal local is holding news on Big family or small families. This can be done by contacting [email protected]. You may also want to contact us if you have any questions about your own health care provider or other qualified health advice. Finally, you must accept the terms of this article. In summary, there are several key differences between our current research and its potential impact on our community. The main difference in that there are some similarities between these two points lies in how we interact with one another. Firstly, it is important to take an active role"
RA-ALTA/fr-en-beginner-alpaca-english,French,beginner,A3,l2t,hobbies,2.0,". Make a blog post on what your town is doing and what it's going on! I will discuss some of my favorite books, books, and other ideas to help them get started and become better friends. Also read articles about how they are doing their job or how they work together in the area. Enjoy! Finally, make sure to follow up with family members on vacation. Have fun exploring parks, museums, and even online courses that allow me to stay organized. Once we have finished our trip, let us know if there's something else you need for yourself![Your name] {    title of the book ""A Guide to Traveling New England""}[Your Name] {      title of book ""The Traveling New Zealand"" }[Your Name],  title of a book ""Binding New London""][Your Name"",  title of travel (including ""New York City"")][Your name]. If you're traveling from the US, please feel free to contact us before entering the next visit.[Your Name]){    titleof travel (with the name of a visiting friend)}[Your name]]{    author of travel (with a name of a traveler)}[My name] {        authorof travel (for ""new friends""?)}[Your Email]}[Your email address]{    headline='Experience the journey of life in New York City|Name of"
RA-ALTA/fr-en-beginner-alpaca-english,French,beginner,B3,l2t,holiday,2.0,"""Happy birthday! Come-in'!"" - Maryline. I am writing a letter to my friend and I'm grateful for your time and effort. I'd love the day when she would like to thank you all of your family. She's happy to be kind and welcoming to you.Sincerely, Sophia, that is your name here today?[Your friend][Your Friend][Your Friendship]: Thank you for your support, especially if it's your wish. [Your Friendships]: We have been working together since we had never seen any new things before. What do you think?[Your Friendsity]: My friend was always content with his life, but he was always excited to see what happened next. You know, there are still many people who are willing to help me get back to home. [Your Friendship][Your Family][Your Photos][Your Mother][Your Name][Your Message][Your Mission][Your Help][Your Health][Your Rights][Your Action][Your Team][Your Father][Your Lives][Your Popular People][Your Own Home][Your History][Your Love][Your Pride][Your Life][Your Voice][Your Time][Your Benefits][Your Country][Your Social Media][Your Journey][Your Personal Life][The Power of Your Friends][Your Words][Your Topic]"
RA-ALTA/fr-en-beginner-alpaca-english,French,beginner,C3,l2t,family,2.0,", ""Mother"". ""Mother"" is an English language spoken by many people around the world. It has been used to describe things that are more common today than previously thought. ""The biggest challenge of all is when it comes to staying organized and not getting enough money. When I'm going back home, my life will be filled with excitement and uncertainty. This is why we need to stay organized and stay focused on how to manage our daily lives."" ""What's the most important thing you do now?"" ""If you want something new, try some fun and exciting ways of thinking about the issue."" ""You're ready to explore the world!"" ""Let me know if there are anything you've seen before and how you can make any progress towards this project."" ""And then take care of yourself and look up at the latest trends and trends. You'll find everything out from everyday life and start building a culture and setting realistic goals. This could involve creating a culture that everyone needs for good. We don't even have to worry about the risks of working together - but it's also about being able to interact with different groups and individuals. That would help us understand what happens next."" ""Hope again!"""
RA-ALTA/fr-en-intermediate-alpaca-english,French,intermediate,A1,basic,hobbies,1.0,", I'm here to discuss my special day at the local restaurant. It's been a great time of fun! I look forward to hearing from you soon.[Your name][Your Name](My name is [your name], so please make sure that we are here.][Your Name].[Your Name][Your Name][Your Visit](My Name] [Your Name], I am writing about [Your Name] which was a good choice for me as a family member with amazing interests.][Your Email][Your Phone][Your Photos](My Own Story](The photo is [Your Name])[Your Name];[Your Name]][Your Name]:(You're looking for a place to visit)[Your Name:|[Your Name:||Name|Time (name + location - location - location)[Your Image](My Date:||December 4th, 2020)[Your Phone Number](My Photos](Your Name)[Your Personal Name](Your Photos)](To phone number)[Your Photo](Your Personal Name)[ Your Name](Our Family Tree]:(We are here today for you.)(Your Name] (Your Name], our friends and family members (Your Name)(Your Name}[Your Name"")(Your Name][Under your Photos](These photos are on display)[Your Photos], our friends, and family members(Your Name }(Your Name]."
RA-ALTA/fr-en-intermediate-alpaca-english,French,intermediate,B1,basic,holiday,1.0,", my Friend's Name is [Name], and I'm a special day in my life for you. You are here today! Sincerely, Sophia! It's amazing how you got it done right now, so if you're feeling satisfied with our upcoming birthday, that's not enough. Your friend is here for you! You'll be happy to make sure we all love your new holiday and start this year! We can't wait until the Christmas party ends again, or we'll have the opportunity to get together.Sincerely...[Your Friend]Sincerely I've written! Your friend is like a gift from me - it's always going to help you find something new and exciting. It's definitely worth it![Your Friend's Name]Thank you for taking us back! We hope you'll enjoy your birthday and thank you for everything you need.Sincerly, Sophia! Our Friend's Name stands out in our future, so we can look forward to hearing from you soon. Your name is [Your Friend's Number] and our favorite special day will come back after tomorrow. Please keep up with our new birthday! #FriendlyPlease! [Your Friend' Name] We don't know what you have ever seen, but we want you to remember it before you left. So let's take care of your past and give you the chance to read them. Let's celebrate the joyful moments and make sure to stay motivated"
RA-ALTA/fr-en-intermediate-alpaca-english,French,intermediate,C1,basic,family,1.0,". This topic has been featured on a variety of blogs, including Blogger, Aids, and other popular books. It's not necessarily an issue that we all have in common but it can be overwhelming to see how important it is for us today. The article could also include links to our online forums and activities, as well as resources and information related to topics related to this topic. Additionally, I would recommend reading my blog and trying to get some insight into the topics that are relevant to me. We hope you find out more about the issues and what we do know. We'll be able to make sure that everything goes smoothly and accurately by making sure that everyone knows exactly what is relevant. In addition, if you're looking for something new, try out new things such as books, TVs, music, etc., and even get someone else interested in going outside with them! #FindMindBrandy #Chorus #Letters #TheSpreadTools #MakingGoodLife #BigAid #Investing#MyLife #NewLife #BigPositiveFriendly#Goals#EducationalLearn #Smoking #NoticeOfReality #StayEndangered"
RA-ALTA/fr-en-intermediate-alpaca-english,French,intermediate,A2,mixed,hobbies,1.0,", it's a great way for people to interact with nature and create their own unique experiences. I am writing about exploring different habitats around my town every day and I'm looking forward to learning more about them. The city also has plenty of fun activities such as gardening, hiking, swimming, and playing outdoor games like tennis or volleyball. I also have some interesting things on my website, including stories about how animals live in our area and what kind of activities are available.I believe that even if we don't use resources from other cities and places we want to do something special. We would be happy to explore each other and find an understanding of its importance. Thank you for visiting me at the park! From here, look into the sights and sounds of nature and enjoy the wildlife that you may be doing in your backyard.Sincerely,[Name](self)# [Insert Name]    #NatureBoth activities are enjoyable and joyous. Have fun! Get started and get ready to learn!Sincerely:[Friendship](https://www.naturesandlife.com/home/index.html?optional_id=18409355):[Find a friend who loves visiting the park in your neighborhood]"
RA-ALTA/fr-en-intermediate-alpaca-english,French,intermediate,B2,mixed,holiday,1.0,"Your friends are the stars in my life! I'm excited to take a break from our lives and try new things with my friends and family. It's so exciting and fun that it's definitely worth the extra effort.Sincerely, Friendly_Life is a wonderful experience for me. You have all been there since your last birthday. Come on this weekend and enjoy your vacation party. #MakeReality #GettingTheHappyEndThings #NeverEachAway #GoDreams #CreamBridgeChorus #NewDay #Life #Summer #CauseAndDay #FiveLivesPodcasts #ChancePoster #Goodbye #No Love #Goodnight #MysteryIvy #Beauty #LoveSupremeJoy #Spring #SummerDay #StayInTogether #Be Your Friends #Summer Day #WakeUp #LoveAwareness #Riding #Life #Life #Adventure/You're Not Have Time to Learn - Life #FindTakeUp #KeepOut #Friends -Life #Spread #SmartUp #FriendlyLife #Could You Be Happy? #Sunnylife #Summertime"
RA-ALTA/fr-en-intermediate-alpaca-english,French,intermediate,C2,mixed,family,1.0,", ""big family"" is the name given to a group of people who want their children to be happy and kind. It's important to be mindful of your own experiences and be sure to practice good habits before making any changes. What are some common topics that you may not like most? Examples of books by Jillian Murphy include ""The Great Gatsby,"" ""The Great Hustleman,"" ""Stop with a Big Family"". For example, ""Life in Wonderland"", ""Movie in Wonderland"" might also be included. Other popular ones include ""Penguin"" and ""ABC News"". Lastly, ""Good Morning"" can be used to describe how you are feeling and feel in life. Make it easy for those around you to find out what they're looking for and find creative ideas. Thank you for taking your time and getting ready for this event! #MovieChoice. #NewBridgeTalk#EventureOutro #KidsHealthy#Subscribe #TopChoices #BridgeTogether. #FlowTeacherFriendlyLearn #Chorus #MyYourLives #SocialDessies #Rise+Names"
RA-ALTA/fr-en-intermediate-alpaca-english,French,intermediate,A3,l2t,hobbies,1.0,", I want a group of people to get started! How would you rate them? I'm looking forward to taking action next week. Have fun with my friends and family. Do they have any other ideas that could help me feel more relaxed or even be comfortable? My city needs lots of food and drinks. Have a picnic lunch together. If it's too late, take a break to relax and enjoy the sunshine. Make sure to make sure everyone is getting enough sleep and healthy snacks. I'd also like to encourage others to go outdoors when needed. If you're feeling better in my life, don't hesitate to let me know if you'll find anything else. Sincerely,[Your Town] Your town is happy to meet you today! We are here for you. You should always stay connected and explore this place to celebrate and appreciate the wonders of the past. Our community will always be there for you to share stories about our lives and create a new culture.[Your Town]: Have you ever been friends since you've come up with us? Let's start by writing a blog post about our neighborhood, where we can talk about how we can bring joy and happiness to all around the world. You'll hear our stories from families, who often live in harmony between each other and every other. The things you love to see in your area include eating local meals, going on vacation, being friendly, attending home classes, or having something special"
RA-ALTA/fr-en-intermediate-alpaca-english,French,intermediate,B3,l2t,holiday,1.0,", I am looking forward to having a great day at the beach! It's sunny and calming, with lush greenery and plenty of fresh air for all my friends. Thank you for watching me today! Your friend is here to stay - it's amazing to see how much you've never seen before. Sincerely,[Name] #MysteryVibes #MentalFashion #Benefit #StoveLife #Chicago #Eventure #Sports #RidingPoor #SmartUp #WakeUp #DreamFriendlyness #FitnessLife #Nothing #Customer Relationship #Reliance #Change #Goodnightlife #NoHeartFromLiving #ReadyKids #Beauty #GroomOfBeauty #ShootingYourTouching #Technology #SavingLife #Conversation #Inspiredance #Virt #Advances #NewFashion #SpreadLife #Creativity #SelfLife #Shop #HealthyFiction #ExperienceMyMoney #Discover #Safety #Development #SocialPlate #Design #AddressEnd #Time/InsertOverjoy"
RA-ALTA/fr-en-intermediate-alpaca-english,French,intermediate,C3,l2t,family,1.0,": ""Big families are not always very loyal to them""  L'Express. For example, on page 2 of ""Los Angeles"" website, ""Big family"" website might be used as an adjective. This can mean that one has no choice but instead does it take over many people from different backgrounds. If you have a large family, then this could be done through online tutoring programs like Facebook, Twitter, and Instagram. Additionally, if you're interested in reading a book or books, there is definitely something else you need to do before you start making any changes. Lastly, it's important to practice mindful thinking and avoid stressors when dealing with difficult situations.Finally, keep track of all your progress. Before taking action, it is important to make sure that all workplaces are functioning properly. Make sure to stay focused and focus on what you want to achieve. Finally, remember to read regularly! The Big Family is also known for its amazing books, articles, and other resources. Please don't hesitate to share your thoughts and opinions with others and enjoy them at your disposal. Thank you for your time and consideration. Thank you for your consideration.Sincerely,[Name] - [Nancy]"
RA-ALTA/fr-en-intermediate-alpaca-english,French,intermediate,A1,basic,hobbies,2.0,", I would like to thank everyone for their time and expertise with our local culture. We have a great day together so that we can celebrate our local cultures and learn more about them all! Thank you for taking up our newfound appreciation of nature and the wonderful outdoors. Thank you for your interest in our community and support. Please be sure to find a place for fun or interesting activity that will help us stay connected with family members and friends.Sincerely,[Name](https://i.imgur.com/4h8m6c3d9dff5a7d1e-2d0cx0b7jf7o) #Newadventure #MythInlife #SocialFusion #People'sConnect #FriendlyLife #Daytime #Lifestyle #Creativity #Education #HealthyDaytime #Driving#Awareness #Safety #Workplace #StayOut #GivingBenefit #Happyday #Chairs #Smartphones #Welcome to Our City! #NewCity #Religiousness #Technology #Insights #Conservation #Sustainability #CreativePrivacy #NatureWeekLife #AdvancedCare"
RA-ALTA/fr-en-intermediate-alpaca-english,French,intermediate,B1,basic,holiday,2.0,": Dear [Name],I am writing to express my concerns with the upcoming holiday season. I know that it is a difficult time for me and I'm sorry for what they've done before. What do you think?[Your Friend] Sincerely, [Your Friend Name] [Your Friendship] [My Friend] [You Have] [Have] [Everyday] [Category] [Friendly] [Game] [Birds] [The Bird] [It's Your Friend] (https://i.imgur.com/u1w6o5A) This is a great story! I would love to hear how I could help you in this wonderful moment of joyful kindness. [Your Family] [Month] [No matter where I come from, I don't want to take a walk or bike ride.] [From there, this was My Friend] So, when I went out into the woods, I saw the beautiful birds flying overhead. [Our friendship] [This is My Friend]  [We're Not My Friend]""I said that you had just seen the sunset at night, but I still remember that this day was filled with all sorts of sorrow. [My Friendship]""[But we never forgot it]""[My Friendships]""[And I loved being together again."
RA-ALTA/fr-en-intermediate-alpaca-english,French,intermediate,C1,basic,family,2.0,". This is a great way to get started with new things, like spending time outdoors, playing games, and playing online games that can help build relationships between people in a larger community. Additionally, it's important to take regular breaks throughout the day to make sure everyone gets up-to-date on their books. Additionally, this will give everyone more control over how they are reading, read, and even become aware of what makes them better. Furthermore, it's helpful to practice writing or writing for yourself! The competition is also worth looking into - one thing you're passionate about is the opportunity to see all sorts of stories from different backgrounds. There are plenty of videos available, but there are plenty of other ideas you'd love to find. Please let me know if you want to learn something new. If you've been interested in these topics, please don't hesitate to join us! Thank you for taking a moment and getting creative! #NewCourseLife #BigChange #MySaveAnotherInThisTakeFinance #Letting #Bridge #MakingForAwayWeekDay.com #GoatBeauty #Don't Be #FocusThinklingLearn #DreamOfStories"
RA-ALTA/fr-en-intermediate-alpaca-english,French,intermediate,A2,mixed,hobbies,2.0,", I would recommend visiting the town of Saint-Benoit-les-Args near my town. It's a wonderful experience for those looking for a relaxing and vibrant community that's truly exciting! If you're interested in exploring the area, I'd like to hear about the special events that come with us. Please let me know if you have any questions or concerns about our website. We appreciate your visit and enjoy it at the park. Thank you for taking part in this amazing city. Thank you for your time and consideration.Sincerely,[Name] [Record] [Company Name] [Exercise Name]  [Executive Name] We are here to stay together and celebrate each other's unique experiences and memories. You will also want to thank them for their kindness, encouragement, and guidance as well as for their appreciation for nature. [Insert Name]  [Confidence Name] Our mission is to foster healthy lifestyles and build relationships with others. We believe we can all make sure we are doing everything possible, regardless of race or ethnicity. Our lives will be saved and shared among all living things.[Resources][Product Name] |The City of Saint-Just (Chicago)||Rome (Colosse)||Inventorship Date ||Author: Peter van den Hagen|I recently read about the importance of education on students'"
RA-ALTA/fr-en-intermediate-alpaca-english,French,intermediate,B2,mixed,holiday,2.0,"@Sophie: Hello! I'm sorry for your inconvenience and it's really nice to have my first vacation on this blog! You're glad that you had all the details in mind so you can feel comfortable staying safe and happy! Your sister's birthday is a great reminder of our special day! We are proud to be part of our community today and we look forward to taking care of them next time. We'll keep your memories connected with your new year and never forget to share your memories with us. With respect, you will always remember your birthday and make sure you understand what your future looks like before you ever go out. You'll also appreciate your time at the beach, watching movies, playing music, listening to music, or just enjoying a meal together. Your friends love being here every day and everyone else knows how much time you've spent going on this wonderful planet. But if you want something more fun and memorable, you'll get back to life! Make sure to enjoy your memories and take some time to relax and enjoy the beauty of nature. Keep up with me when you leave home, don't worry too much about yourself or any other moments that might be enjoyable. Let's get started and find your way around your house! Thank you for having everything done now!I353"
RA-ALTA/fr-en-intermediate-alpaca-english,French,intermediate,C2,mixed,family,2.0,", please provide us with an email address to get your information on the issue. We will be able to thank you for any inconvenience and help ensure that our coverage is addressed in detail. Please let us know if we can give me more details about how this topic has been used, so please let us know! Thank you for your time and consideration. If you are interested in finding out more about your topic, please do not hesitate to contact us and apologize for any errors or errors you may have caused. Thank you for taking action now and getting started! #newfounds #galerie #bigfamily #farming #themeans #mysteries #lifestyle #healthy #pediatrics #sports/professionals #life #caregiving #healthcare #include #familycare #food #living #families #noms #team #caregivingSystem@cafibb.com  #newsletter #newsletters #dairyHealth #food #healthcarePass #healthcare_to-mind #healthcare  #medicine #reason #healthy #healthcareby_your_home#New Zealand #healthcareservice #sante #conservation #healthcare%5 #sourcesforHealthDay #healthCare #healthcare+"
RA-ALTA/fr-en-intermediate-alpaca-english,French,intermediate,A3,l2t,hobbies,2.0,", I would like to go through a few interesting events that are popular throughout my day. The most exciting is going on a bike ride with some friends! I'm sure this will help me get started soon! It's also nice to have a picnic in the park. Also, it might be helpful to join a local team or attend a show outside of their neighborhood. Finally, I'll have a great time doing something else - try a new restaurant or even take a walk in nature. Thank you for all of your visit. We're all excited about our upcoming vacation. Get ready! Thank you so much.Sincerely,[Your name](https://www.example.com/2021/02/24/happy-to-your-own_time/)(https://i.wikisource.org/wiki/Self-desktopics/jewish/425/6/51718.html) [Your name], [Your Name], [Your Name], [My Name],  [Your Name].(https://doi.org/10.1002/s0032-0298-15231.jpg][Your name].[Your Name](https=YourName>(https://books.google.com/books/is/book/books?numbers=LIV%3D+UserPrice%20TodEgg{PTZ"
RA-ALTA/fr-en-intermediate-alpaca-english,French,intermediate,B3,l2t,holiday,2.0,"here is a list of activities that can be done in your city:1. Take a photo-watching activity - explore a nearby museum or park.2. Spend some time exploring the local area - spend a day with friends and family.3. Have a picnic - enjoy a hot shower before going on an outdoor vacation party.4. Have a game night - go for a picnic when one's favorite animal walks out.5. Have a barbecue - sit together in a potlucky spot and let guests know what kind of meat they are looking for.6. Go shopping - have a picnic table - find a place to shop and get there.7. Have a mealtime dinner - watch a movie at the restaurant before making the meal.8. Enjoy the special meals from your local restaurants - serve a delicious food made from fresh fruits and vegetables.9. Get involved in a local art gallery - bring pictures of artwork and art.10. Learn about the culture - practice art and craft ideas, such as painting, sculptures, painting, and photography.11. Listen to music - listen to music and listen to songs.13. Make up the outdoors - learn new skills and experience throughout the year.15. Eat healthy foods - think outside and stay active!16. Connect with nature - share stories and experiences with others.18. Create a safe environment - join a community service program.19. Find ways to make a difference - use social media to"
RA-ALTA/fr-en-intermediate-alpaca-english,French,intermediate,C3,l2t,family,2.0,", it's a great way to get started with books that are both interesting and relevant. It's also easy to share ideas, as well as give yourself a chance to learn more about them. This can be done by sharing stories and other online activities together. Furthermore, if you're interested in exploring different cultures and experiences, it will make a difference in how you think about people who want to explore them. To see what kind of support does this group offer? Take advantage of free resources such as podcasts and interactive lessons! Check out our blog post so that we can start getting started on a journey that everyone loves. #MakingGenerations picnic at #CanadianLife #BestDay #GoodTakeSafe#GoForTeacher #HealthyDay #NewYear'sDevelopment #FutureLearning #SmartCare #Challenges #DancingEducation #Insert #Connect #Lifestyle #ComputerKids #Innovation #Beauty #Tech #Vibrant #Economy/Representative% #Investment #Finance #NatureWeaving#Sustainability #Conservation #ConservingWithlife #StayAndCreativity #Business #SocialFromIdice"
RA-ALTA/fr-en-advanced-alpaca-english,French,advanced,A1,basic,hobbies,1.0,", here is a list of activities that I could take along with my community:- Visit a museum or a museum; explore a nearby museum; play games such as soccer or chess; and create a picnic lunch. - Find a restaurant near a large shopping mall. - Get creative and interesting activities like playing board games, going on a bike ride, taking a swim, or visiting a museum. - Spend time exploring the world around me! - Go swimming or fishing in nature. - Explore some of the unique cultures of our area. - Take a walk through the local forest where you've been living and enjoy the beautiful views from the beach. - Have fun at the park or garden, or try something special. - Participate in outdoor activities such as scavenger hunt and kayaking. - Playing golf or pooling together. - Enjoy a picnic dinner with friends and family. - Watch movies and movie stars. - Listen to music from around the city or outdoors, or listen to music from other locations. - Look for books about a particular culture and view them online. - Host a local show or activity event. - Ask a friend or colleague who may be interested in attending a party. - Don't hesitate to contact me if you have any questions."
RA-ALTA/fr-en-advanced-alpaca-english,French,advanced,B1,basic,holiday,1.0,: Why did you say that? Because she was so proud of her birthday! It's a great way to celebrate my favorite holiday in the future. Enjoy our special day and celebrate it with us! #Sarah #FriendlyChat #StayVerse #Chorus #Life #Life #Nature #Summer #Lifestyle #Beauty #Passion #TakeLife #Dreaming #Mystery #Creativity #HappyJoyDay #Fashion #Peoplehip #AlwaysSpread #I'mLikeAway #Religiousness #New Year #Goodnight #Revelations #Sports #Rights #Religion #Love #Vibes #Benefit #Givinglife #Shop #Vibe #SkyShirt #Inspiration #TheVegan #WarmFiction #Culture #Sportswear #Sportslit #No-Fiber/You/Outdoors #Things #Sunshine #Addison #Sportsliving #Equality #Valority #HealthyFriendia #SportsLife #Blending_Friendia/MyPlace #Month #Socialization
RA-ALTA/fr-en-advanced-alpaca-english,French,advanced,C1,basic,family,1.0,", please don't hesitate to take action! This will be important for any newbies that may be beneficial. Thank you for visiting this website and taking action! What do you think? Please let us know if we can help you with your project. We are delighted to see you at least one year old. Please do not hesitate to contact me in advance so I can always find what you need. Sincerely,[Your name]   [Your name], [Your Name], [Your Family], [Your Country]. [Your Name] [Your Family] [You] [We] [My Name]  [Your Name]    [Your Family]    [[Your Name]]] [Your Location] [your Name]  [Your Description] [Name]   |This website has been designed to support various aspects of our community - including entertainment, education, music, art, literature, sports, leisure activities, and more.] It also features content on social media platforms like Twitter, Facebook, Instagram, YouTube, and LinkedIn. [Your Date] [Click Here] [Month]   </html>   [To view the contents of this page] [For further information, please read the following document] [Company number]    {        print(required){        public domainname;    }"
RA-ALTA/fr-en-advanced-alpaca-english,French,advanced,A2,mixed,hobbies,1.0,", I have a great idea for my journal local to discuss the different sports and hobbies that come together around town. I would like to provide some additional information about each sport and hobbies you are looking for. For example, if there is something special about sports, it could be a great way of going out for a swim or bike ride. If everyone has any questions, I would recommend visiting the local museums and attractions. You could also offer an online virtual tour of the city. This would allow me to get to know more about the cultural roots and culture of our city! Additionally, it might include hosting a free event on my blog, which provides tips on how to enjoy the outdoors and what kinds of activities do you want to take in your community. I am sure you will feel comfortable with all the fun things we can do together and enjoy them even when they may not be available at home. It's worth taking a few moments to explore and learn new skills, as well as helping others through the weekends. Make sure to check out our articles and listen carefully to suggestions from friends and family. The best thing to keep in mind is to stick to the basics of sports such as running, swimming, and biking. This will help ensure you stay up to date on the latest trends and trends."
RA-ALTA/fr-en-advanced-alpaca-english,French,advanced,B2,mixed,holiday,1.0,"@mythefutureComeo! What was your last vacation? I recently visited my local park and visited a nearby city. It's been a great time for me to relax in nature and enjoy the views from the ocean. As my friends, we are here to explore this amazing town, enjoying our culture and art. We can also have some of the best food on the planet - there is plenty of delicious snacks available at restaurants like La Casa del Pilar, Chaco Canyon, or San Diego Bay. Enjoy your experiences such as camping, fishing, going on the river and exploring the beautiful beaches. #summertime #summerlife #joyfulday  #weekendlife #voyageForrestake #nustom #stayaway #joye #movieSports #adventures #lifestyle #hiking #carnets #golfet #vegetarian #dreams #traveler #voyageuse #viewedelight #adventurous #voyage #bitcoin #traveling #sportlife #visitouris #falling #ventnightlife #mieregan #bitseason #wondercare #vehicle #skill #venience #kitchensays #dreamboarding #country #veterate #worldshine #secretlife #marvelerie #saintop #vaston #bitwalking #poespace #bites #spark"
RA-ALTA/fr-en-advanced-alpaca-english,French,advanced,C2,mixed,family,1.0,"- Our popular blog about Big Family and Small Families! What do you think are some of your biggest challenges? - How can we help our community become better? - Are there any tips on how to stay connected with family members? - Do you want to be more active in their own lives when it comes to making an impact? - Have you ever had a difficult time trying out something new? - What kind of work did you like most about this place? - Is there anything else I could do to make it easier to find my information? - Where can I get help from friends and family if needed? - When will I start researching and finding my sources? - Can I recommend reading books and magazines online? - If so, why not take a moment to read about them? - Would you rate yourself as one of the greatest people in history? - Could you rate myself as one of my favorite characters in history?  - Does anyone give me enough advice? - Did you feel like being able to keep up with stories from other people around the world? - Was there anything else that I would love to share? - Who wrote the story in his lifetime? - Which book was you most likely to write on? - Describe someone who wrote the story today."
RA-ALTA/fr-en-advanced-alpaca-english,French,advanced,A3,l2t,hobbies,1.0,"""Chorus: Enchanter le Toucher"" by Jocelyn van Gogh is a great way to get started with some new friendships and hobbies that are fun and enjoyable. You could also enjoy a picnic or outdoor activity like walking along the riverbank in search of adventure adventures. It's also important to have fun and go camping. Listen to our city's best restaurants and bars as well as visiting local shops and attractions nearby. Start off by attending a local food museum to get ready for the day! The evening of dinner includes lunch, snacks and drinks. Start out by reading about local cuisine, getting prepared on the street vendors, and taking photos. The afternoon begins with dinner with soup or dessert. Enjoy a delicious salad with a large selection of freshly-packed fruits such as carrots and celery. Finally, take the time to relax and enjoy your meal at home. #Please #Inventaire #Grabby #Fruits #TakeChange #MiscellaneousForSaturday #FriendlyDesserts #Lives #Bananas/Winterlife #Creativity #Nature #Novel #Equity #GoodPlanet #Beauty"
RA-ALTA/fr-en-advanced-alpaca-english,French,advanced,B3,l2t,holiday,1.0,"Friendship is a popular holiday that has been celebrated for centuries. It's celebrated annually by millions of people worldwide and its lasting impact can be seen on many different countries around the world. The most popular holidays are Christmas, Hanover, Roses, and the festival of Lights. Additionally, the first Thanksgiving was celebrated in the United States and it became a major part of traditional American culture in the 1950s. Today's birthday is celebrated with numerous special events such as the Bold and Farewell festivals. People from all over the world enjoy their favorite holiday party and special offers at any time. With more than 8 million people living in this country today, you will find something amazing! Enjoy your day![Your Name] Friendships are an incredible way to celebrate one another. You'll need plenty of food, entertainment, and resources to get together and learn about each other - from playing sports to spending time outdoors. In addition to being fun and exploring the planet, there are also a few great outdoor activities that help you stay connected with nature. So don't forget to read our blog and feel inspired - and never miss out on the thrill of having some fun![Your name] Friendly loves to play outdoors and make friends. She likes to spend hours walking or swimming, but she also enjoys watching movies and TV shows and doing art. With her passion and dedication, she can keep you motivated and productive while still enjoying the beauty"
RA-ALTA/fr-en-advanced-alpaca-english,French,advanced,C3,l2t,family,1.0,", why not start our magazine with a large selection of articles? This could be done by selecting one item at a time and adding it to your list of news related topics such as the story of the new couple. It's also worth it! If you want to get more information about this topic, look up our article on our website. Please keep track of any additional news that we can share with you. Finally, be sure to check out our article to make sure it's full of interesting facts and sources. What kind of advice do you think are most important for our community? How would you rate the value of your contributions to society? What does this mean when making a contribution to the world today? Let us know if you're interested in contributing to our culture or even attending a business event. We all need to put together a great effort to make our life easier for everyone. We must strive for fairness, respect, and integrity while preserving the values of human nature and the universe. Additionally, remember to be mindful of your beliefs and expectations, and take pride in yourself from all that has been said before. Furthermore, don't hesitate to let anyone else help you feel safe and secure. With strong communication tools and an eye-catching attitude, we can make sure everyone feels connected to the world around them."
RA-ALTA/fr-en-advanced-alpaca-english,French,advanced,A1,basic,hobbies,2.0,": Go on a hike together at the park, explore some of the famous gardens, or go camping! Take a hike along the riverside trails, practice a scavenger hunt, and enjoy some fun activities. Have fun activities such as beaching, surfing, or going camping with friends. Enjoy any new activities that will bring you joy. Get started off by taking a walk together and enjoying the sights and sounds of nature. Enjoy exploring the surrounding countryside and enjoying the beauty of nature and the outdoors. #nobody_for(your)city #schools #educational/professional #familiarize/eventure #summertime #life-changing #travel #friendly #healthy #social #care #involving #voyage #health #life #lifetime #health #living #life #sportage #family #sports #predicons #life #world #development #life #discovery #yearning #life #vehicle #life #art #history #life #tree-making #foundation #life #fromvastances #medicine #home #futurates #life #homeschool #growth #mystery #life #witness #life #research"
RA-ALTA/fr-en-advanced-alpaca-english,French,advanced,B1,basic,holiday,2.0,", I'm here to share my memories of the day with you! I recently had a special birthday party at a local park and was excited to join me on our weekend. She was so happy that she made it back home for dinner and enjoyed taking part in some creative activities. We shared stories from past years and thanked her for having the chance to contribute to our story. I'm glad we are doing well and be able to get started this holiday season. It's been a wonderful day for me as we look forward to seeing how much we've learned and even more. With love and gratitude, Sophia can always stay safe and happy again. Your friends will feel blessed and respected forever.Sincerely,[Name] #FriendlyDay. You're [Company Name]![Your Friend] #Friendship #MakingLife_invisible #Vibranty #FriendLife #Candidate #My Friendship #Friendlife #RelaxationIngredients #Womania #Beauty #Changer #SelfOfLife #Joyful #Love #TheYourself #Bringing #Weekness #Charity #Dreams #Creativity #SaveUp #Thankyoufor me."
RA-ALTA/fr-en-advanced-alpaca-english,French,advanced,C1,basic,family,2.0,". This will be a great opportunity to gain insight into the topic of the issue. Please let me know if it's true or not - we can give us some guidance on how to combat this problem. From here, I would like to discuss more ways that you could help with your research. Here are some examples from our blog: 1. Using Big Family Online: One way to help reduce their income inequality is to make sure that everyone has access to quality resources.2. Providing helpful advice on personalization methods such as using social media platforms instead of buying products or taking action.3. Developing a website featuring relevant stories, videos, podcasts, etc.4. Utilizing Natural Language Processing (NLP) to create engaging content that can engage users in meaningful conversations.5. Encouraging collaboration among all stakeholders.6. Working together to develop a website that provides personalized experiences and insights.7. Creating a website that supports user engagement and creativity.8. Establishing an online platform for community service.9. Increasing awareness of new ideas and trends.10. Taking advantage of digital marketing and brand awareness campaigns.11. Making use of data to improve customer experience.12. Engaging in team-building activities.13. Exploring new technologies to increase efficiency.14. Developing a new product or service system.15. Developing a mobile app or platform to connect people.16. Building a website or application that allows customers to easily share information.17. Setting up virtual reality"
RA-ALTA/fr-en-advanced-alpaca-english,French,advanced,A2,mixed,hobbies,2.0,", there are a few good places to go and go for sports. Here is a list of some great resources that could help you stay safe while doing it:1. The Sunlight  A popular outdoor activity that helps to reduce the risk of sunburns2. Flashlight  Flashlight provides plenty of oxygen3. Waterfall  Flashlight helps to create waterfalls4. The Garden  A garden that contains plants like broccoli5. Nature Walk  It's the perfect way to get around nature with its colorful gardens6. Airplane  The sun's rays give off carbon dioxide in the air7. Airplane - A helicopter ride makes use of electric vehicles9. Laundry  A home-made kitchen item that has access to reusable items10. Paintbrushes  A dusting cloth can be used to brushes11. Toiletries  One way to make a small potty dish12. Camping  A camping kit that can help you keep track of your surroundings!13. Leveraging  A camping stove or sleeping bag can help you save time in the park.14. Food  A picnic in the backyard can help you enjoy the delicious food15. Cooking  A cooking pan is a great way to start a healthy meal16. Outdoor Snacks  A scavenger hunt will allow you to cook eggs19. Fun  A fun way to spend fun and relax17. Going Snowy: A favorite adventure destination to explore the outdoors18. A wildlife"
RA-ALTA/fr-en-advanced-alpaca-english,French,advanced,B2,mixed,holiday,2.0,"I recently had a dream trip with my friend and family to the beach, where they would spend their days fishing in the water. My friends took pictures of the beaches and watched the sun shimmering through the trees. As time passed, she noticed a small island nestled on the shore near the shore. She visited it with her family and set off for dinner with them. One day, while exploring the islands, she stumbled upon a mysterious mountain that seemed to be standing tall enough to hold onto a powerful mountain. After several hours, she found herself surrounded by some strange creatures. Eventually, she finally reached the peak, taking out the hidden treasures and setting sail from there. It was the first time anyone ever saw a dragon or giant creature. All this made her feel so much better. You can take your time and appreciate what you have been trying to do today. #SelfLiving #Awareness #HappyChange #Reduction #Life #Outdoors #Take care - Join us for a great weekend! #Life #Revolving #Creativity #Ingredients #Gallery #Relaxation #Adventure #Maintain #Daytime #Passion #Beauty #Friendship #Thankyou #Bonsterlife #Stay #Goodbye"
RA-ALTA/fr-en-advanced-alpaca-english,French,advanced,C2,mixed,family,2.0,": I am living in an old house with little books and a few tables for children. How can my grandmother give me more information? What do you think of your grandchildren's names? If it doesn't matter what kind of parents they are! Are there any good things that I've learned recently? If so, how much did their grand-great grandparents last? (You could also consider the number of years they lived on). Your grandfather may have been a great example of their wealth, but when all else is in place, why? (Your grandmother has grown up in a big family?) I apologize, but I believe that this article will help you find out more about your grandmother's life and help you get to know your grandmother. This article would be helpful if you wanted to make sure you were getting enough information from your grandmother and why not, and I'd love you all about her. Thank you for taking action now! [Name] [Name], #Give_Money(from our list):    #LifeTheWillForever(name)    #SovereignLife  #ReductionChorus [Name]. [Name.] [ Name] [ Name].    [Please]    #Doctor/Teacher [Name])    #Before going back home  #NoLifeSense        #Chorus"
RA-ALTA/fr-en-advanced-alpaca-english,French,advanced,A3,l2t,hobbies,2.0,"A small village has a huge variety of activities that could be enjoyed with children, such as dancing, playing sports, or reading books. Some can include fishing, painting, making a garden, going camping, walking, kayaking, or visiting nature centers. Other activities can include reading books, watching movies, cooking, listening to music, playing video games, writing letters, or writing on radio. It's also important to plan ahead when travelling to places other than those you are traveling. In addition to these activities, there is an emphasis placed on getting involved in activities like camping, hiking, or skiing. Additionally, it is important to keep track of all the activity-related activities before you go off. It's important to consider any distractions you may have, such as TVs, internet, and other types of entertainment. Finally, if you're feeling overwhelmed by any potential issues, make sure to set up an online community fund to help build relationships and bond between yourself and others. From here you'll find something useful. You will need some money to spend, such as a flashlight, paper, and a laptop. With enough money, you can create a positive life experience, explore new areas of work, and get creative about things you enjoy. If you're lucky enough, start learning more about your hobby."
RA-ALTA/fr-en-advanced-alpaca-english,French,advanced,B3,l2t,holiday,2.0,"@lesperecoulants.com! She has also recently added a new photo of my favorite weekend night at the beach with a beautiful white man tagline. The sun is shining brightly and the sky is illuminated by a beautiful sunset. It's amazing to watch her family live happily ever after. From here on, you can enjoy our special day at the beach. Start by watching the stars twinkling down the shore and taking pictures of them all in the background. You can even take a walk in nature along the way or just try something different. Finally, make sure you are getting some food from your own backyard - fresh fruits, veggies, and drinks. Enjoy your vacation time!Sing up with us and taking care of your memories, Sophia has made it easy for me to stay connected with friends and family. I'm happy to share more than we would like to see before the holiday season. Thank you for having any of your memories listed below. Please keep a journal of what you're doing right now and never forget to check out their stories and don't hesitate to ask questions. It's nice to read and follow your advice. You'll be happy to help with this wonderful birthday celebration. Whether you're celebrating yourself on the beach, attending the local beach party, or enjoying the sunshine, Sophia will be a great way to thank you for visiting the beach. We'd love to hear from you soon."
RA-ALTA/fr-en-advanced-alpaca-english,French,advanced,C3,l2t,family,2.0,"on the other hand, is a big family that has large families with larger families. It may be difficult to find a great way to find out what they are looking for, but it can be incredibly helpful if you want to explore their different cultures and backgrounds. For example, when researching a family history of a small town, it might be helpful to read up stories about the local people who lived there from the beginning of the 20th century. The story can also provide valuable insights into how many families were formed as well, giving them some insight into the individual's life and culture. In conclusion, Big family is an invaluable resource that provides us with valuable information and guidance. With our newfound knowledge, we can start exploring the past and make connections with those around us all. By learning more about this important legacy, we can become better prepared for any challenges of our day-to-day lives. We hope to learn from our memories and gain valuable insights about the world at large! We are so excited to join our team today!Sincerely,[Your Name](https://i.imgur.com/5hjX1Z0r9D6fK8o)+ This is a list of the most common names in English language literature. It's not recommended. Please get the most out of the words and phrases found in the dictionary below."
