model_name,language,proficiency,prompt_id,prompt_style,prompt_topic,run_id,generated_text
RA-ALTA/es-en-beginner,Spanish,beginner,A1,basic,hobbies,1.0,"! What a difference is in your community? A community is one that has many different reasons to choose to serve as a community. If you have a problem, consider the following questions:Where can you make sense of your community? Are you doing what you are doing? How can you help? Are you doing what you are doing? How can you help? Are you doing what you are doing?Are there any meaningful relationships and relationships that are connected to? Where can you help you? Are you more likely to leave for the future of your community? How can you help your community?Are there different relationships that you can provide? Which relationships be connected to in your community? What are your friends?Are there relationships that you give? Are you responding to their needs? Are you doing what you do when you are doing what you are doing?Are you giving your community connections to others? Are you asking for a conversation or other family life? Are you telling them to leave for their place in your community? Are you responding to these connections when you are having a conversation? Are you using your experience of interacting with others?Are you sharing your experiences with others? Are you talking about interactions that are connected to the family? Are you talking about sharing your experiences with others? Are you sharing what you are doing when you are having a conversation with others? How do you help your community to make sense of your community? Are you talking about your community with others? Are you asking for a conversation"
RA-ALTA/es-en-beginner,Spanish,beginner,B1,basic,holiday,1.0,"about what you want to do about ""I'm not going to make this holiday."" She has a little advice on the topic of ""I'm not going to make this holiday."" She has a favorite Christmas.### ### What's in this holiday? ""I'm going to make this holiday."" My friend and my friend have a good idea of how to prepare for the holidays. She is a great example of how you can prepare for the holidays. I'm not going to make this holiday.### ### What's in this holiday? ""I'm going to make the Christmas."" She has a great idea of how to prepare for the holidays. She is a great example of how to prepare for the holidays. My friend has a wonderful idea of how to prepare for the holidays. She is an excellent example of how to prepare for the holidays.### ### What is in this holiday? ""I'm going to make this holiday."" My friend have a great idea of how to prepare for the holidays. She is a great example of how to prepare for the holidays. She is an excellent example of how to prepare for the holidays. She is a great example of how to prepare for the holidays. You can prepare for the holidays. My friend have an amazing idea of how to prepare for the holidays. My friend has a wonderful idea of how to prepare for the holidays. She is a great example of how to prepare for the holidays. You can prepare for the holidays."
RA-ALTA/es-en-beginner,Spanish,beginner,C1,basic,family,1.0,"### Teaching:The most recent issue of 'Celebrate' has been 'The First Place' (Rollinger, 1963). It is a book that contains the story of a family in an area of the East Coast and the United States. The story is also featured in a video of a television show in the United States. The story is not just about a family, just about the family. In the case of New York City, the family was the most important and critical and influential family in the history of the country for half a century. The story is a story about a family who is the most important and critical family in the history of the land of New York.### Answer:We're starting to develop our understanding of family and rural communities and how communities respond to the challenge of providing them with opportunities for improvement. We have spent much of our time in the land area and the community in the early 1900s but, because of the lack of resources that could be provided to the community, we have been able to develop our understanding of local communities and to have solutions for this problem. We have learned from several of the areas of the community, and have been able to develop our understanding of the family and rural families in a way that has the greatest impact on our communities.### Answer:What does family need to do?What are the challenges that a family deserves to be?What are the challenges they need to be addressed?What are the challenges"
RA-ALTA/es-en-beginner,Spanish,beginner,A2,mixed,hobbies,1.0,"in the summer months for the week of spring to the winter months for the week of spring to the summer months for the week of spring to the summer months for the week of spring to the summer months for the week of spring to the winter months for the week of summer to the year of spring to the winter months for the week of fall and fall. As you move through the year, you will find that the day of spring you will get ready for the week of spring.### Address:For more information about this event, please see the following links below.- http://www.youtube.com/watch?v=gcwt0bv_v=wVaCbZyQ&feature=PL0E&feature=PL0E&feature=PL0E&feature=PL0E&feature=PL0E&feature=PL0E&feature=PL0E&feature=PL0E&feature=PL0E&feature=PL0E&feature=PL0E&feature=PL0E&feature=PL0E&feature=PL0E&feature=PL0E&feature=PL0E&feature=PL0E&feature=PL0E&feature=PL0E&feature=PL0E&feature=PL0E&feature=PL0E&"
RA-ALTA/es-en-beginner,Spanish,beginner,B2,mixed,holiday,1.0,.com/fa... Thank you! I was delighted in being your companion with the holiday! We helped you get your great gift from your friends. Please let me know.What are my friends? I have found you to share your love with you. You love your friendship and love your way of life. How can I help you and your family? What are the questions I have to ask? What are your friends? What are your friends? What are their friends and relatives? How can I help you and your grandparents? What are you doing? What are you doing? What are you doing?How can I help you and your family? What are your friends? What are your friends and relatives? How can I help you and your family? Where can I help you and your friends? What are you communicating? What are your friends and relatives? What are you doing? What are you doing?How can I help you and your family? Why are you talking about this holiday? How can I help you and your family? How can I help you and your family to be a family? What are you doing? What are you doing? What are you doing? What is you doing?How can I help you and your family know? What are you doing? What are you doing? How can I help you and your family help you and your family help you? What are you doing? What are you doing?What are you doing? What are you doing? What are you
RA-ALTA/es-en-beginner,Spanish,beginner,C2,mixed,family,1.0,"### Instruction:Teacher:Analyze your opinion on the question, or, if you are interested in any other ideas, ask a question about your family or nearby community.### Response:Teacher:We are welcome to write a discussion on our website and receive feedback on this topic. Contact us with any questions, suggestions or suggestions. Contact us with any questions or suggestions.### Response:Teacher is a registered social worker, registered social worker and registered social worker. You have an email address and a phone number for you.### Response:Teacher is an active member of the community. You know the local social worker and the school district are working to support the local school district.### Response:Teacher is committed to providing a forum for your community. You are welcome to write a new letter to the local social worker. You can follow in to the local newspaper section or go to our local social worker list.### Response:Teacher will welcome to use the site of the local social worker. You may also receive feedback on the topic of your family or nearby community.### Response:Teacher is a member of the community. You are welcome to use the site of the local social worker. You are welcome to use the site of the local social worker. You are welcome to use the site of the local social worker.### Response:Teacher is a registered social worker. You are welcome to use the site of the local"
RA-ALTA/es-en-beginner,Spanish,beginner,A3,l2t,hobbies,1.0,"@example.com:Ask your local newspaper and mail to your local newspaper and mail address. You can also create a mailing to your local newspaper and mail address. You can also create an email address for your local newspaper and mail address.### Response:For more information about the topic of learning about reading and writing skills, please contact:The following are some of the ways you can help your town have a better learning experience. Ask your local newspapers to be a professional leader. Contact your local newspaper or mail address for more information. You can also help your town help your town better understand what you are teaching and what is going to happen.Your local newspaper or mail address is a member of the local newspaper and mail address. You can also have many other people who have information about your town's activities and hobbies. You can also help your town help your town help your town help your town help your town help your town help your town help your town help your town help your town help your town help your town help your town help your town help your town help the town help your town help your town help your town help your town help your town help the town help your town help your town help your city help the town help your town help your town help the town help the town help the town help the town help your town help the town help the town help the town help the town help the town help the town help the town help the town help the town help the town help"
RA-ALTA/es-en-beginner,Spanish,beginner,B3,l2t,holiday,1.0,"@SaintTheBoy Family, has a website for your friends. You can follow her website to the following links: http://www.facebook.com/CyberStories/Gaismi/I've been talking about the holidays that have come for Christmas. What can I do to help you? What is your favorite holiday? What can I do to help you? This is your favorite holiday. How can I do it? You can do it with your friend or friend.### Response:Are you interested in this holiday? Please share your thoughts and comment. You can also share your thoughts and comments.CyberStories is an excellent website for parents. You can also link to other tips on how to get ready to buy a holiday. You can also be contacted by the American Academy of Family Physicians.CyberStories is a great resource for parents. Your friends are very helpful. You can also help you get involved in the holiday. See Family Home.CyberStories is a great resource for parents. You can also help your family to meet your family. You can also find out how to get involved in the holidays.CyberStories is a wonderful resource for many others. You can also help your family share their favorite Christmas holidays.For an adult to know who you are and how to get involved in Christmas, be prepared to help your family share their holiday. You can also help your family share their favorite Christmas"
RA-ALTA/es-en-beginner,Spanish,beginner,C3,l2t,family,1.0,"### Instruction:Your local newspaper is holding a competition for articles about the question 'Big family or large family'. Write an article about your family. You should include whether you have a big family or small family. Write an article about your family. Write a article about your family. Write an article about your family. Write an article about your family. Write an article about your family. Read more about this article.### Activity:Students are expected to join a team of students to answer questions about the question 'Big family or small family'. The students are learning about how the answers are organized in the class, and how to use this information to get a more detailed answer. They will be listening to questions and questions of the class, and they will be able to answer and answer questions in the class. After having a conversation, the students will be able to answer questions. The students are able to answer questions, and they will be able to answer the questions. The group of students will be able to answer questions and questions of the class. The students will be able to answer questions and questions of the class, and they will be able to answer questions based on the questions they have answered. The student will be able to answer questions from the class, and they will be able to answer questions from the class, and they will be able to answer questions from the class. The student will be able to answer questions from the class, and they will be able to answer questions from the"
RA-ALTA/es-en-beginner,Spanish,beginner,A1,basic,hobbies,2.0,"_huffers.com:Members of the community have made the most successful use of the Internet for their daily lives. To get a sense of what they are, please visit the internet website for their suggestions. You can visit http://www.teinteresa.com/for the latest news about health and wellness.You can visit www.teinteresa.com/for the latest news about health and wellness.You can visit http://www.teinteresa.com/for the latest news about health and wellness.You can also find news, news, and news articles on the Internet. You can visit www.teinteresa.com/for the latest news about health and wellness.You can also use the internet for your daily lives. You can also browse the news and news articles for other people and families in your town. For more information, see http://www.teinteresa.com/for the latest news about health and wellness.You can also view the latest news on health and wellness.You can also make a donation with the help of the Institute of Health and Nutrition, which is the leading provider of health and nutrition in the country.For more information, call (735) 765-5530. For more information, go to http://www.teinteresa.com/for the latest news about health and wellness. You can also call (735) 765-5530.For more information, go to http://"
RA-ALTA/es-en-beginner,Spanish,beginner,B1,basic,holiday,2.0,"### Instruction:Your friend, Sophia, has emailed you about her recent holiday. Write an email to her, describing your favourite holiday. Write an email to her, describing your favorite holiday. Write an email to her, illustrating your famous holiday.### Comment:Author: Dr. D. Y. C. Chopin, email@example.com and Mr. Y. C. Chopin, email@example.com.What if the family are not talking about Thanksgiving? Isn't there any time for this? Or would you say that we are talking about Thanksgiving? What if we talk about Thanksgiving? Doesn't there be any time for Thanksgiving? You know that we are talking about Thanksgiving than we are talking about Thanksgiving. You know that we talk about Thanksgiving than we talk about Thanksgiving. But you know that we are talking about Thanksgiving. Let me know if this is a good thing to talk about Thanksgiving. What if it's just a little more than Thanksgiving? Isn't there any time for Thanksgiving to be a little more than Thanksgiving? If you can't tell you that we are talking about Thanksgiving or Thanksgiving, you know that we are talking about Thanksgiving. The only thing to talk about Thanksgiving is that we are talking about Thanksgiving. I would like to say that we are talking about Thanksgiving on Thanksgiving. For example, if you had been talking about Thanksgiving, it was not a very bad thing. For example, you would like to talk about Thanksgiving on"
RA-ALTA/es-en-beginner,Spanish,beginner,C1,basic,family,2.0,"### Learning:Your local newspaper is holding a competition for articles about the question 'Big family or small family'. Write an article about your family. You should include whether you have a big family or small family; which you prefer.### Community:Your local newspaper is holding a competition for articles about the question 'Big family or small family'. Write an article about your family. You should include whether you have a big or small family, and which you prefer.### Community:Your local newspaper is holding a competition for articles about the question 'Big family or small family'. Write an article about your family. You should include whether you have a big family or small family. Write an article about your family. You should include whether you have a big family or small family. You should include whether you have a big family or large family.### Community:Your local newspaper is holding a competition for articles about the question 'Big family or small family'. Write an article about your family. You should include whether you have a big family or small family. You should include whether you have a big family or small family.### Community:Your local newspaper is holding a competition for articles about the question 'Big family or small family'. Write an article about your family. You should include whether you have a big family or large family. You should include whether you have a big family or small family. You should include whether you have a big family or small family.### Community:Your"
RA-ALTA/es-en-beginner,Spanish,beginner,A2,mixed,hobbies,2.0,.edu/tourismes.asp# ### Instruction:Your town wants people to take part en diversas actividades y aficiones. Write an article para tu periódico local containing the activities you can do in your town durante el fin de semana.### ### Instruction:Your town wants people to take part en varias actividades y aficiones. Write an article para tu periódico local describing the activities you can do in your town durante el fin de semana. Write an article para tu periódico local describing the activities you can do in your town durante el fin de semana.### ### Instruction:Your town wants people to take part in diversas actividades y aficiones. Write an article para tu periódico local describing the activities you can do in your town durante el fin de semana. Write an article para tu periódico local describing the activities you can do in your town durante el fin de semana.### ### Instruction:Your town wants people to take part en varias actividades y aficiones. Write an article for your newspaper local illustrating the activities you can do in your town durante el fin de semana.### ### Instruction:Your town want people to take part in varias actividades y aficiones. Write an article for your newspaper local illustrating the activities you are currently working with. Write an article for your newspaper local explaining the activities you have been working with during the fin de semana.### ### Instruction:Your town wants people to take part in a different activities. Write an article for your
RA-ALTA/es-en-beginner,Spanish,beginner,B2,mixed,holiday,2.0,"! Your favorite stories will provide you with a sense of humor, and you will have an opportunity to make your own.### Support: A lot of your friends will share your time, skills, and emotions. You will also have a conversation with your partner.### Support: All you have to do is help your friend read and write about your favorite story. You can help them explain what they are reading, the way your friends understand what you are reading, and how to prepare for the upcoming holiday.### Support: This is your favorite story. You can help your friend understand everything you need to know about the holiday, and also talk about your favorite story. You also can help your friend understand the meaning of your favorite story.### Support: You can help your friend know about the holiday. You can help your friend understand how to prepare for the upcoming holiday.### Support: This is your favorite story. You can help your friend understand how to prepare for the holiday.### Support: You can help your friend understand about the holiday. You can help your friend understand about the holiday.### Support: When you have a great time, you can help your friend understand of your favorite story. ### Support: Your friend may tell you a story, and you can help your friend understand what you are reading.### Support: You can help your friend know about the holiday. You can help your friend understand about the holiday. You can help your friend"
RA-ALTA/es-en-beginner,Spanish,beginner,C2,mixed,family,2.0,"### Instruction:Tu revista local is holding a competition for articles about the question 'Big family or small family'. You should include whether you have a big or small family, y cuál prefer.### Response:Although it is not always easy to find 'we's 'we's 'we's 'we's 'we's 'we's 'we's 'we's 'we's 'we's 'we's 'we's 'we's 'we's 'we's 'we's 'we's 'we's 'we's 'we's 'we's 'we's 'we's 'we's 'we's 'we's 'we's 'we's 'we's 'we's 'we's 'we's and 'we's 'we's 'we's 'we's 'we's 'we's 'we's 'we's 'we's 'we's 'we's 'we's 'we's 'we's and 'we's 'we's 'we's 'we's 'we's 'we's and 'we's 'we's 'we's 'we's and 'we's 'we's 'we's & 'we's & 'we'"
RA-ALTA/es-en-beginner,Spanish,beginner,A3,l2t,hobbies,2.0,"@example.com. When you see a city you probably don't have time to share your thoughts and thoughts. The same is true for your entire family.### Response:There are some different ways to increase your thoughts. You can use these ways to increase your feelings and create a new life. You can take all of your thoughts in your local newspaper and talk to your community about what you need and have fun. You can also use other ways to make your own memories.### Response:There are many ways you can help. You can increase your feelings, make your own memories, make your own memories, build a new life, and get more information. You can also help change your thoughts and feelings.You can also take part in your life and help create your own thoughts. You can also make creative and creative memories. You can use their own words and words. You can use their own words and words to make meaningful memories. You can use the following ways to help your family build a new life.### Response:I am a local school student. I have worked in the community throughout my life. I have a lot of writing and writing. I have an interest in the whole. I have a lot of writing and writing. I have a lot of books, books, and so on. I have a lot of writing and writing. I have a lot of work. I have a lot of literacy. I have a lot of poetry and poetry. I have"
RA-ALTA/es-en-beginner,Spanish,beginner,B3,l2t,holiday,2.0,"@example.com. (In this case, some of the more difficult questions to answer are:- What do I need to do if I don't want to use the word ""swirl""? You can get a little more information.- How many times have I read about my favorite holiday?- What are the ways I use my favorite holiday?- What do I need to do if I don't want to use the word ""swirl""? Please refer to your topic and comment below.Ask your friends to make your suggestions. Join an informative conversation with your friends.- What are some of the ways I can write about my favorite holiday?- What are some of the ways I can write about my favorite holiday? Please refer to your topic and comment below.- What are some of the ways I can write about my favorite holiday? What does I need to do if I don't want to use the word ""swirl""? Please refer to your topic and comment below.- What are some of the ways I can write about my favorite holiday?- What are some of the ways I can write about my favorite holiday?- What are some of the ways I can write about my favorite holiday?- What are some of the ways I can write about my favorite holiday?- What are some of the ways I can write about my favorite holiday?- What are some of the ways I can write about my favorite holiday?- What is your favorite holiday? Please refer to your"
RA-ALTA/es-en-beginner,Spanish,beginner,C3,l2t,family,2.0,@##Sidewater:Your local journal is holding a competition for articles about the question 'Big family or small family'. Write an article about your family. Write an article about your family. Write an article about your family. Write an article about your family. Write an article about your family. Write an article about your family. Write an article about your family. Write an article about your family. Write an article about your family. Write an article about your family. Write an article about your family. Write an article about your family. Write an article about your family. Write an article about your family. Write an article about your family. Write an article about your family. Write an article about your family. Write an article about your family. Write an article about your family. Write an article about your family. Write an article about your family. Write an article about your family. Write an article about your family. Write an article about your family. Write an article about your family. Write an article about your family. Write an article about your family. Write an article about your family. Write an article about your family. Write an article about your family. Write an article about your family. Write an article about your family. Write an article about your family. Write an article about your family. Write an article about your family. Write an article about your family. Write an article about your family. Write an article about your family. Write an article about your family. Write
RA-ALTA/es-en-intermediate,Spanish,intermediate,A1,basic,hobbies,1.0,@outline.com or email@example.com or firstname.lastname@example.org or email@example.com.# #### Close:- Write your own comment on the website.- Ask questions about the website.- Write questions about local issues and hobbies.- Write your own opinion about the website.- Write a comment about the website.- Write an opinion about the website.- Write your own opinion about the website.- Write an opinion about the website.- Write an opinion about the website.- Write an opinion about the website.- Write an opinion about the website.- Write an opinion about the website.- Write an opinion about the website.- Write an opinion about the website.- Write an opinion about the website.- Write an opinion about the website.- Write an opinion about the website.- Write an opinion about the website.- Write an opinion about the website.- Write an opinion about the website.- Write an opinion about the website.- Write an opinion about the website.- Write an opinion about the website.- Write an opinion about the website.- Write an opinion about the website.- Write an opinion about the website.- Write an opinion about the website.- Write an opinion about the website.- Write an opinion about the website.- Write an opinion about the website.- Write an opinion about the website.- Write an opinion about the website.- Write an opinion about the website.
RA-ALTA/es-en-intermediate,Spanish,intermediate,B1,basic,holiday,1.0,"@gmail.com - Requires permission. This is an excerpt from the podcast ""My Friend: The Life of Sophia"" (click on the link below). You can do your best to see her on the podcast:The Life of Sophia was originally published in the 1990s. This was followed by a series of stories about Sophia's love of religion and spirituality, but the stories were later revised. What made the series different was that it wasn't possible to reproduce the story itself. There was more to Sophia than a series of stories about Sophia's love for religion. The stories were, most importantly, written in a different way. In fact, the stories were transcribed as something that was not quite different from what they were. In fact, the story was translated through a series of stories that were edited and written in a different way. This is the first part of the series. I wanted to use the stories that I am writing about, but I don't know what they were. Where did this series come from? How did that story come from? I think it's only a small step away from the drama. And they didn't have any other lessons.The story has been written in a different way. The story is not written in a different way. It's written in a different way, from the story itself. The story is written in different ways. The stories are written in different ways. The stories are written in"
RA-ALTA/es-en-intermediate,Spanish,intermediate,C1,basic,family,1.0,"@gmail.comSubscribe now to receive and receive email updates about the question ""Where are the numbers?"" in our mailing list. The article will be posted at the top of our mailing list in my current email newsletter. Please note that most of the time we're reading this article will not be available if you have questions about the question ""Where are the numbers?"" and that the article's readers will be able to access the article directly.### News articles are welcome! We're going to make your own news articles for the rest of the year. But you can't keep track of their upcoming events. Please contact us at firstname.lastname@example.org or email@example.com.# News articles are welcome!Our local newspapers are offering free and free, free, free, and free to all our readers. Join the RSS feed for more information about the question ""Where are the numbers?"" in our new RSS feed. |Nature||Nature||Nature||Nature||Nature||Nature||Nature||Nature||Nature||Nature||Nature||Nature||Nature||Nature||Nature||Nature||Nature||Nature||Nature||Nature||Nature||Nature||Nature||Nature||Nature||Nature||Nature||Nature||Nature||Nature||Nature||Nature||Nature||Nature||Nature||"
RA-ALTA/es-en-intermediate,Spanish,intermediate,A2,mixed,hobbies,1.0,@gmail.com/# ### ### ### ### ### ### ### ### ### ### ### ### ### ### ### ### ### ### ### ### ### ### ### ### ### ### ### ### ### ### ### ### ### ### ### ### ### ### ### ### ### ### ### ### ### ### ### ### ### ### ### ### ### ### ### ### ### ### ### ### ### ### ### ### ### ### ### ### ### ### ### ### ### ### ### ### ### ### ### ### ### ### ### ### ### ### ### ### ### ### ### ### ### ### ### ### ### ### ### ### ### ### ### ### ### ### ### ### ### ### ### ### ### ### ### ### ### ### ### ### ### ### ### ### ### ### ### ### ### ### ### ### ### ### ### ### ### ### ### ### ### ### ### ### ### ### ###
RA-ALTA/es-en-intermediate,Spanish,intermediate,B2,mixed,holiday,1.0,@youth.com/tags ## # # # # # # # # # # # # # # # # # # # # # # # # # # # # # # # # # # # # # # # # # # # # # # # # # # # # # # # # # # # # # # # # # # # # # # # # # # # # # # # # # # # # # # # # # # # # # # # # # # # # # # # # # # # # # # # # # # # # # # # # # # # # # # # # # # # # # # # # # # # # # # # # # # # # # # # # # # # # # # # # # # # # # # # # # # # # # # # # # # # # # # # # # ## # # # # # # # # # ## # # # # # # # # # # # # # # # # # # # # # # # # # # # # # # # # # # # # # # # # # # # # # # # # # # # # # # # # # # # # # # # # # # # # # # # # # # # # # # # # # # # # # # # # # # # #
RA-ALTA/es-en-intermediate,Spanish,intermediate,C2,mixed,family,1.0,.getting.getting.getting.getting.getting.getting.getting.getting.getting.getting.getting.getting.getting.getting.getting.getting.getting.setting.getting.getting.getting.getting.getting.getting.getting.getting.getting.getting.getting.getting.getting.getting.getting.getting.getting.getting.getting.getting.getting.getting.getting.getting.getting.getting.getting.getting.getting.getting.getting.getting.getting.getting.getting.getting.getting.getting.getting.getting.getting.getting.getting.getting.getting.getting.getting.getting.getting.getting.getting.getting.getting.getting.getting.getting.getting.getting.getting.setting.getting.getting.getting.getting.getting.getting.getting.getting.getting.getting.getting.getting.getting.getting.getting.getting.getting.getting.getting.getting.getting.getting
RA-ALTA/es-en-intermediate,Spanish,intermediate,A3,l2t,hobbies,1.0,@gmail.com/dialog/index.php?title=Personal/#&title=Personal#&title=Personal#&title=Personal#&title=Personal#&title=Personal#&title=Personal#&title=Personal#&title=Personal#&title=Personal#&title=Personal#&title=Personal#&title=Personal#&title=Personal#&title=Personal#&title=Personal#&title=Personal#&title=Personal#&title=Personal#&title=Personal#&title=Personal#&title=Personal#&title=Personal#&title=Personal#&title=Personal#&title=Personal#&title=Personal#&title=Personal#&title=Personal#&title=Personal#&title=Personal#&title=Personal#&title=Personal#&title=Personal#&title=Personal#&title=Personal#&title=Personal#&title=Personal#&title=Personal#&title=Personal#&title=Personal#&title=Personal#&title=Personal#&title=Personal#&title=Personal#&title=Personal#&title=Personal#&title=Personal
RA-ALTA/es-en-intermediate,Spanish,intermediate,B3,l2t,holiday,1.0,@example.com ### * Presentation:### * Presentation:### * Presentation:### ### * Presentation:### * Presentation:### * Presentation:### * Presentation:### * Presentation:### * Presentation:### * Presentation:### * Presentation:### * Presentation:### * Presentation:### * Presentation:### * Presentation:### * Presentation:### * Presentation:### * Presentation:### ### * Presentation:### * Presentation:### * Presentation:### * Presentation:### * Presentation:### * Presentation:### * Presentation:### * Presentation:### * Presentation:### * Presentation:### * Presentation:### * Presentation:### * Presentation:### * Presentation:### * Presentation:### * Presentation:### * Presentation:### ### * Presentation:### * Presentation:### * Presentation:### * Presentation:### * Tutorials:### ### * Presentation:### * Presentation:### * Presentation:### * Presentation:### * Presentation:### * Presentation:### * Presentation:### * Presentation:### * Presentation:### * Presentation:### * Presentation:### * Presentation:### * Presentation:### * Presentation:### * Presentation:### * Presentation:### * Presentation:#
RA-ALTA/es-en-intermediate,Spanish,intermediate,C3,l2t,family,1.0,": your local newspapers may be a bit of a joke. It's the story of your family, and you're always in the same room. You're in the same place. You're probably the only one that's been used to the news for the past few years. For example, if you're being picked up for a newspaper, you're in the same room. And if you're being picked up for the newspaper, you're going to take off a newspaper and get a great deal of information about the people you're going to be doing. As we've seen, it's going to be a lot of money. You're going to be the only one who's been used to the news and that's why it's important to have a local newspaper. Your local newspaper will have to be in the same room or place. You're going to have to ask for a local newspaper. The same can be said for local newspapers. Your local newspapers are very important for your local newspaper. You're going to have to pay for the local newspaper. You're going to be a local newspaper. You're going to have to pay for the local newspaper. You're going to pay for the local newspaper. You're going to pay for the local newspaper. You're going to have to pay for the local newspaper. You're going to have to pay for the local newspaper"
RA-ALTA/es-en-intermediate,Spanish,intermediate,A1,basic,hobbies,2.0,"@yahoo.com/release-sample-up-you-can-event-your-miami-is-tuned ### Program:In the meantime, please let me know if you need help in any other places. If you need help please post the following questions:- What is the purpose of your local newspaper?- What are your local newspapers?- How can you help to get help?- What is the purpose of your local newspaper?- What are your local newspaper?- How can you help improve your local newspapers?- How can you help?- What is the purpose of your local newspaper?- How can you help improve your local newspapers?- What are your local newspapers and how can you help improve your local newspapers?- What is the purpose of your local newspaper?- What is the purpose of your local newspaper? What are your local newspapers?- What is the purpose of your local newspaper?- How can I help improve your local newspapers?- How can I help improve your local newspapers?- How can you help improve your local newspapers?What is the purpose of your local newspaper? How can I help improve your local newspapers?- How can I help improve your local newspapers?- What is the purpose of your local newspaper? What is the purpose of your local newspaper?- What is the purpose of your local newspaper?- What are your local newspapers?- What are your local newspapers?- What is the purpose of your"
RA-ALTA/es-en-intermediate,Spanish,intermediate,B1,basic,holiday,2.0,"A few questions, such as what you've learned and how you've done it, are:Why are you writing a letter to your friend's family?Why do you want to write a letter to her parents?Why do you think your family is trying to write a letter to your friends?Why do you want to write a letter to your friends?Why do you want to write a letter to your friends?Why do you want to write a letter to your friends?Why do you want to write a letter to your friends?Why do you want to write a letter to your friends?How do you write a letter to your friends?How do you write a letter to your friends?What does it mean to write a letter to your friends?Why do you want to write a letter to your friends?Why do you want to write a letter to your friends? Why do you want to write a letter to your friends?Why do you want to write a letter to your friends?Why do you want to write a letter to your friends?Why do you want to write a letter to your friends?What is your name in the letter you have written?How do you think you've written a letter to your friends?How do you write an email to your friends?How do you write a letter to your friends?How do you write a letter to your friends.Why do you want to write a letter to your friends?How do you write letters to your friends?Why do"
RA-ALTA/es-en-intermediate,Spanish,intermediate,C1,basic,family,2.0,@yahoo.com/blog via @@join_ilon_ilon# ######## ####### #### ######## #### ##### #### ## ## ## ### ## ## ### ## ## ## ## ## ## ## ## ## ## ## ## ## ## ## ## ## ## ## ## ## ## ## ## ## ## ## ## ## ## ## ## ## ## ## ## ## ## ## ## ## ## ## ## ## ## # ## ## ## ## ## ## ## ## ## ## ## ## ## ## ## # ## ## ## ## ## ## ## ## ## ## ## ## ## ## ## ## ## ## ## ## ## ## ## ## ## ## ## ## ## ## ## ## ## ## ## ## ## ## ## ## ## ## ## ## ## ## ## ## ## ## #
RA-ALTA/es-en-intermediate,Spanish,intermediate,A2,mixed,hobbies,2.0,@gmail.com ### ### @javimotor ### ### ### ### ### ### ### ### ### ### ### ### ### ### ### ### ### ### ### ### ### ### ### ### ### ### ### ### ### ### ###### ### ### ### ### ### ### ### ### ### ### ### ### ### ### ### ### ### ### ### ### ### ### ### ### ### ### ### ### ### ### ### ### ### ### ### ### ### ### ### ### ### ### ### ### ### ### ### ### ### ### ### ### ### ### ### ### ### ### ### ### ### ### ### ### ### ### ### ### ### ### ### ### ### ### ### ### ### ### ### ### ### ### ### ### ### ### ### ### ### ### ### ### ### ### ### ### ### ### ### ### ### ### ### ### ### ### ### ### ### ### ### #
RA-ALTA/es-en-intermediate,Spanish,intermediate,B2,mixed,holiday,2.0,"@gmail.com/- ### The Next Generation of Stories, ###History/Policies/Lyndon Baird, has an emailed to her, explain her history, and share her memories.### Response:Why is it so important to us? What are we doing at the Olympics? What are you doing at the Olympics? What are you doing at the Olympics? How can you do that? #### Response:Are you prepared for the Olympics? What are you doing at the Olympics? What is your plan for the Olympics? When are you prepared for the Olympics? What is your plan for the Olympics? What is your plan for the Olympics? What is your plan for the Olympics? What is your plan for the Olympics? What are you doing at the Olympics? What is your plan for the Olympics? What is your plan for the Olympics? What is your plan for the Olympics? What is your plan for the Olympics? What is your plan for the Olympics? What is your plan for the Olympics? What is your plan for the Olympics? What is your plan for the Olympics? What is your plan for the Olympics? What is your plan for the Olympics? What is your plan for the Olympics? What is your plan for the Olympics? What is your plan for the Olympics? What is your plan for the Olympics? What is your plan for the Olympics? What is your plan for the Olympics? What is your plan for the Olympics? What"
RA-ALTA/es-en-intermediate,Spanish,intermediate,C2,mixed,family,2.0,@hotmail.com #### #### #### #### #### #### #### #### #### #### #### #### #### #### #### #### #### #### #### #### #### #### #### #### #### #### #### #### #### #### #### #### #### #### #### #### #### #### #### #### #### #### #### #### #### #### #### #### #### #### #### #### #### #### #### #### #### #### #### #### #### #### #### #### #### #### #### #### #### #### #### #### #### #### #### #### #### #### #### #### #### #### #### #### #### #### #### #### #### #### #### #### #### #### #### #### #### #### ###
RA-ALTA/es-en-intermediate,Spanish,intermediate,A3,l2t,hobbies,2.0,@gmail.com/# Read the article about the website to learn how people can take part in this activity. Read the article about the website to learn how people can take part in this activity.# Question: What are the ways in which people can take part in different activities and hobbies? This is an excellent one. You can find a list of questions that can help you answer these questions.# Question: What are your favorite activities? This is an excellent way to answer questions. This is an excellent way to answer questions.# Question: What are your favorite activities? This is an excellent way to answer questions. This is an excellent way to answer questions.# Question: How do you know what they are doing? This is a good way to answer questions.# Question: What are your favorite activities? This is an excellent way to answer questions.# Question: What does your favorite activity do in the evening when you are at the dinner table? This is a great way to answer questions.# Question: What are your favorite activity? This is an excellent way to answer questions.# Question: What are your favorite activities? This is an excellent way to answer questions.# Question: What is your favorite activity? This is an excellent way to answer questions.# Question: What is your favourite activity? This is an excellent way to answer questions.# Question: What are your favorite activities? This is an excellent way to answer questions.# Question: What are your favorite
RA-ALTA/es-en-intermediate,Spanish,intermediate,B3,l2t,holiday,2.0,": The following is a list of questions asked by our staff about the holiday. Your friend may respond: ""What do you think people will feel like?"" The answer, ""What are you doing?"" is likely to be to someone you are not familiar with and who does not understand. The answer is: ""What do you think this holiday will be. The answer is: ""What do you think this holiday will be?"" If you have more than one question, you may feel the answer. The answer is: ""What do you think this holiday will be?"" The answer is: ""What do you think this holiday will be? The answer is: ""What do you think this holiday will be."" The answer is: ""What do you think this holiday will be."" The answer is: ""What do you think this holiday will be."" The answer is: ""What do you think this holiday will be. The answer is: ""What do you think this holiday will be?"" The answer is: ""What do you think this holiday will be?"" The answer is: ""What do you think this holiday will be."" The answer is: ""What do you think this holiday will be?"" The answer is: ""What do you think this holiday will be."" The answer is: ""What do you think this holiday will be? The answer is: ""What do you think this holiday will be."" The answer is: ""What do you think this holiday will be?"" The answer is: """
RA-ALTA/es-en-intermediate,Spanish,intermediate,C3,l2t,family,2.0,@gmail.com/tags:0@example.com/tags:0@example.com/tags:0@example.com/tags:0@example.com/tags:0@example.com/tags:0@example.com/tags:0@example.com/tags:0@example.com/tags:0@example.com/tags:0@example.com/tags:0@example.com/tags:0@example.com/tags:0@example.com/tags:0@example.com/tags:0@example.com/tags:0@example.com/tags:0@example.com/tags:0@example.com/tags:0@example.com/tags:0@example.com/tags:0@example.com/tags:0@example.com/tags:0@example.com/tags:0@example.com/tags:0@example.com/tags:0@example.com/tags:0@example.com/tags:0@example.com/tags:0@example.com/tags:0@example.com/tags:0@example.com/tags:0@example.com/tags:0@example.
RA-ALTA/es-en-advanced,Spanish,advanced,A1,basic,hobbies,1.0,", or paraphrases about the lesson, that you have chosen. You may find yourself using this word on the board for a few weeks (not all of them). Please share your responses with other teachers.#### Question:Ask questions for discussion. Ask questions for your class. If you haven't answered any questions, ask for a question as well!### Question/answer:If you've got answers from a specific topic, ask for help if it's relevant. This is called ""What did I get here?"" and there are many more questions. Please note that this sentence does not contain additional information but rather provides clues when someone asks what they're looking for. The following questions could be helpful when planning your school year:- What happened? How long will my college last longer?- Does my grade level change over time?- Is it normal for my age group to continue doing so differently?- Are my grades changing after age 20?- Can I predict how much will my students will be able to achieve each of these things?- Have some suggestions for ideas regarding how to use these skills? Tell us why you think so many times during your school year today can't be expected to improve their performance.- Do you know whether my daughter is already engaged in sports or not?- Should you be concerned about how she will perform at school?- Are you having difficulty with the language skills necessary for her new school year?- Are there concerns about whether our children"
RA-ALTA/es-en-advanced,Spanish,advanced,B1,basic,holiday,1.0,"or paraphrasing the previous entry in class. Please include your name and address as well as your date of publication (e.g., ""A Week in Your Life"").### Response for a few questions or comments. In this lesson, students learn how to use text files and other graphic organizers to create visuals that depict their learning styles. Ask students what they want to know and share them with us. You will also find out more about these activities at our blog post.### Students learn basic vocabulary and concepts from the following topics:- What do people think? How are words used? How does language relate to culture? Why is it important to understand one's own life? Where did they come from? How was it changed? Why didn't people make mistakes? Who were their favorite characters? Why do we need to be taught first hand?- How can I teach the principles behind reading comprehension skills? How could my student take advantage of these lessons? What should I teach later?Please provide a link to this page to download ebooks and other print materials. The Science Fair Project EncyclopediaIn ancient Greece, when Greek civilization began its existence, the Greeks called themselves ""the gods"". Their ancestors had no known goddesses. Zeus became the god of fertility and death, thus giving birth to many goddesses. These deities worshipped deities such as Aphrodite and Dionysus. He created a statue of Athena, which he named after him.The mythology surrounding Olympiad"
RA-ALTA/es-en-advanced,Spanish,advanced,C1,basic,family,1.0,"@alumni_toledo #### Question: I'm not going to be able to answer that question? Is it because they are so smart? Why do we need more information than what we can use as our main source of information? In other words, what does this mean? If the answer is yes, then why did we find the answer wrong? Where did the problem come from?### Response by: Alumni_Toledo # ********I think this issue has been one of those debates where parents and teachers talk about their children in the classroom to make sure they understand how their child learns. To me, these questions were important. The purpose was to ask kids who were learning the language at home, but they wanted to learn the meaning behind them when their parents were struggling with reading and writing. I said that if you had trouble figuring out something you could actually explain, and I found that the goal is to help each kid get started on the path toward literacy skills. But once again, the issues raised aren't just about reading, but also about teaching reading.The topic of reading isn't specifically about ""reading"" but it's a really important area that people don't know very well. And the challenge is to get students involved and make connections between concepts and ideas. So what happens next depends on your teacher. What does it take to teach a new material at school? If there are problems, the only"
RA-ALTA/es-en-advanced,Spanish,advanced,A2,mixed,hobbies,1.0,_resource@gmail.com/Monday-Abril.html#Pocket-Foot.jpg#Writing-out-of-the-themed-schools/Narrative-Optional-Orientations-and-Rulets-of-Schools.aspx?id=5358493&lang=en&ct=1&u=060212&ved=200707756444&tbk=customize=true&utm=rnq&hl=es&ei=XMLZYgzl0IJvBjHwIoYUQhCJLwIYVCJSKpHqEHfGwCJQaqdLwDwCJxgTwIyZhRQJlIYXQdSQyUQaqAqdLWIyZwIYUQwIYXqAqeHQRQtMzLwIyUQwDjwIYuYZwIyLyZhZwIiwiWIYUqdRjihZIiwIYXAqdYUQjwIyIYuqyIYXWiYYXQzIYXuY
RA-ALTA/es-en-advanced,Spanish,advanced,B2,mixed,holiday,1.0,"(if any) or ""same"" (if any). You're welcome! This is a guest post by a former teacher in New York City's Department of Education and one of the best teachers I have ever had. She can be reached at firstname.lastname@example.org or via e-mail at firstname.com/tk/SNU_DIGITALITY. You may also receive feedback on this post by clicking here.### Presentation:Ms. Mary Elizabeth Harris (email@example.com) is an associate professor of education at the University of California, San Diego. Ms. Harris is currently working with her students in the school system and has been teaching for over 25 years. In addition to helping their children develop and improve their academic skills, Ms. Harris says she teaches them how to use technology as part of learning from school. She continues to collaborate with their peers who are learning new information online. This article was written for the U. S. Department of Education on May 10, 2012. The article describes several examples of classroom practices that support using virtual worlds in math classrooms. Using Virtual Worlds, we describe what it means to live in an environment where kids can interact and share their knowledge. We then compare our experiences with other environments. This article will help us understand the meaning behind real world situations involving virtual worlds. Our discussion about virtual worlds in science class presents some of these challenges. These are questions regarding virtual worlds in mathematics class. They are based"
RA-ALTA/es-en-advanced,Spanish,advanced,C2,mixed,family,1.0,"@diannielsgc @mamie_comments ********You may want to add your own post to this article via RSS 2.0 feed. You can also try it on my blog Twitter at http://www.facebook.com/Diannielandrewsbacher@yahoo.comThe following HTML text is provided to enhance onlinereadability. Many aspects of typography translate only awkwardly into HTML.Please use the page imageas the authoritative form to ensure accuracy.Licensed content from Wikipedia (13th ed.). © 1997-2013 by The Nature Conservancy and the IUCN Red List of Threatened Species. All rights reserved.See more Encyclopedia articles on: Biodiversity » Biographies | Biography | F. Moresby | Buckeye | E. Pyle | T. O'Brien | A. Rupert | G. Lott | W. Eaton | W. Hocken | N. J. Blatcher | W. D. Kunst | A. Svoboda | W. Lott - who was born in Cologne (now known as Kassau) in 1920. He entered law school in 1930 with an interest in politics and social reform in the United States. In 1932 he became a member of the House Committee on Human Rights, which advocated equal opportunity for all citizens.He married Elizabeth Ann Chambers (1933). His father was an American political scientist;"
RA-ALTA/es-en-advanced,Spanish,advanced,A3,l2t,hobbies,1.0,", thank you! How about this? Please share what surprised you most...You have been using the internet since 1980, but it has changed very little from the early 1970s. This is because of a new web page called ""The Internet"". It was created by Andrew Martin who developed the WikiShop, which is now being updated to reflect the latest developments in technology. In addition to its many features, Wikipedia's wiki allows users to create their own online versions of any content they wish to edit or contribute to the WikiSubscribe.- The Web (in French) is a language that has been used throughout the world for hundreds of years. There are over 2 million articles published on this subject every year, and the content has been mostly written in English with a focus on non-English speakers' work. Wikis have become increasingly popular as well, though there are still thousands of them published today.- The World Wide Web (which is also known as the World Wide Web), is a medium of communication between computers. As such, all information we see comes from our eyes through our minds. Although some researchers believe these types of technologies may be better than others, not everyone agrees with one another.- The Internet is a social network; however, it is widely believed that it would make the best use of Internet resources available to other people without compromising their personal interests.- People don't want to learn anything new, so when someone else goes online, it doesn't mean they"
RA-ALTA/es-en-advanced,Spanish,advanced,B3,l2t,holiday,1.0,"? I don't know what it is like for your friends (even if they are not), but they can do this and it's going to be a bit difficult to get them involved. They need help from the kids! You're welcome!Please post any responses to this article by clicking here or call 1-800-547-1600.For more information regarding our activities, check out my blog, Teaching & Learning About Maths at www.mathsfest.com/kidsforum. For more ideas, check out the Kidspot Forum on Mathsfest on Thursday, March 3rd.The goal of KIDSF is to bring all children together to participate in one or more activities that will teach basic math skills and build confidence through learning about mathematics.KIDSF's educational program aims to provide both positive classroom experiences with students as well as positive teaching practices with each student as part of a healthy family and community environment. The program includes interactive games designed to teach the students how to use their own computers to learn math concepts. The program encourages students to think critically based on these concepts while also improving their comprehension of mathematical terms.Students work with their peers to develop problem solving strategies that lead to better understanding of algebraic symbols, geometry, and other concepts learned during their school day. They also demonstrate their knowledge of fractions and trigonometric equations and to use manipulatives for building numerical models and measuring properties of complex numbers. In addition to"
RA-ALTA/es-en-advanced,Spanish,advanced,C3,l2t,family,1.0,"! (1/3) I know of many different ways that people make their own decisions about what to do with their children's education. What makes them think they want to learn? Where are some of these ideas? Are they all relevant or important? Why do we need a new perspective on how much information we can access to our students at school? Do we need additional information? How does it affect us today? [T]here is a word used when discussing information from outside world. It comes from the English language. The word 'family' has its origins in English and was first recorded as being derived from Old French, meaning 'the mother'. This name also came into use during the Middle Ages, where we often use the word 'familiar'. In Medieval times there were several letters in this alphabet including the Greek letter 'Family', the Latin letter 'Aeol', the Arabic letter 'Bosnia'.This definition could be either 'baby' or 'capped'. Here we can see the difference between the words 'family' and 'capped' — these families made up the majority of the population. We could compare them to any other families without having two siblings; thus the term ""familia"" would mean that the parents had no brother. A lot of people don't like the idea that grandparents or brothers lived together. They're not connected to each other.The fact that modern-day households are usually located in a single room shows that most"
RA-ALTA/es-en-advanced,Spanish,advanced,A1,basic,hobbies,2.0,", or paraphrases about the lesson, that you have chosen. You may find yourself using this word on the board for a few weeks (not all of them). Please share your responses with other teachers.#### Question:Ask questions for discussion. Ask questions for your class. If you haven't answered any questions, ask for a question as well!### Question/answer:If you've got answers from a specific topic, ask for help if it's relevant. This is called ""What did I get here?"" and there are many more questions. Please note that this sentence does not contain additional information but rather provides clues when someone asks what they're looking for. The following questions could be helpful when planning your school year:- What happened? How long will my college last longer?- Does my grade level change over time?- Is it normal for my age group to continue doing so differently?- Are my grades changing after age 20?- Can I predict how much will my students will be able to achieve each of these things?- Have some suggestions for ideas regarding how to use these skills? Tell us why you think so many times during your school year today can't be expected to improve their performance.- Do you know whether my daughter is already engaged in sports or not?- Should you be concerned about how she will perform at school?- Are you having difficulty with the language skills necessary for her new school year?- Are there concerns about whether our children"
RA-ALTA/es-en-advanced,Spanish,advanced,B1,basic,holiday,2.0,"or paraphrasing the previous entry in class. Please include your name and address as well as your date of publication (e.g., ""A Week in Your Life"").### Response for a few questions or comments. In this lesson, students learn how to use text files and other graphic organizers to create visuals that depict their learning styles. Ask students what they want to know and share them with us. You will also find out more about these activities at our blog post.### Students learn basic vocabulary and concepts from the following topics:- What do people think? How are words used? How does language relate to culture? Why is it important to understand one's own life? Where did they come from? How was it changed? Why didn't people make mistakes? Who were their favorite characters? Why do we need to be taught first hand?- How can I teach the principles behind reading comprehension skills? How could my student take advantage of these lessons? What should I teach later?Please provide a link to this page to download ebooks and other print materials. The Science Fair Project EncyclopediaIn ancient Greece, when Greek civilization began its existence, the Greeks called themselves ""the gods"". Their ancestors had no known goddesses. Zeus became the god of fertility and death, thus giving birth to many goddesses. These deities worshipped deities such as Aphrodite and Dionysus. He created a statue of Athena, which he named after him.The mythology surrounding Olympiad"
RA-ALTA/es-en-advanced,Spanish,advanced,C1,basic,family,2.0,"@alumni_toledo #### Question: I'm not going to be able to answer that question? Is it because they are so smart? Why do we need more information than what we can use as our main source of information? In other words, what does this mean? If the answer is yes, then why did we find the answer wrong? Where did the problem come from?### Response by: Alumni_Toledo # ********I think this issue has been one of those debates where parents and teachers talk about their children in the classroom to make sure they understand how their child learns. To me, these questions were important. The purpose was to ask kids who were learning the language at home, but they wanted to learn the meaning behind them when their parents were struggling with reading and writing. I said that if you had trouble figuring out something you could actually explain, and I found that the goal is to help each kid get started on the path toward literacy skills. But once again, the issues raised aren't just about reading, but also about teaching reading.The topic of reading isn't specifically about ""reading"" but it's a really important area that people don't know very well. And the challenge is to get students involved and make connections between concepts and ideas. So what happens next depends on your teacher. What does it take to teach a new material at school? If there are problems, the only"
RA-ALTA/es-en-advanced,Spanish,advanced,A2,mixed,hobbies,2.0,_resource@gmail.com/Monday-Abril.html#Pocket-Foot.jpg#Writing-out-of-the-themed-schools/Narrative-Optional-Orientations-and-Rulets-of-Schools.aspx?id=5358493&lang=en&ct=1&u=060212&ved=200707756444&tbk=customize=true&utm=rnq&hl=es&ei=XMLZYgzl0IJvBjHwIoYUQhCJLwIYVCJSKpHqEHfGwCJQaqdLwDwCJxgTwIyZhRQJlIYXQdSQyUQaqAqdLWIyZwIYUQwIYXqAqeHQRQtMzLwIyUQwDjwIYuYZwIyLyZhZwIiwiWIYUqdRjihZIiwIYXAqdYUQjwIyIYuqyIYXWiYYXQzIYXuY
RA-ALTA/es-en-advanced,Spanish,advanced,B2,mixed,holiday,2.0,"(if any) or ""same"" (if any). You're welcome! This is a guest post by a former teacher in New York City's Department of Education and one of the best teachers I have ever had. She can be reached at firstname.lastname@example.org or via e-mail at firstname.com/tk/SNU_DIGITALITY. You may also receive feedback on this post by clicking here.### Presentation:Ms. Mary Elizabeth Harris (email@example.com) is an associate professor of education at the University of California, San Diego. Ms. Harris is currently working with her students in the school system and has been teaching for over 25 years. In addition to helping their children develop and improve their academic skills, Ms. Harris says she teaches them how to use technology as part of learning from school. She continues to collaborate with their peers who are learning new information online. This article was written for the U. S. Department of Education on May 10, 2012. The article describes several examples of classroom practices that support using virtual worlds in math classrooms. Using Virtual Worlds, we describe what it means to live in an environment where kids can interact and share their knowledge. We then compare our experiences with other environments. This article will help us understand the meaning behind real world situations involving virtual worlds. Our discussion about virtual worlds in science class presents some of these challenges. These are questions regarding virtual worlds in mathematics class. They are based"
RA-ALTA/es-en-advanced,Spanish,advanced,C2,mixed,family,2.0,"@diannielsgc @mamie_comments ********You may want to add your own post to this article via RSS 2.0 feed. You can also try it on my blog Twitter at http://www.facebook.com/Diannielandrewsbacher@yahoo.comThe following HTML text is provided to enhance onlinereadability. Many aspects of typography translate only awkwardly into HTML.Please use the page imageas the authoritative form to ensure accuracy.Licensed content from Wikipedia (13th ed.). © 1997-2013 by The Nature Conservancy and the IUCN Red List of Threatened Species. All rights reserved.See more Encyclopedia articles on: Biodiversity » Biographies | Biography | F. Moresby | Buckeye | E. Pyle | T. O'Brien | A. Rupert | G. Lott | W. Eaton | W. Hocken | N. J. Blatcher | W. D. Kunst | A. Svoboda | W. Lott - who was born in Cologne (now known as Kassau) in 1920. He entered law school in 1930 with an interest in politics and social reform in the United States. In 1932 he became a member of the House Committee on Human Rights, which advocated equal opportunity for all citizens.He married Elizabeth Ann Chambers (1933). His father was an American political scientist;"
RA-ALTA/es-en-advanced,Spanish,advanced,A3,l2t,hobbies,2.0,", thank you! How about this? Please share what surprised you most...You have been using the internet since 1980, but it has changed very little from the early 1970s. This is because of a new web page called ""The Internet"". It was created by Andrew Martin who developed the WikiShop, which is now being updated to reflect the latest developments in technology. In addition to its many features, Wikipedia's wiki allows users to create their own online versions of any content they wish to edit or contribute to the WikiSubscribe.- The Web (in French) is a language that has been used throughout the world for hundreds of years. There are over 2 million articles published on this subject every year, and the content has been mostly written in English with a focus on non-English speakers' work. Wikis have become increasingly popular as well, though there are still thousands of them published today.- The World Wide Web (which is also known as the World Wide Web), is a medium of communication between computers. As such, all information we see comes from our eyes through our minds. Although some researchers believe these types of technologies may be better than others, not everyone agrees with one another.- The Internet is a social network; however, it is widely believed that it would make the best use of Internet resources available to other people without compromising their personal interests.- People don't want to learn anything new, so when someone else goes online, it doesn't mean they"
RA-ALTA/es-en-advanced,Spanish,advanced,B3,l2t,holiday,2.0,"? I don't know what it is like for your friends (even if they are not), but they can do this and it's going to be a bit difficult to get them involved. They need help from the kids! You're welcome!Please post any responses to this article by clicking here or call 1-800-547-1600.For more information regarding our activities, check out my blog, Teaching & Learning About Maths at www.mathsfest.com/kidsforum. For more ideas, check out the Kidspot Forum on Mathsfest on Thursday, March 3rd.The goal of KIDSF is to bring all children together to participate in one or more activities that will teach basic math skills and build confidence through learning about mathematics.KIDSF's educational program aims to provide both positive classroom experiences with students as well as positive teaching practices with each student as part of a healthy family and community environment. The program includes interactive games designed to teach the students how to use their own computers to learn math concepts. The program encourages students to think critically based on these concepts while also improving their comprehension of mathematical terms.Students work with their peers to develop problem solving strategies that lead to better understanding of algebraic symbols, geometry, and other concepts learned during their school day. They also demonstrate their knowledge of fractions and trigonometric equations and to use manipulatives for building numerical models and measuring properties of complex numbers. In addition to"
RA-ALTA/es-en-advanced,Spanish,advanced,C3,l2t,family,2.0,"! (1/3) I know of many different ways that people make their own decisions about what to do with their children's education. What makes them think they want to learn? Where are some of these ideas? Are they all relevant or important? Why do we need a new perspective on how much information we can access to our students at school? Do we need additional information? How does it affect us today? [T]here is a word used when discussing information from outside world. It comes from the English language. The word 'family' has its origins in English and was first recorded as being derived from Old French, meaning 'the mother'. This name also came into use during the Middle Ages, where we often use the word 'familiar'. In Medieval times there were several letters in this alphabet including the Greek letter 'Family', the Latin letter 'Aeol', the Arabic letter 'Bosnia'.This definition could be either 'baby' or 'capped'. Here we can see the difference between the words 'family' and 'capped' — these families made up the majority of the population. We could compare them to any other families without having two siblings; thus the term ""familia"" would mean that the parents had no brother. A lot of people don't like the idea that grandparents or brothers lived together. They're not connected to each other.The fact that modern-day households are usually located in a single room shows that most"
RA-ALTA/fr-en-beginner,French,beginner,A1,basic,hobbies,1.0,.com: ### Math Forum: ### Math Forum: ### Math Forum: ### Math Forum: ### Math Forum: ### Math Forum: ### Math Forum: ### Math Forum: ### Math Forum: ### Math Forum: ### Math Forum: ### Math Forum: ### Math Forum: ### Math Forum: ### Math Forum: ### Math Forum: ### Math Forum: ### Math Forum: ### Math Forum: ### Math Forum: ### Math Forum: ### Math Forum: ### Math Forum: ### Math Forum: ### Math Forum: ### Math Forum: ### Math Forum: ### Math Forum: ### Math Forum: ### Math Forum: ### Math Forum: ### Math Forum: ### Math Forum: ### Math Forum: ### Math Forum: ### Math Forum: ### Math Forum: ### Math Forum: ### Math Forum: ### Math Forum: ### Math Forum: ### Math Forum: ### Math Forum: ### Math Forum: ### Math Forum: ### Math Forum: ### Math Forum: ### Math Forum: ### Math Forum: ### Math Forum: ### Math Forum: ### Math Forum: ### Math Forum: ### Math Forum: ### Math Forum: ### Math Forum: ### Math Forum: ### Math Forum: ### Math Forum: ###
RA-ALTA/fr-en-beginner,French,beginner,B1,basic,holiday,1.0,"the word that you have used to describe her childhood's birthday. Take a look at this page and share it with other friends. Use the ""custom"" link. You can use the ""easy"" link. You can also use the ""easy"" link. #### The ""easy"" link is a little bit more likely to be an even more helpful way to explain how the child is using the ""easy"" link. You can also use a ""easy"" link to explain how the child is using the ""easy"" link. Start with ""easy"" and write an easy. It is a great way to explain how the parent can use the ""easy"" link. Read the easy link. Your friend, Sophia, and his family know that the child is using the ""easy"" link. You can also ask questions and answers about your own feelings.### Play with family members. Some children don't have a child's play with your grandmother or grandparents, but you can ask your mother if you have a child that is having a child, which is a great way to tell your family. Don't have to worry about your child's play to be played, so have your family member's play with your grandmother or grandparents, or have your family member come up with the ""easy"" link. Help your child find the play.### Instruction: Your friend, Sophia, and her father have been on the"
RA-ALTA/fr-en-beginner,French,beginner,C1,basic,family,1.0,".net.net. You can also help in how you can help with your family to get a better understanding of the question. You can help you with your family to get a better understanding of the topic, by providing a forum to help you with your family's questions. You can also help with your family. You can help with your family's questions by asking questions or asking questions. You can help with your family to answer your questions.### Answer: This is an excellent resource for parents to help you get a better understanding of the topic, and to help your family to get a better understanding of the question. You can help with your family in ways that will help you with your family.### Answer: This resource is a great resource for parents to help you with the topic. It is a good resource for parents to help with family's questions. You can help with your family's questions by providing a forum to help you with your family. You can help with your family and the family to help you with your family.### Answer: This is a great resource for parents to help with your family's questions. You can help with your family's questions and help with your family. You can help with your family's questions by giving a forum to help your family. You can help with your family's questions by providing a forum to help your family.### Write: This resource is a great resource for parents to help with your family's questions. The question """
RA-ALTA/fr-en-beginner,French,beginner,A2,mixed,hobbies,1.0,and the environment is so important that you should be aware of the importance of how you can use the information you have. Please don't worry if it's all good for you.- Keep track of the activity you have taken.- Make sure to monitor your city's activities.- Give any information you have not taken before you hear about it.- Help your city and local officials to monitor the activity you have taken.- Read the report.- Take a look at the city's activities and learn the information you are taking.- Start with one of the following questions:- What do you notice?- What do you think you are doing?- What do you think you are doing?- How do you think you should be aware of the activities your city needs?- What should you do if you have a problem?- What are the various activities you can do to help your city make sense of what is going on?- How are your community working with people who can help you manage their problems through education?- What are the reasons for your community's problems?- What do you think you should do if you have a problem?- What are the reasons for your community's problems? Explain the following questions:- What is the most important thing in your community?- What is the most important thing in your community? Explain what is going on into your community:- What is the most important thing in your community?- What is the most important thing in your community?
RA-ALTA/fr-en-beginner,French,beginner,B2,mixed,holiday,1.0,".com, a free resource for people with disabilities. I think she's a bit surprised. I know a little boy who was trying to find out a place to go. I don't know that she was going to get a lot of fun. I know you can't get everything. I know she said she was doing a really good job. I know she was so happy. She was so happy. I have a lot of fun with she for her, she has a lot of fun.### Answer:I'm glad I've got a little more of the fun of my new child. I have a lot of fun. I get a little more. I have a lot of fun. I like it. I have a lot of fun. My daughter has a lot of fun. I'm happy. I think she has some fun. I have fun! I know she is going to get a little more. I'm happy. I know she is going to get a little more. I have a lot of fun. I know she is going to get a little more. My daughter is going to get a little more. I know she is going to get a little more. I know she is going to get a little more. I know she is going to get a little more. My daughter is going to get a little more. I know she is going to get a little more. I know she is going to get a little more"
RA-ALTA/fr-en-beginner,French,beginner,C2,mixed,family,1.0,": you will find a new question you'd like to ask your parents. In order to answer this question, you must sign up for a comment. We will discuss your suggestion in the comments section. If you have any questions, please contact me. (Website: http://www.nce.edu/about/what-to-what-to-know-what-to-know-what-to-know) Please share what surprised you most... Simply begin typing or use the editing tools above to add to this article.Once you are finished and click submit, your modifications will be sent to our editors for review....include ""Save a Comment"" (s): ""Save a Comment"" (s): ""Save a Comment"" (s): ""Save a Comment"" (s): ""Save a Comment"" (s): ""Save a Comment"" (s): ""Save a comment"" (s): ""Save a comment"" (s): ""Save a comment"" (s): ""Save a comment"" (s): ""Save a comment"" (s): ""Save a comment"" (s): ""Save a comment"" (s): ""Save a comment"" (s): ""Save a comment"" (s): ""Save a comment"" (s): ""Save a comment"" (s): ""Save a comment"" (s): ""Save a comment"""
RA-ALTA/fr-en-beginner,French,beginner,A3,l2t,hobbies,1.0,"is the most common language spoken in the community. It is most commonly spoken in the United States. It is spoken by persons who are not present, but rather are people who are not present. It is also spoken by people who are not present. You can also hear the words, phrases or phrases you have heard in your town. It is spoken by people who are not present. It is spoken by people who are not present. It is spoken by people who are not present.I have a lot of fun in the time. I have had a lot of fun in the past, and I am doing homework. I have a lot of fun in the past, and I am doing my homework. I have been writing a lot of fun, and I have had lots of fun when I was 6, and I had a lot of fun in the past, and I am doing my homework, but only I was not doing my homework! I have a lot of fun in the past, and I am working with a lot of fun in the past. I have had a lot of fun in the past, and I have been doing my homework. I have been doing my homework, but I have never been writing my homework. I have been writing my homework, and I have been doing my homework. I have been writing my homework, but I am writing my homework. I have been writing my homework, and I have been writing my homework. I have been writing my homework, but I"
RA-ALTA/fr-en-beginner,French,beginner,B3,l2t,holiday,1.0,"is a useful and useful tool. It is a good idea to have your friend, Sophia, discuss the holiday with your friend and you can help. You can also use the resources of the site to get a nice idea of how to help.# # # # # # # # # # # # # # # # ## # # # ## # # ## # # # # ## # ## # ## # # # ## ## # ### ### # ## ## ## # ## ## ## ## ### ## ## ## ### ## ## ## ### ### ## ### ### ### ### ### #### ###:: ##:: ##:: ##:: ##:: ##:: ##:: ##:: ##:: ##:: ##:: ##:: ##:: ##:: ##:: ##:: ##:: ##:: ##:: ##:: ##:: ##:: ##:: ##:: ##:: ##:: ##:: ##:: ##:: ##:: ##:: ##:: ##:: ##:: ##:: ##:: ##:: ##:: ##:: ##:: ##:: ##:: ##:: ##:: ##:: #"
RA-ALTA/fr-en-beginner,French,beginner,C3,l2t,family,1.0,. I will be writing about the answers to the question. My friends and I love to hear about some of the great stories about my family. I am not in the real world to talk about my family but to talk about me. I don't know who I am. My friends and I am in the real world I am to talk about the question. I am in the real world. I am in the real world. I am in the real world. I am in the real world. I am in the real world. My friends and I am in the real world. I am in the real world. I am in the real world. I am in the real world. I am in the real world. I am in the real world. I am in the real world. I am in the real world. I am in the real world. I am in the real world. I am in the real world. I am in the real world. I am in the real world. I am in the real world. I am in the real world. I am in the real world. I am in the real world. I am in the real world. I am in the real world. I am in the real world. I am in the real world. I am in the real world. I am in the real world. I am in the real world. I am in the real world. I am in the real world. I am in the real world.
RA-ALTA/fr-en-beginner,French,beginner,A1,basic,hobbies,2.0,", the most frequent form of the word is the word that can be used to describe the people who want to play with children. It is a word that is used to describe the people who love playing with children. Your local newspaper is a good way to understand the word you have in your town to speak about. It is a good way to know what you are doing. You can help your local newspaper by using a word that includes a word that is really special about children and young people. The word is also a good way to tell people who have a good idea of what you are doing and what you are doing.>> A list of questions you may find in the comments below.1) Write an article in your town and ask you to share the word you are doing.2) Write a journal article in your town.3) Write a newspaper article in your town.4) Write a newspaper article in your town and ask you to share the word you are doing in your town.5) Write a journal article in your town and ask you to share the word you are doing in your town.7) Write a journal article in your town.Tell us a comment. What is the main idea behind this article? If you want to share the word you are doing, you can make a comment to them. If you want to share the word you are doing, you can make a comment to them. They also give us a better idea of what you are doing. For"
RA-ALTA/fr-en-beginner,French,beginner,B1,basic,holiday,2.0,.com- Your friend is a registered user of the website. Your friend is a registered user of the website. Your friend is a registered user of the website. Your friend is a registered user of the website. Your friend is a registered user of the website. Your friend is a registered user of the site. Your friend is a registered user of the website. Your friend is a registered user of the website. You are a registered user of the website. Your friend is a registered user of the website. Your friend is a registered user of the website. Your friend is a registered user of the website. Your friend is a registered user of the website. Your friend is a registered user of the website. Your friend is a registered user of the website. Your friend is a registered user of the website. Your friend is a registered user of the website. Your friend is a registered user of the website. Your friend is a registered user of the website. Your friend is a registered user of the website. Your friend is a registered user of the website. Your friend is a registered user of the website. Your friend is a registered user of the website. Your friend is a registered user of the website. Your friend is a registered user of the website. Your friend is a registered user of the website. Your friend is a registered user of the website. Your friend is a registered user of the website. Your friend is a registered user of the website. Your friend is a registered user of the
RA-ALTA/fr-en-beginner,French,beginner,C1,basic,family,2.0,"is a term used to describe a big family, and the following words may refer to:A big family is a family that is a small family of individuals that have a big family. The group of people in the group who have a big family are called a big family. You can use the word 'bigfamily' in your word lists, but this is generally better than the common ones in the group you wish to use. The word 'big family' and the word 'big family' are generally used to describe a big family that is big.The big family is an individual's family, and we need to do something about it. The big family is a big family that is very large, with small families, but small families. Many people around the world have a big family, and it is easy to keep it from being used. It is easy to keep it from being used. However, when you have a big family, you have to use a big family. You have to use a big family to share your family if you want to work out a big family. You can use a big family for a big family, or you can use a big family for a big family or small family. Some people are very big. A big family is a big family. Some people have a big family, but very few people have a big family. A big family is a big family.The big family is an individual's family. The big family is a big family."
RA-ALTA/fr-en-beginner,French,beginner,A2,mixed,hobbies,2.0,": a town with unique features. Try to write to the top of your town that you want to read. See the information in the comments section below. You can also use the name and address of your town (see the links below.) The town has two classes. You can also use the names of your town, the names of your town, and the type of town where you will find your town. The three classes are:- City: The town at the intersection of the city. (See the map above.)- City: The city at the intersection of the city. (See the map above.)- Town: The town at the intersection of the city. (See the map below.)- City: The town at the intersection of the city. (See the map above.)- Town: The town at the intersection of the city. (See the map below.)- Town: City: The town at the intersection of the city. (See the map below.)- Town: The town at the intersection of the city. (See the map above.)- Town: The town at the intersection of the city. (See the map below.)- Town: The town at the intersection of the city. (See the map below.)- Town: The town at the intersection of the city. (See the map below.)- Town: The town at the intersection of the city. (See the map below.)- Town: The town at the intersection of the city. ("
RA-ALTA/fr-en-beginner,French,beginner,B2,mixed,holiday,2.0,".com. Unsubscribe to our newsletter. Si vous avez un problème avec un livre, un livre, un blog ou un blog, n'hésitez pas à nous le faire savoir. La vie a changé. Pour être sûr de recevoir le magazine, nous vous enverrons une sélection d'invitations et de cadeaux pour vous aider à mieux comprendre ses secrets. Le livre de la semaine ### Révélation: La dernière modification de ce site Web a été faite par l'auteur. Au début, je me suis arrêtée sur le site et j'ai commencé à me demander mon avis sur ce site. Par conséquent, je voulais savoir si j'étais satisfait de mon achat et si le site est un succès, j'ai décidé d'acheter le livre de la semaine ### Révélation: La dernière modification de ce site Web a été faite par l'auteur. Si vous avez des questions, nous pourrions vous aider à nous contacter. La dernière modification de ce site Web a été faite par l'auteur. Vous pouvez le mettre en favoris avec ce site Web ou nous le faire savoir. Nous nous efforcerons de vous aider à trouver un moyen facile de le faire: c'est simple et rapide. Nous sommes prêts à vous offrir un choix de cadeau parfait pour vous. C'est un excellent cadeau pour tout le monde et nous sommes ravis d'offrir un cadeau parfait pour vous. Pour nous, ce site Web est un excellent rapport qualité-prix. Vous"
RA-ALTA/fr-en-beginner,French,beginner,C2,mixed,family,2.0,"- This site is a place to start. You'll need to find out more about this.### Earnings and Conditions. I can't find any information about this topic; I'll explain. I can't help you with this. We are a member of the Society of American Artists. This website is a place to start. You can also find out more about this topic, in this section.Subscribe to the web. If you have any questions, or have questions, please contact us if you have any questions or concerns. Please log in to the Earnings and Conditions section below for an appointment.Browse the Earnings for more information.Follow me on Twitter. Join us on Twitter. On Twitter, we are part of the Earnings. I have a small group of people involved in the Earnings and Conditions section. We are all part of the Earnings and Conditions section. Please log in to the Earnings section below for an appointment.Subscribe to the Earnings section below for an appointment.You can also contact me if I have any questions or concerns. Please log in to the Earnings section below for an appointment.Subscribe to the Earnings section below for an appointment.You can also visit the Earnings section below for a visit. You can also visit the Earnings section below for a visit. You can also visit the Earnings section below for an appointment."
RA-ALTA/fr-en-beginner,French,beginner,A3,l2t,hobbies,2.0,"- the word for ""crabs"" is a word for ""crabs"", a word for ""crabs"" or a word for ""crabs"". The word ""crabs"" is a word for ""crabs"" or a word for ""crabs"". It is the word for ""crabs"" or ""crabs"".The term ""crabs"" is used to refer to a certain word for ""crabs"" or ""crabs"". The word ""crabs"" is a word for ""crabs"". The word ""crabs"" is also used to refer to a certain word for ""crabs"". The word ""crabs"" is used to refer to a certain word for ""crabs"".The word ""crabs"" is used to refer to a certain word for ""crabs"" or a word for ""crabs"". The word ""crabs"" is used to refer to a certain word for ""crabs"". The word ""crabs"" is used to refer to a certain word for ""crabs"". The word ""crabs"" is used to refer to a certain word for ""crabs"". The word ""crabs"" is used to refer to a certain word for ""crabs"". The word ""crabs"" is used to refer to a certain word for ""crabs"".The word ""crabs"" is used to refer to a certain word for ""crabs"". The word ""crabs"" is used to refer to a certain word for"
RA-ALTA/fr-en-beginner,French,beginner,B3,l2t,holiday,2.0,"in the classroom. Try to make it up to you. If you have a conversation with your friend, you'll find it fun! This will help you get ready for this holiday. If you have a conversation with your friend, you'll find it fun. If you have a conversation with you, you'll find it fun. This is a nice way to encourage your friend to make it more fun. The concept of a garden is a way of creating a garden. There are lots of garden gardens, but we have a garden in our gardens. Every gardener knows that the gardener is a gardener. You will also see that many different kinds of garden plants are created using different plants. Plants that are made from plants, plants that have different types of colors, and plants that are similar to plants that are different to plants that are different to plants that are different to plants that have different types of color. You'll see that all the different plants that are different to plants are created from plants that have different colors. There are also some plants that are different. In our gardens, they have different kinds of colors and plants that are different to plants that are different to other plants than plants that are different to plants. The first thing to do is check out the plants that are different to plants. The first thing to do is to look for the different plants. The second thing to do is to look for the different plants that are different to plants that have different color. They are different"
RA-ALTA/fr-en-beginner,French,beginner,C3,l2t,family,2.0,"### Math:The first step to the project is to make sure that the information is on the top of your finger. You should also follow the heading of the paper. You can also use the chart of the steps. If you follow the heading, you should use the chart of the steps, and the chart of the steps. You should also use the chart of the steps to create a great graph of the steps. You should also use a chart of the steps.What Is a Math?A Math is a series of diagrams, diagrams, and diagrams that are used to make sure that you are using the information. You may need to be able to use the chart of the steps, or any one that you use to make sure that you are using the information. You may need to use the chart of the steps to make sure that you are using the information.You should also have a good idea of the structure of your chart. You should use the chart of the steps you use the most. You may need to use the chart of the steps in the chart of the steps. You should also use the chart of the steps in the chart of the steps.How to Make a Math Test?A Math test is a test that requires you to set a test. You should have an accurate test of the steps, but you should also have an accurate test of the steps. You can use the chart of the steps in the chart of the steps, but you need to have a test"
RA-ALTA/fr-en-intermediate,French,intermediate,A1,basic,hobbies,1.0,"#! This is an important part of the job and you are likely to find yourself in the right place. When you are planning for your trip, you want to make sure that you are prepared to do the best in the best interests.### Re-examination:If you are planning for your trip, you are advised not to leave the room in the next room. During the trip, you will be asked to move to a room where you will probably need to be. The room will not be as open as to accommodate a loved one and it is more appropriate to go into a room where you will take you to the next room.### Be sure that you are comfortable with your surroundings.### Re-examination:If you are planning for your trip, you are advised to use the bathroom and the bathroom, if necessary. If you are planning for your trip, you are advised not to leave the room unattended.### Re-examination:If you are planning for your trip, you are advised not to leave the room unattended.### Re-examination:If you are planning for your trip and your trip, you are advised not to leave the room unattended and you are advised not to leave the room unattended.### Re-examination:If you are planning for your trip, you are advised not to leave the room unattended.### Re-examination:For the trip, you are advised to leave the room"
RA-ALTA/fr-en-intermediate,French,intermediate,B1,basic,holiday,1.0,", or I am angry about your friend's birthday.### Response:Finding a time for the holidays that I've been talking about, or your favorite holiday, you'll be better off.Please, and I'm not going to be able to give you a new birthday, because you're not only going to be going to be the next birthday, but the next day, the next birthday.For more information about the holidays, visit the website of the National Association of State Park Officers. A great way to get kids involved!If you're a parent, a school administrator, a member of the public school system, or anything other than the school in your area, check out the website of the National Association of State Park Officers. If you're a parent, your child's school is going to be back in touch with your friends. If you know of the many things that kids do, try them out with your family and look at the list above.# # ## # # # ## # ## ## ## ## ## ## ## ## ## ## ## ## ## ## ### ## ## ## ## ## ## ## ## ### ### ## ## ## ## # ## ## ##- The National Association of State Park Officers offers an online kit, but there are still resources available there. The kit includes a variety of"
RA-ALTA/fr-en-intermediate,French,intermediate,C1,basic,family,1.0,":: Previous Essay || Next Essay || Next Essay (3)You are welcome to read the essay on the BBC Today page. This article will be reproduced in a new and modified way. For further information, please visit the BBC Today page.You are welcome to read the essay on the BBC Today page.Copyright © 2013 ABC Tribune. All rights reserved. This material may not be published, broadcast, rewritten or redistributed. The United States of America is the only country in the world to have the highest average sea level of freshwater. The nation has the highest average sea level of freshwater in the world. The rate at which the federal government will take the first step is estimated at the National Oceanic and Atmospheric Administration. Sea level is expected to rise by a factor of three, but the number of years that will be completed will be set at the National Oceanic and Atmospheric Administration. The latest figure includes the nation's total sea level of 2.3 feet per year in five years. The U.S. average sea level of 2.0 feet per year will be set at one.6 feet per year.What is the highest average sea level of freshwater?A common question is whether in the U.S., the United States of America will begin to experience higher sea levels. The U.S. average sea level of 2.0 feet per year will be set at 1.7 feet per year. The United States of America will be the only country to start to experience high sea levels"
RA-ALTA/fr-en-intermediate,French,intermediate,A2,mixed,hobbies,1.0,## ## ## ## ## ## ## ## ## ## ## ## ## ## ## ## ## ## ## ## ## ## ## ### ## ## ## ## ## ## ## ## ## ## ## ## ## ## ### ## ## ## ## ## ## ## ## ### ## ## ## ## ## ## ## ## ### ## ### ### ## ## ### ## ## ## ## ## ## ### ## ## ## ## ## ## ## ## ## ## ### ### ## ## ## ## ## ### ## ## ## ## ## ## ## ## ## ## ## ## ## ## ### ### ## ## ## ## ## ## ## ## ## ## ## ## ## ## ## ## ## ## ## ## ## ## ## ## ## ## ## ## ## ## ## ## ##-# ## ## ## ## ## #
RA-ALTA/fr-en-intermediate,French,intermediate,B2,mixed,holiday,1.0,"@univresse.tchat.fr.Mariage: comment trouver des réponses à vos questions sur ""MyMariage""?. Des infos détaillées sur la grossesse, l'accouchement, la grossesse, le blog, le blog, etc. Les réseaux sociaux. Les réseaux sociaux et la newsletter. Les réseaux sociaux. Les réseaux sociaux. Les réseaux sociaux. Les réseaux sociaux. Les réseaux sociaux. Les réseaux sociaux. Les réseaux sociaux. Les réseaux sociaux. Les réseaux sociaux. Les réseaux sociaux. Les réseaux sociaux. Les réseaux sociaux. Les réseaux sociaux. Les réseaux sociaux. Les réseaux sociaux. Les réseaux sociaux. Les réseaux sociaux. Les réseaux sociaux. Les réseaux sociaux. Les réseaux sociaux. Les réseaux sociaux. Les réseaux sociaux. Les réseaux sociaux. Les réseaux sociaux. Les réseaux sociaux. Les réseaux sociaux. Les réseaux sociaux. Les réseaux sociaux. Les réseaux sociaux. Les réseaux sociaux. Les réseaux sociaux. Les réseaux sociaux. Les réseaux sociaux. Les réseaux sociaux. Les réseaux sociaux. Les réseaux sociaux. Les réseaux sociaux. Les réseaux sociaux. Les réseaux sociaux. Les réseaux sociaux. Les réseaux sociaux. Les réseaux sociaux. Les réseaux sociaux. Les réseaux sociaux. Les réseaux sociaux. Les réseaux sociaux. Les réseaux sociaux. Les réseaux sociaux. Les réseaux sociaux. Les réseaux sociaux. Les réseaux sociaux. Les réseaux sociaux. Les réseaux sociaux. Les réseaux sociaux. Les réseaux sociaux. Les réseaux sociaux. Les réseaux sociaux. Les réseaux sociaux. Les réseaux sociaux. Les"
RA-ALTA/fr-en-intermediate,French,intermediate,C2,mixed,family,1.0,### ### 'Will you need to do anything in your family?'.### Response:quantum ### 'Will you have a big family or small family?'.### Response:quantum ### 'How do you do things to your family?'### Response:quantum ### 'Will you need to do something to your family?'### Response:quantum ### 'How do you do something to your family?'### Response:quantum ### 'Will you need to do something to your family?'### Response:quantum ### 'Will you need to do something to your family?'### Response:quantum ### 'How do you do something in your family?'### Response:quantum ### 'Will you need to do something to your family?'### Response:quantum ### 'Will you need to do something to your family?'### Response:quantum ### 'Will you need to do something to your family?'### Response:quantum ### 'How do you do something to your family?'### Response:quantum ### 'Will you need to do something to your family?'### Response:quantum ### 'Will you need to do something to your family?'### Response:quantum ### 'Will you need to do something to your family?'### Response:quantum ### 'W
RA-ALTA/fr-en-intermediate,French,intermediate,A3,l2t,hobbies,1.0,"@ #### The New York Times says that the New York Times was a week of protest and a week of protest. Read about how the New York Times came to the New York Times. If you are an American, you may recall the New York Times, in December. The New York Times, when they were, took part in the New York Times that began the New York Times. The New York Times, when they were, took part in the New York Times that started the New York Times. See also the New York Times. New York Times, when people took part in the New York Times a week, they took part in a New York Times. The New York Times, when they took part in the New York Times it began the New York Times. See also the New York Times if you are an American. New York Times, when they came, they took part in a New York Times. New York Times, when they took part in a New York Times they took part in a New York Times. Your city's New York Times, when they were, they took part in a New York Times. New York Times, where the New York Times were, took part in a New York Times.See also New York Times, when people taking part in other areas of New York. New York Times, when people took part in other areas of New York. New York Times, when you took part in other areas of New York. New York Times, when you took part"
RA-ALTA/fr-en-intermediate,French,intermediate,B3,l2t,holiday,1.0,=====================================================================================================================================================================================================================================================================================================================================================================================================================================================================================================================================================================================================================
RA-ALTA/fr-en-intermediate,French,intermediate,C3,l2t,family,1.0,"### The answer will be yes to the question's answer. Please explain your own observations.### Response:valid ### The answer will be yes to the question's answer. You should describe your own observations. Tell the author.### Response:valid ### The comment will also be yes to the question's answer.### Response:valid ### The comment will be yes to the question's answer.### Response:valid ### The comment will be yes to the question's answer.### Response:valid ### The comment will be yes to the question's answer.### Response:valid ### The comment will be yes to the question's answer.### Response:valid ### The comment will be yes to the question's answer.### Response:valid ### The comment will be yes to the question's answer.### Response:valid ### The comment will be yes to the question's answer.### Response:valid ### The comment will be that you would like to explain your own observations.### Response:valid ### The comment will be that you would like to explain your own observations, so you could like to discuss your own observations.### Response:valid ### The comment will be that you would like to discuss your own observations.### Response:valid ### The comment will be"
RA-ALTA/fr-en-intermediate,French,intermediate,A1,basic,hobbies,2.0,"for tweets. One of the best ways to help people with dementia is to make a donation. In a recent study by the National Institute of Mental Health, researchers examined the effects of their donation on people with dementia.In a recent study, the researchers compared the benefits of donation in people with dementia to those with dementia. The researchers found that people with dementia who received a donation had a higher risk of dementia than those who received a donation. However, the results from the study did not support the results. They did not support the findings of the study.A more complete and detailed understanding of the benefits of donation is needed.A new study by the National Institute of Mental Health, the National Institute of Mental Health, and the National Institute of Mental Health suggests that people with dementia who receive the donation would benefit from donation. The researchers said that it is important to include the people with dementia who donate their or a loved one to help their loved one. The study does not suggest that a person with dementia who receives it will benefit from the donation, so the results are inconclusive.The study does not show that someone who is unable or unable to donate a loved one should be a candidate for the donation. This is a very important piece of the puzzle of how to work with people with dementia. The study was found to be a good start, and the results are pretty impressive.The study is the first to examine the benefits of donation in the UK. The research was published in the Journal of Health"
RA-ALTA/fr-en-intermediate,French,intermediate,B1,basic,holiday,2.0,"### Attached:Todd, I had the very first post of my week in my class. My friends are coming to this post and are going to take a try. Thank you for your help!Monday, May 22, 2013Your friend, Sophia, has just finished the post! This is the first post you'll get into a letter with my friend. Your friend is going to take a try and I will help you with your advice.This is the first post you'll get into a letter with my friend. Your friend is going to take a try and I will help you, both of you as well.Monday, May 22, 2013Your friend, Sophia, has been teaching your friend about the holidays. You have been teaching your friend about the holiday. You have been teaching your friend about the holidays. You have been teaching your friend about the holidays. This is the second post you'll get into a letter with your friend.Monday, May 22, 2013Your friend, Sophia, has been teaching your friend about the holidays. Your friend is going to take a try and I will help you with your advice. You have been teaching your friend about the holidays. You have been teaching your friend about the holidays. This is the first post you'll get into a letter with your friend. You'll help me with your advice.Monday, May 22, 2013Your friend, Sophia, has been teaching your"
RA-ALTA/fr-en-intermediate,French,intermediate,C1,basic,family,2.0,": The best way to respond to a question is by asking a question that you need to answer. Try to get to that group of people. If you have a big family, you can try to find a place to go.### Response:Remember that you need to respond to a question that you need to answer. Ask an adult to help you answer the question.### Response:Choose a question or a conversation that you have with you. Ask a friend to help you answer the question.### Response:Choose a question or a conversation that you have with you. Tell your friend: 'What is your opinion?'.### Response:Choose a question or a conversation that you have with you. You will be invited to discuss with you.### Response:Choose a question or a conversation that you have with you. Ask your friend or family to help you answer the question.### Response:Choose a presentation that you have with your friend, such as a movie, the movie, or television. This will help you answer the question.### Response:Choose a question or a discussion that you have with you. Tell your friend: 'What is your opinion?' and give him or her a question.### Response:Choose a question or a conversation that you have with you. You will be asked to talk with your friend about the question.### Response:Choose another"
RA-ALTA/fr-en-intermediate,French,intermediate,A2,mixed,hobbies,2.0,"### A list of ideas using this article.You will find a list of ideas to help you select a city. This quiz will help you navigate the world of city.### Response:samplock ### Help:You will find a list of helpful ideas in a city that is specific to your town. This quiz will help you navigate the world of town.### Response:merian ### Discussion:Monday, 28 June 2010 at 13:31:30. Bonjour, Je suis un peu perdue dans l'idée de faire un tour sur le forum. Je vais faire partie du site de discussion. Je vais faire partie du site de discussion. Je vais faire partie du site de discussion. Je vais faire partie du site de discussion. Je vais faire partie du site de discussion. Je vais faire partie du site de conversation. Je vais faire partie du site de discussion. J'ai le plaisir de faire comme moi :) Je vais faire partie du site de discussion. Je vais faire partie du site de discussion. Je vais faire partie du site de discussion. J'ai le plaisir de faire comme moi ;) Je vais faire partie du site de discussion. Je vais faire partie du site de discussion. J'ai le plaisir de faire comme moi :) Je vais faire partie du site de discussion. Je vais faire partie du site de discussion. Je vais faire partie du site de discussion. Je vais faire partie du site de discussion.J'ai le plaisir de faire comme"
RA-ALTA/fr-en-intermediate,French,intermediate,B2,mixed,holiday,2.0,", ###. Your email address will be published on a regular basis. Si vous utilisez la messagerie instantanée, vous devez activer JavaScript. Il serait intéressant de savoir ce que vous souhaitez faire, qui est généralement donné au hasard. Je ne peux pas vous fournir de notifications, mais j'ai déjà un ordinateur portable, une tablette ou un appareil mobile, je ne peux pas vous assurer de vous assurer de recevoir des notifications. Si vous utilisez la messagerie instantanée, vous devez activer JavaScript. Voici un tutoriel sur l'utilisation de la messagerie instantanée: Les applications et les messages sont automatiquement enregistrés sur votre smartphone. Si vous utilisez la messagerie instantanée, vous devez activer JavaScript. Vous pouvez également utiliser le formulaire de contact directement sur votre mobile. Vous pouvez aussi configurer l'option d'abonnement à l'abonnement à l'abonnement à l'abonnement à l'abonnement à l'abonnement à l'abonnement à l'abonnement à l'abonnement à l'abonnement à l'abonnement à l'abonnement à l'abonnement à l'abonnement à l'abonnement à l'abonnement à l'abonnement à l'abonnement à l'abonnement à l'abonnement à l'abonnement à l'abonnement à l' abonnement à l'abonnement à l'abonnement à l'abonnement à l'abonnement à l'abonnement à l'abonnement à l'abonnement à l'abonnement à l'abonnement à l'abonnement à l'abonnement à l'abonnement à l'abonnement à l'abonnement à"
RA-ALTA/fr-en-intermediate,French,intermediate,C2,mixed,family,2.0,"### A person who has a big family or small family has not yet had a big family. Your magazine local is holding a competition for articles about the question 'Big family or small family'. Your magazine local is holding a competition for articles about the question 'Big family or small family'. Votre magazine local is holding a competition for articles about the question 'Big family or small family'. Your magazine local is holding a competition for articles about the question 'Big family or small family'. Your magazine local is holding a competition for articles about the question 'Big family or small family'. Your magazine local is holding a competition for articles about the question 'Big family or small family'. You should include whether you have a big family and your family. You should cite the title of the journal, which is usually the title of the journal.### Response:bilaterally ### The ### Questions about the Question ### Answers to the ### Questions about the Question ### Questions about the Question ### Questions about the Question ### Questions about the Question ### Questions about the Question ### Questions about the Question ### Questions about the Question ### Questions about the Question ### Questions about the Question ### Questions about the Question ### Questions about the Question ### Questions about the Question ### Questions about the Question ### Questions about the Question ### Questions about the Question ### Questions about the Question ### Questions about the Question ### Questions about the Question ### Questions about the Question"
RA-ALTA/fr-en-intermediate,French,intermediate,A3,l2t,hobbies,2.0,"#### Writing for tweets. The main difference between the two is that you have to make the right choice for the job. Your job is to write a list of assignments, to be sure that your job is not in a place where you are not.### # Question: ""Do your job look good?"" Ask for a week or two to write a post-it, but that doesn't mean that your job is not in the job.### Response:Reading for tweets. You can also post comments on Facebook, Twitter or other websites. Search the Forum for tweets for other sites. Tell us about the topics you might want to post, and what you do if you want to.### Response:Reading for tweets. Try to improve your writing techniques with the help of a writing counselor and help you find the answers. If you're writing for a blogger, you'll need to write a post on the topic of the blog.### Response:Reading for tweets. The most common form of writing is writing for a family. Tell us about the issues you have at your dinner. Tell us about your thoughts and feelings. Write about your thoughts and feelings. Tell us about your feelings and experiences. Tell us about your feelings and beliefs. Tell us about your feelings and beliefs. You know what you want to do, but you can't do it right away. If you don't want to do it right away, you can tell us about your feelings"
RA-ALTA/fr-en-intermediate,French,intermediate,B3,l2t,holiday,2.0,".com - a free, free, and free website.SOURCES:The National Center for Education Statistics, news release, August 2012, http://www.npsd.gov/abs/npsd/index.htmBBC News, July 20, 2012.Virginia Tech, April 29, 2012.Virginia Tech, April 29, 2012.Virginia Tech, April 29, 2012.Virginia Tech, April 29, 2012.Virginia Tech, April 29, 2012.Virginia Tech, April 29, 2012.Virginia Tech, April 29, 2012.Virginia Tech, April 29, 2012.Virginia Tech, April 29, 2012.Virginia Tech, April 29, 2012.Virginia Tech, April 29, 2012.Virginia Tech, April 29, 2012.Virginia Tech, April 29, 2012.Virginia Tech, April 29, 2012.Virginia Tech, April 29, 2012.Virginia Tech, April 29, 2012.Virginia Tech, April 29, 2012.Virginia Tech, April 29, 2012.Virginia Tech, April 29, 2012.Virginia Tech, April 29, 2012.Virginia Tech, April 29, 2012.Virginia Tech, April 29, 2012.V"
RA-ALTA/fr-en-intermediate,French,intermediate,C3,l2t,family,2.0,", #### Response:biography, #### Response:battery, #### Response:cognizant, #### Response:given, #### Response:battery, #### Response:battery, #### Response:cognizant, #### Response:focus, #### Response:focus, #### Response:focus, #### Response:focus, #### Response:focus, #### Response:focus, #### Response:focus, #### Response:focus, #### Response:focus, #### Response:focus, #### Response:focus, #### Response:focus, #### Response:focus, #### Response:focus, #### Response:focus, #### Response:focus, #### Response:focus, #### Response:focus, #### Response:focus, #### Response:focus, #### Response:focus, #### Response:focus, #### Response:focus, #### Response:focus, #### Response:focus, #### Response:focus, #### Response:focus, #### Response:focus, #### Response:focus, #### Response"
RA-ALTA/fr-en-advanced,French,advanced,A1,basic,hobbies,1.0,".fr ------^2-1/x ------ ^1 xi ---------^2 +-----^3 ----------- ^2 ------ ------ *x----------~- ^3 xi -------------- ^4 xi ---------------------- ^5 xi - -----------------------The following is a list of helpful resources that may be useful for any topic on this site:<< ""The Story"" >>This page has been accessed 4,014 times.New to the Research Wiki?In the FamilySearch Research Wiki, we are provided a link to the original article by David P. Schroeder, M.D., Ph.D. and James A. Liesner, M.S.A.S., as well as the editorials and related materials. The information contained herein is strictly prohibited. New York City Public Schools and Urban Planning ServicesThe United States Public School District's public school district (U.S.) provides public education services through its Central Regional Educational Development (CSP) program. Through a new statewide program called Children's School Improvement Programs (WES), teachers will teach children about the importance of early childhood development and what parents should know when planning a child's school. This program focuses on improving children's health and teaching skills in elementary schools. Teachers will receive their own help from teachers who have completed training or are eligible to enroll in the program. The Program's"
RA-ALTA/fr-en-advanced,French,advanced,B1,basic,holiday,1.0,"# The first two of the three items that you've chosen are a special Christmas tree, and the third item that you want to share with others is a piece of fruit. When it's time for us to visit our guest at our local library, we can't help but appreciate how much they were eating. We're also very excited to see some amazing information from visitors visiting our new home in San Francisco, California.- How many people would you like to find out? How many people might be there to meet someone who's not yet married or who has died in this country?- Who was most likely responsible for celebrating the holidays? What do you think? Where did they come from?- Why do you think they were important, especially when they started their own children's meals?- How did the kids get along with them when they were young and they got into trouble when the weather came down, and they didn't know where to go if they wanted to come back?- What happened next? The kids were busy learning things from their parents before they arrived. They were looking forward to seeing something different than their friends' favorite candy rings. This story is part of the series ""How Many Friends Have Me,"" which includes tips on making friends around the house, keeping a close eye on what's going on in the family life and watching television. There is also a short video clip entitled ""The Most Famous People"" by David M. Johnson. In addition to the photo, the pictures"
RA-ALTA/fr-en-advanced,French,advanced,C1,basic,family,1.0,"### Section of this article can be found at http://www.tamu.org/cgi-bin/pubs/mysql.html.Thisarticle will discuss how to respond to comments in class and other sections on the topic, including more information here.The following are examples of how to respond if you feel comfortable with your system.For those who may not know enough about the problem please email email@example.com. If you experience difficulties accessing a file containing a URL (i.e., password) then check back before posting it! This section contains some helpful tips that will help you locate resources in your community. Please take note of what happens when your system fails due to a malfunction in your system.1. The following are suggestions from the book 'A Guide to Linux' by Rolf Bland, author of A Guide to Linux Systems.2. The following would also help users to quickly find their own directory within your home directory.3. When using a directory, make sure all directories are readable so that they don't fall into one area, such as the first part of the directory where the directory was located.4. When installing a directory, use the ""Find"" link between directory entries:|Main||Open Directory||Connects directory entry | | ||Boot||Possibly||Add | | | |© Copyright 2007 Kaspersky Publishing Ltd All Rights Reserved. In the new study, the researchers"
RA-ALTA/fr-en-advanced,French,advanced,A2,mixed,hobbies,1.0,"### Nostalgie ### In this section, you'll find a number of references for each entry and that is where they came from. You may also want to read more about this topic by reading it here.This page last updated 4 August 2011 The world's most recent global warming crisis has been the worst since the Second World War. More than 300 million people are living on Earth each year; many others have died or suffered from human activity. But climate change threatens millions of lives every year. It kills nearly 1 billion people worldwide.Climate change threatens everyone, including children and youth. But it impacts health, education and income levels and creates economic hardship. Over time, climate change will become an increasingly important cause for food security.The United Nations Framework Convention on Climate Change (UNFCCC), signed on December 2nd 2009 under the UN General Assembly resolution (COP21). The COP20 targets include the following:• To encourage developing countries to reduce their carbon dioxide emissions at least 50% below 1990 levels• To reduce greenhouse gas emissions substantially at levels currently exceeding the Kyoto Protocol–and reduce the amount of greenhouse gases released annually from burning fossil fuels by 2050• To prevent flooding and floodwaters caused by deforestation or forest fires• To make sure that biodiversity and ecosystems are protected and protected, particularly those that support water and food production.• To ensure that all members of the planet are supported and responsible by nature through the right tools and information such as the IUCN Red Listing"
RA-ALTA/fr-en-advanced,French,advanced,B2,mixed,holiday,1.0,"-Sophie.com.Mélanie, je suis la première à passer mon permis de conduire en ville! Je n'ai jamais été au courant du problème! L'année dernière, j'étais avec moi le 7 juillet, mais j'ai passé un super séjour!J'avais fait les courses sur la plage depuis plusieurs mois, j'y ai même eu des journées entières pendant lesquelles on a pu faire une petite promenade dans l'autre moitié d'un parc privé. J'en profite pour me rendre compte que mon fils était très sympathique, il nous a montré nos premiers efforts dans notre préparation, je m'engageant toujours avec mes enfants, je ne regrette pas ma réaction! J'essaie de prendre soin de tout ce qui est matériel!Je voulais vraiment que tu puisses bien profiter de cette journée sans te soucier de tes parents!!Tu as envie de t'impliquer et de participer aux projets? Tu dois absolument aller vers toi pour organiser ton voyage! Tu pourras me donner tes conseils! Nous sommes heureux de voir que tu es motivée! C'est comme ça! Nous allons aussi pouvoir continuer avec ta famille et tous ses proches! Tu vas sûrement trouver tes amis au plus vite! N'hésite surtout pas!!!Je vous invite à venir découvrir votre site et toutes les informations pratiques pour réussir ce voyage! Je sais que je ne peux rien y mettre, mais je pense que c'est juste l'occasion de partager ce beau projet!C"
RA-ALTA/fr-en-advanced,French,advanced,C2,mixed,family,1.0,"_mascade ### Re-introduction ### Les enfants aiment lire. Vous pouvez utiliser les filtres pour ajouter des commentaires ou des photos sur ce site Web. Si quelqu'un ne l'a pas fait, il pourrait sagir de lui demander la permission d'utiliser le site Web. Nous n'avons aucun contrôle sur l'utilisation du site Web et nous n'en sommes qu'au début de l'installation. Pour en savoir plus sur comment se passe une utilisation du site Web ou si vous voulez faire passer un message privé, cliquez ici.Sélectionnez votre nom et votre adresse e-mail dans la barre de recherche. Veuillez trouver ci dessous les informations que nous avons fournies ci-dessous. Cliquez sur « Afficher la liste de souhaits ». Il peut y avoir plusieurs façons de créer un nouveau mot de passe. Nous pouvons également mettre à jour le mot de passe par défaut afin que nous puissions continuer à améliorer notre service.Il existe différentes versions de cette page Web de l'application. Cliquez sur le bouton « Modifier » pour modifier vos paramètres de confidentialité. S'il y a quelque chose qui tombe dessus, vous devez cliquer sur « Ajouter des amis » et cliquer sur « Supprimer », puis « Créer un nouvel utilisateur » ou « Mettre à jour mon compte». Veuillez noter que certains utilisateurs peuvent supprimer votre compte Facebook ou Google+ et vous signaler des problèmes lors de la création de nouveaux profils. Par exemple, si vous êtes administrateur ou membre de l'équipe facebook de Twitter"
RA-ALTA/fr-en-advanced,French,advanced,A3,l2t,hobbies,1.0,"_mwt - I have been going into a conversation with a friend about this idea. If you want to talk about it, please share it here. The same thing happens when someone speaks of someone's own interest or interests. In other words, if you are talking about something that is important to them, ask yourself!# Tell me what you think...This section contains 1,256 entries. Please be sure to check out the entire article for more information on this topic.Take a look at some of our previous articles.# Have you ever heard of a ""Pat"" from the guy? You've read about it by accident? This question was really hard and often overlooked because most people don't know why he wanted to leave his job. A few of us would like to learn how to help people who might not be able to use him in these new ways.# Give my friend a quick recap, so I'll tell you one way to make it happen again. I will try to keep it all the time!The next step in explaining why we're trying to get people interested in the subject of adventure is to discuss where our students come from and their experiences. We'll talk about where they live and how they interacted with each other and how they helped build relationships between themselves. For example, if we were traveling to New York City before entering college, we'd find many interesting places to see. It's also possible to go back and enjoy our journey as"
RA-ALTA/fr-en-advanced,French,advanced,B3,l2t,holiday,1.0,"@nathalie.netThe best way to understand the difference between a ""cold"" and a ""fairy"". When we think of a cow as being meaty with a very good meal, it is often enough to get started. If one was really hungry then we would start by thinking that he will be going to eat his food. It's like eating a few pieces of milk, but this means that if someone has eaten more than 21⁄2 ounces of dairy for 1 day or so, they could just take off their plate. We also can learn from other cow facts about cow recipes.If you're unsure how many calories are consumed per person, check out my list of foods that I recommend. The biggest thing about butter is to avoid having more than two servings of butter daily. That said, when you need a little fat, don't let them run out. And remember, butter isn't always bad. But sometimes a lot of these foods won't work as well, so keep getting them all at once. You may want to consider making sure you know what you've learned about butter before beginning cooking.What to Do?- Cook foods (and people) where there aren't too much fat; try to make sure that it doesn't melt down quickly.- Buy some fresh produce such as fruits, vegetables, nuts, and whole grains; cook meats without adding added salt or sugar or sugar.- Have someone else cut away any cheese or baked goods.- Make sure"
RA-ALTA/fr-en-advanced,French,advanced,C3,l2t,family,1.0,"------------------# Response:%||~/^/ <<=>------||--*/>>=>|2/5/2010 7:45 PM||+1 (help) + 1 (help)A new version of this page was posted by Anonymous on November 14th, 2010 at 05:11 AM. I'm Larissa Branin. Thanks!(SOUNDBITE OF MUSIC)||JACKNOW RIGHTS FOR THE HUGHTERIUS IN TUNDRECTED ON YEARS. Please help me with any corrections if you are interested in participating.|THE POUVOIR DEVICES STRUCTURES OF OUR LINE.The story of the village of Bally'noy has been explored in detail and discussed as part of a special initiative to educate people through education for young children and youth.This project aims to increase awareness among the public so that they can better understand how different groups can contribute to the problem. It will be used to promote skills development and social justice amongst young children and adults around the villages and across the region. The idea behind this activity is to create a dialogue between community members regarding the needs of each group. In order to improve the quality of life for these girls and boys there is a need for greater participation from all levels including in schools and rural areas. These activities would also encourage them to seek professional assistance from families whose primary purpose is to foster their"
RA-ALTA/fr-en-advanced,French,advanced,A1,basic,hobbies,2.0,"# The following is a list of all my favorite sites, but I will be taking part again later this year. You may have noticed that there are many more places where people come to visit each other than we are today. We have just finished our first trip back from home when I was younger than I am now. We did it with a few things like a nice family party outside, and everyone has their own special needs.I hope this site helps keep these sites alive! Please check out the ""Happy Birthday"" site for some fun ideas! It's important to remember that we haven't been able to find anyone else who can get them on top of the city. If you need help please contact us to arrange a visit here.The site provides information about the city of New York City. Located at 338 West Broadway (1-800-353-4100), this site offers tours of New York State Capitol Hill, Washington Square, Brooklyn Hall, Staten Island Avenue and the Bronx Park. The site also includes exhibits and educational resources. There is a free Web portal which allows visitors to browse through the site. A searchable database of American history books, including biographies, political cartoons, articles, and photos is available online.Santa Barbara Museum of History, located at 920 East Boulevard in downtown San Francisco, features exhibits as well as the collections of the museum's collection. Visitors should read the book ""Oldest Cities of the World,"" ""New Yorkers"
RA-ALTA/fr-en-advanced,French,advanced,B1,basic,holiday,2.0,"the word ""teacher"" comes from a very old French word meaning 'to serve'. It is actually used as an adjective in the Italian language for a child who is not a member of the family.### Revision:Timeline/Agent/Choice/Number of days/Series ### Testimony and the number of weeks (from one to five) ---------------------------This item is based on an original posting by a colleague in the blogosphere. You can also check out this entry for other related articles. The U.S. Department of Energy's Office of Management and Budget (OER) estimates that $17 billion will be spent every year on energy production at our nation's largest power plants. This includes fuel prices, water consumption, electricity generation, transportation costs, oil, and natural gas and electric utilities.The United States has invested heavily in renewable energy sources such as wind, solar, hydropower, biomass, hydroelectricity, geothermal, and wind. With more than 5 million acres of land within its borders, we are expected to double the amount of federal money available for clean energy development, reduce greenhouse gas emissions, and provide jobs in nearly 30 states across the country.Our state is currently implementing its Renewable Energy Strategy. It is intended to help create jobs that dovetail with economic growth and security benefits. We are looking forward to reaching this goal through our programmatic action plan, which focuses on"
RA-ALTA/fr-en-advanced,French,advanced,C1,basic,family,2.0,"@ccitizen_tales:The website of the U.S. Census Bureau has been created by the United States Department of Agriculture (USDA). The web site contains information on more than 1,400 families in the US. This site provides information about the census, including details of the census, census history, statistics, registration schedules and much more. It also includes links to related websites like the American FamilySearch Research Wiki, which help search the internet for information about specific surnames. The web site also contains many other resources that can be found online.# response:false:This page lists all of the major U.S.'s population's historical records. For example, some of the records listed below are available from the National Archives as well as state-owned sites, such as Ancestry.com.# response :false:A reference point is provided to indicate where the person was born. Some indexes do not provide any biographical data. A citation points to places that may be relevant to people who lived within their own country. Many other references are available on this website.# response/false:These pages contain original material relating to the birth of George Washington. One copy of this page is here: http://www.doe.gov/history/wetlands/wetland.html# response:true_text =trueThis page is part of our Family History Library. Click on ""Other"" button at the bottom of the page to"
RA-ALTA/fr-en-advanced,French,advanced,A2,mixed,hobbies,2.0,".com/taboo/team/index.html# Ask a friend about this activity and what he or she has done to help him get started! You may want to check out some of these resources, including a guide for visiting my site. For more information on how to help make it easy for them, see the links below. The following HTML text is provided to enhance onlinereadability. Many aspects of typography translate only awkwardly to HTML.Please use the page imageas the authoritative form to ensure accuracy.Each paragraph contains sections that are associated with specific sites. These sections will be followed by new pages which have been changed or updated as needed.Names and logos are not allowed. The first section, along with the other sections, will contain additional references. An example of the ""Timeline"" section is included.A few examples of tags (see Section 5.) are listed below.The tag title page indicates the word ""tap"".|Wikimedia Commons | Site Map||© Copyright 2009 by Wikia| All rights reserved.| In the middle of our school year, we teach kids how to read and write, and they also learn how to spell words, sentences, and phrases. This means that parents don't have time to spend their children learning math skills. Instead, teachers give students opportunities to learn writing. As long as they know the basics, I am sure they're right!As parents, we encourage everyone to prepare themselves and"
RA-ALTA/fr-en-advanced,French,advanced,B2,mixed,holiday,2.0,"_test_message_challenge/Give me a message.Mettez-moi une photo de moi sur ma page facebook et je la posterai ici!Je vous ai demandé si c'est possible? Je l'avais fait et j'aime bien les gens que nous sommes aujourd'hui. Je ne peux pas m'empêcher d'y aller. J'aurais aimé qu'on se mette à regarder les vidéos du blog mais bon j'aimerais savoir comment il est possible de s'inscrire pour commenter un commentaire?J'espère avoir répondu à tous mes questions. Et merci beaucoup!Sujet: Re: Un Noël sans fin (Lu 747 fois) Mer 14 Sep - 10:39Tu vas voir en vidéo le même jour...Et ce soir avec ta copine tu as vu tes photos...Dernière édition par jazzejob le Dim 12 Sep - 15:34, édité 1 foisRe: Un Noel sans fin ( Lu 746 fois) Jeu 23 Sep - 9:05Merci pour ces belles photos, elles ont été très jolies et ton article était vraiment magnifique!Sujet : Re: Un Noel Sans Fin (Lu 746 fois): Merci pour ces magnifiques photos et la recette de ta petite chanson.Sujet : Soupir de folie (Lu 748 fois): Merci!Sujet : Une journée sans fin (VOYAGE DE CETTE ANNÉE): Tu es à bout de souffle?Sujet : Pomme à"
RA-ALTA/fr-en-advanced,French,advanced,C2,mixed,family,2.0,"# The Big Family Tree is an online resource that provides helpful information and resources to help students understand the importance of growing up with their families. It helps children learn by doing what they need to know about the world around them, and how it can be done more effectively.### Invite all parents in your classroom to participate in discussions on this issue.>>> A list of resources for teachers- One good resource for parents - http://www.challenge.org/programs/papers/home_families.html?id=707- Teaching parents to use books, books and websites as resources for teaching families about the importance of the library. Includes suggestions on how to use books and videos for kids using books and other materials.- Resources for parents & grandparents in schools, colleges, universities and community centers (for example, school libraries). Includes suggestions on helping families get started with book, books and sites about home life.Tips for Parents' ConnectionsIncludes a free lesson plan with instructions on connecting to your child's library, including activities for sharing new materials, such as reading lists and books for young readers, asking questions and asking special questions, and planning for events at school.- Parenting Strategies:This activity for parents will teach parents to recognize ""parents,"" ""parents,"" and ""parents"" in order to create connections between parents, parents, and communities.- A forum of ideas, tips, and tips on linking to these groups, which"
RA-ALTA/fr-en-advanced,French,advanced,A3,l2t,hobbies,2.0,"@michel-et-cg1.com/Make sure that there is a link to this page on Google+ -- it will help us locate more resources!The following HTML text is provided to enhance onlinereadability. Many aspects of typography translate only awkwardly to HTML.Please use the page imageas the authoritative form to ensure accuracy.A service of AAAS, supported by the National Science Foundation (NSF) has developed the first ever method to measure how carbon dioxide and methane are generated from fossil fuels. The method involves measuring methane emissions at altitudes above 50 miles (40 kilometers). This data is used to determine if methane concentrations have been increased or decreased over time due to climate change impacts.The system has been designed so that it could be used to quantify greenhouse gas emission trends in order to obtain new information about climate change. The process is similar to using carbon dioxide measurements as well as analysis methods such as temperature, ocean surface temperatures, atmospheric oxygen levels, sea level rise, ozone layer changes, and nitrogen oxides.The method also uses an electronic equipment called GPS to map the atmosphere and climate patterns. In addition, the receiver must send signals to Earth to monitor climate conditions. It then measures greenhouse gases and records global weather events. For example, scientists can calculate the amount of precipitation being taken up by mountain glaciers, which can also be measured.Testing this data is done through a series of tests. Tests can be completed before the instrument is ready to respond to"
RA-ALTA/fr-en-advanced,French,advanced,B3,l2t,holiday,2.0,"-reponse ### When a person is told she would be safe and clean, he or she will never leave the room. The answer is no. This question asks you if you are not sure what's going on at that time.You're probably thinking of getting back into my life and knowing more about why we've used it now? If I want to talk about how I'm talking about this topic please contact me via e-mail. You can also check out ""How do I know?"" below. I'll just read the following for yourself.What is it like every day? What do they mean when we make our home? They don't say they all belong to us, but they come from a different culture, so that we can get along with them! We have seen people who are doing things that are beautiful and good. Here is some common misconceptions about home security:1. Does the Internet access information such as passwords or photos?2. Is there any connection between computers, phones, or other devices connected to computers?3. How much money does that cost?4. Can you count your number?5. Do you need to know if you need to pay for a certain number?6. Where does the internet go?7. Find out where you live and find out which way you can connect with friends.8. Are there websites you can log on (not necessarily on account) to visit?9. Which sites might you like?10. If you"
RA-ALTA/fr-en-advanced,French,advanced,C3,l2t,family,2.0,"a good day and thank you for sharing this photo!# Tell me why I want to celebrate the Christmas tree!|This article is part of our series ""Choose Your Friends"" that features photos, videos, and other multimedia resources we use in order to share our favorite holidays. The following HTML text may be provided to enhance onlinereadability. Many aspects of typography translate only awkwardly to HTML.Please use the page imageas the authoritative form to ensure accuracy.Determining the size of the Earth's surface during an asteroid impactThe asteroid impacts are most likely due to asteroid-related changes occurring during a small asteroid strike (see figure). A number of asteroids will also occur with the asteroid belt near the ground during an asteroid strike. These impacts can include volcanic eruptions or fires. Some asteroids may contain asteroids as large as 20 feet (about 1 meter) tall. In addition to these impacts, the asteroid belt is usually less than 30 feet (10 meters), although some asteroids such as this range from 0 to 100 feet (25 meters). However, it is estimated that there could be more than one asteroid per year with the asteroid impact expected by both parties at least once every four years.In the United States, the asteroid collision occurs when two pieces of rock collide on the asteroid belt. This is called an asteroid belt. In 2011, the U.S. Geological Survey released a new survey showing that there was no significant difference between the asteroid belt and the asteroid belt"
RA-ALTA/de-en-beginner,German,beginner,A1,basic,hobbies,1.0,", self-abuse, self-abuse, self-abuse, self-abuse, self-abuse, self-abuse, self-abuse, self-abuse, self-abuse, self-abuse, self-abuse, self-abuse, self-abuse, self-abuse, self-abuse, self-abuse, self-abuse, self-abuse, self-abuse, self-abuse, self-abuse, self-abuse, self-abuse, self-abuse, self-abuse, self-abuse, self-abuse. You can help your town deal with these experiences.### Plan your town to be an independent and independent city. The capital city of your town is New York City. You can help your town stay in the city with your help.### Plan your town to be a community. There are many different ways to do this, and there are lots of other ways to do it. You can help your town stay in the city with your help.### Plan your town to be an independent city. It is a free, free, free, free community site. You can help your town stay along with your help.### Plan your city to be independent and independent. It is also a free community site. You can help your town stay within it.### Plan your town to be independent. You can"
RA-ALTA/de-en-beginner,German,beginner,B1,basic,holiday,1.0,". I'm not the same as I was. What is this?### If you are not sure about any of the above, please send me an email about her.### The only thing you need to know about this is how you live.### It's a great idea to remember that I know that she is going to join a community, and she is going to participate.### A person who's at that level, will be able to participate in an event that makes you think about something else.### She'll be able to participate in an event that is meaningful.### You'll start with a simple simple idea and be able to answer questions.### It's a wonderful idea to share and share, and we've got to write this for you.### You've got to be able to share and share a simple idea.### There's an amazing little idea that you can do to get involved.### It's a great idea to share and share.### I'm not an independent person, but I think I can't be able to say anything about it.### You're right about it.### We are not so sure about it, but I'm not sure what you can do to help me.### You can't play it too much, you can't play it too much, you can't play it too much.### That's why I'm not sure what I'll do.### You"
RA-ALTA/de-en-beginner,German,beginner,C1,basic,family,1.0,"### The media is also a great way to see and see the media. Your family might be learning the media.### There's no room for a piece. This is what you want to do. You can easily read the article here.### You can easily read the article here.Your local magazine may also be reading the article here. If you are not sure, the media may be reading the article here.### You can use a photo or a photograph to tell you that you are a small family. This may be a good choice for your family. You can also make a photo or picture by looking at the picture.### You can also share the stories from your local newspaper and then make a photo. If you are not sure, this may be a good choice for your family.### In the meantime, you can also share this information.### You can also share this information with other newspapers.### You can also share your photos and photos.### You can also share photos and pictures. If you are a small family, you can share this information with other newspapers.### You can also share your photos and pictures.### You can also share photos and pictures of your local newspaper.### You can also share this information with other newspapers.### You can also share photos and pictures.### You can also share photos and pictures.### You can also share photos and pictures of your local newspaper.###"
RA-ALTA/de-en-beginner,German,beginner,A2,mixed,hobbies,1.0,"### Student:Each of the students will participate in the event. For example, the town will be covered by the name of a student who is ""Constant"" and the name of the student who will be ""Constant"" and the date of the event. The city will have a location of approximately 100,000 residents, so that the district will be covered by the name of the student who will be ""Constant"" and the date of the event. This event will involve the students, who will be ""Constant"" and the place of the event.### Community:Each of the students will be divided into a neighborhood. Please be aware that the community will be covered by the name of the student who is ""Constant,"" and so on. Please be aware that the community will be covered by the name of the student who will be ""Constant"" and the date of the event.### Work:Session:To stay healthy! The local school district will be covered by the name of the student who will be ""Constant"" and the date of the event. Please be aware that the neighborhood will be covered by the name of the student who will be ""Constant"" and the date of the event.### A Family:Each of the students will be covered by the name of the student who will be ""Constant"" and the date of the event. Please be aware that the"
RA-ALTA/de-en-beginner,German,beginner,B2,mixed,holiday,1.0,. This is what it was like to be. Please note that there is a lot of information about her. The following is a brief reminder of how she likes to get her to work.Larry Christmas Eve is a good Christmas Eve. She loves to be happy and she loves to be happy. She loves to be happy and she loves to be happy. She loves to be happy. There is a lot of information about her. She loves to be happy and she loves to be happy. She loves to be happy. She loves to be happy and she loves to be happy. She loves to be happy. She loves to be happy. She loves to be happy. She loves to be happy. She loves to be happy and she loves to be happy. She loves to be happy. She loves to be happy. She loves to be happy. She loves to be happy. She loves to be happy. She loves to be happy. She loves to be happy. She loves to be happy. She loves to be happy.She loves to be happy. She loves to be happy. She loves to be happy. She loves to be happy. She loves to be happy. She loves to be happy. She loves to be happy. She loves to be happy. She loves to be happy. She loves to be happy. She loves to be happy. She loves to be happy. She loves to be happy and she loves to be happy. She loves to be happy. She loves
RA-ALTA/de-en-beginner,German,beginner,C2,mixed,family,1.0,"_1.### Abbrechen: {%3A%3A%3A%3A%3A%3A%3A%3A%3A%3A%3A%3A%3A%3A%3A%3A%3A%3A%3A%3A%3A%3A%3A%3A%3A%3A%3A%3A%3A%3A%3A%3A%3A%3A%3A%3A%3A%3A%3A%3A%3A%3A%3A%3A%3A%3A%3A%3A%3A%3Categories: ""Big family"" (PDF) (8.1 MB)Drawl the numbers:- Big family- Big family- Big family- Big family- Big house- Big house- Big house- Big house- Big house- Big house- Big house- Big house- Big house- Big house- Big house- Big house- Big house- Big house- Big house- Big house- Big house- Big house- Big house- Big house- Big house- Big house- Big house- Big house- Big house- Big house- Big house- Big house- Big house- Big house- Big house- Big house- Big house- Big house- Big house- Big"
RA-ALTA/de-en-beginner,German,beginner,A3,l2t,hobbies,1.0,"### The town will make its way out of a city. It will be home to you. Our town is home to you. The town is home to you. It will be home to you. Let us know of the town and how you can help.### The town is home to you. It will be home to you. It will be home to you. It will be home to you. Each city will contain its own, one-half percent of the people who live in the community. It will be home to you. If you wish to read about it, be sure to talk to you.### There are many different reasons to think of the town and how you can help. To know that. To learn more about the town and what you can do to help. To listen to the town and tell it to you.### The town is home to you. It will be home to you. You can help with your community. If you want to learn more about it, you can help you.### You can help other people. It will be home to you. You can help others. You can help others. It will help others. It will be home to you. This will be home to you.### Every city has its own name. This is a city. You can help you. We will help you.WHAT ARE the town is? This is the town. It will be home to you. It will be home"
RA-ALTA/de-en-beginner,German,beginner,B3,l2t,holiday,1.0,"### In the meantime, there are many things we have to do with our families and friends. We have to come together for our love of the world and for our love of our love of the world. We have to come together for our love of the worlds. We have to come together for our love of the world and for our love of the world. We have to come together for our love of the world and for our love of the world. We have to come together for our love of the world and for our love of the world. We have to come together for our love of the world.We have to come together for our love of the world and for our love of the world. We have to come together for our love of the world and for our love of the world. We have to come together for our love of the world. We have to come together for our love of the world and for our love of the world. We have to come together for our love of the world.We have to come together for our love of the world and for our love of the world. We have to come together for our love of the world and for our love of the world. We have to come together for our love of the world and for our love of the world. We have to come together for our love of the world and for our love of the world.We have to come together for our love of the world and for our love of the world. We"
RA-ALTA/de-en-beginner,German,beginner,C3,l2t,family,1.0,"+ ### In a sense, if you have an awful lot of your time, you have to be a bit a bit angry. To get rid of your own story, try to get rid of the entire story. You'll get rid of the very young person. You'll be a bit angry. If you have a little bit of your time, you'll be a bit angry. If you have a little bit of your time, you'll be a bit angry. You'll be a bit angry. You'll be a bit sad and be a bit sad. You'll be a bit sad and be a bit sad. You'll be a bit sad. You'll be a bit sad. You'll be a bit sad. You'll be a bit sad. You'll be a bit sad. You'll be a bit sad. You'll be a bit sad. You'll be a bit sad. This is not a bit sad. For it is a bit sad. You'll be a bit sad. You'll be a bit sad. You'll be a bit sad. You'll be a bit sad. You'll be a bit sad.You'll be a bit sad. The other person who you are is a bit sad. You'll be a bit sad. You'll be a bit sad. You'll be a bit sad. You'll be a bit"
RA-ALTA/de-en-beginner,German,beginner,A1,basic,hobbies,2.0,#### ### ### ### ### ### ### ### ### ### ### ### ###### ### ### ### ### ### ### ### ### ### ### ### ### ### ### ### ### ### ### ### ### ### ### ### ### ### ### ### ### ### ### ### ### ### ### ### ### ### ### ### ### ### ### ### ### ### ### ### ### ##### ### ### ### ### ### ##### ### ### ### ### ### ### ### ### ### ### ### ### ### ### ### ### ### ### ##### ### ### ### ### ### ### ### ### ### ###### ### ### ### ### ### ### ### ### ### ### ### ### ### ### ### ### ### ### ### ### ### ### ### ### ### ### ### ### ### ### ### ### ### ### ### ### ### ### ### ### ### ### ### ### ### ### ### ### ###
RA-ALTA/de-en-beginner,German,beginner,B1,basic,holiday,2.0,", I am sure that this is a good idea. I can no longer find this post at the moment. We are the most successful, even the most successful. It's a great story. We're very happy with her and she's a good friend. I've been a lot of them. It's a very good story. I've had a lot of fun stories. My friends have had a lot of fun stories. We can be an invaluable resource. It's fun. I've also had a lot of fun stories. The best stories about her is her own story. It's a great story. It's a great story. She's a good friend and we know how to use it. She's a great friend. The best stories about her family are her own story. She's a great friend. She's a great friend. She's a good friend. She's a great friend. She's a great friend. She's a great friend. She's a great friend. She's a good friend. She's a good friend. She's a good friend. She's a good friend. She's a good friend. She's a good friend. She's a love friend. She's a good friend. She's a great friend. She's a good friend. She's a good friend. She's"
RA-ALTA/de-en-beginner,German,beginner,C1,basic,family,2.0,"### To the question of your family or family, go to the nearest website. There are many ways you can identify the problem. You can also find the answers to the questions at the site. If you've been reading the article for your own choice, you can send it to the nearest website. The site will be the site you are looking for.### Information:You can find what you're looking for. It might be helpful to choose the answer. In this way, you can use the site's resources to help you make a successful decision.### Support:You can find a list of the most interesting facts about your family or family. You can find the most useful information from the site and from the site. You can also find the most interesting facts from the site.### Support:Your local newspaper is your friend who will be interested in creating some real estate. You can also find the most beautiful things that you can get to. You can also find that information from the site. You can also find that information from the site. You can also find the most beautiful things that you can get to.### Support:You can also find the most important facts about your family or family. You can also find the most interesting facts about your family or family. You can also find the most interesting facts about your family or family. You can also find the most amazing facts about your family or family. You can also find that information from the site. You can"
RA-ALTA/de-en-beginner,German,beginner,A2,mixed,hobbies,2.0,", uncontrollable, unintentional, unintentional, unintentional, unintentional, unintentional, unintentional, unintentional, unintentional, unintentional, unintentional, unintentional, unintentional, unintentional, unintentional, unintentional, unintentional, unintentional, unintentional, unintentional, unintentsprechend, unintentsprechend, unintentsprechend, unintentsprechend, unintentsprechend, unintentsprechend, unintentsprechend, unintentsprechend, unintentsprechend, unintentsprechend, unintentsprechend, unintentsprechend, unintentsprechend, unintentsprechend, unintentsprechend, unintentsprechend, unintentsprechend, unintentsprechend, unintentsprechend, unintentsprechend, unintentsprechend, unintentsprechend, unintentsprechend, unintentsprechend, unintentsprechend, unintentsprechend, unintentsprechend, unintentsprechend, unintentsprechend, unintentsprechend, unintentsprechend, unintentsprechend, unintentsprechend, unintentsprechend, unintentsprechend, unintentsprechend, unintentsprechend, unintentsprechend, unintentsprechend, unintentsprechend,"
RA-ALTA/de-en-beginner,German,beginner,B2,mixed,holiday,2.0,". In this post, I will discuss a wide range of topics including:- How is it not?- Why are you doing to do something?- What is the subject of a story?- What is the subject of a story?- How does the story matter?- What is the author of the story?- How does the story tell the story?- What is the story?- What is the story?- How does it matter?- How does it matter?- How does this story tell the story?- How does it matter?In this post, I will examine a number of topics and discuss some of them. Each of these topics will be discussed in some detail. Please comment below on how I can help.- How does it matter?- How does it matter?- How does it matter?- What is the story?- What is the story?- How does it matter?- What is the story?- How does it matter?- How does it matter?- How does it matter?- How does it matter?- How does it matter?- How does it matter?- What is the story?- How does it matter?- How does it matter?- What is the story?- What are the story?- How does it matter?- Why does it matter?- What is the story?- How does it matter?- How does it matter?- How does it matter?- What is the story?-"
RA-ALTA/de-en-beginner,German,beginner,C2,mixed,family,2.0,### The media is not very good about you. What is the media? The media are you. You are you. We are you. We are you. This is a big family. They are the media. You do not have to be people. It is really important. But you can take your story and it can be very bad. You can also be a big family.### The editor of this article is a journalist. It is important. Your name is a title. The editor of this article is your name. You can also take your name and your name.### The editor of this article is your name. You can also take your name and your name. You can also take your name and your name. You can also take your name and your name.### The editor of this article is your name. You can also take your name and your name. You can also take your name and your name.### The editor of this article is your name. You can also take your name and your name. You can also take your name and your name. You can also take your name and your name. You can also take your name and your name. You can also take your name and your name. You can also take your name and your name.### The editor of this article is your name. You can also take your name and your name. You can also take the name and your name.### The editor of this article is
RA-ALTA/de-en-beginner,German,beginner,A3,l2t,hobbies,2.0,", I mean you have to be silent. Your language is different than you wish to be silent. I mean you're not going to be silent. You can, therefore, be violent.### Action:It's interesting to see that you live in a neighborhood where everyone has to be, and that you have to be silent. The following is an excerpt from a post by the German language historian. She is not just a story, but a story. The book is like an essay. It's a story that is like an essay. I think that's not too much to be, and it's a story that is like a story. It's a story that is like an essay. I think that's a story that is like a story. You can say that. The book is like a story.### Action:It's a story that is like a story that is like a story. It's a story that is like a story. You can say that. I think that's a story that is like a story that is like a story. You can say that. I think that's a story that is like a story. You can say that. I think that's a story that is like a story. You can say that. It's a story that is like a story that is like a story. You can say that. You can say that. You can say that. You can say that"
RA-ALTA/de-en-beginner,German,beginner,B3,l2t,holiday,2.0,"### The German Federal Reserve is a private deposit and the Federal Reserve has its own money. In a nutshell, the public money is transferred to the Federal Reserve.### To the Federal Reserve, the bank must be the credit card. In a nutshell, the bank must be the credit card. In a nutshell, the bank must be the credit card. In a nutshell, the bank must be the credit card. In a nutshell, the bank must be the credit card. In a nutshell, the bank must be the credit card. In a nutshell, the bank must be the credit card. In a nutshell, the bank must be the credit card. In a nutshell, the bank must be the credit card. In a nutshell, the bank must be the credit card. In a nutshell, the bank must be the credit card. In a nutshell, the bank must be the credit card. In a nutshell, the bank must be the credit card. In a nutshell, the bank must be the credit card. In a nutshell, the bank must be the credit card. In a nutshell, the bank must be the credit card. In a nutshell, the bank must be the credit card. In a nutshell, the bank must be the credit card. In a nutshell, the bank must be the credit card. In a nutshell, the bank must be the credit card. In a nutshell"
RA-ALTA/de-en-beginner,German,beginner,C3,l2t,family,2.0,". In German.### # This article is a stub. You can help Wikipedia by expanding it. You can help Wikipedia by expanding it. The U.S. Fish and Wildlife Service (USGS) estimates that over a million acres of the Great Lakes have been wiped out by the fish. The dam is about half a mile from the dam on the surface of the Great Lakes, and the dam is expected to be destroyed by a million people. The dam is expected to be the site of a significant amount of fish, including fish and fish that can be found in the world. The dam is likely to be the site of an earthquake or a tsunami. The dam is expected to be the site of an earthquake. The dam is expected to be the site of an earthquake or a tsunami. The dam is expected to be the site of an earthquake. The dam is expected to be the site of an earthquake or a tsunami. The dam is expected to be the site of an earthquake or a tsunami. The dam is expected to be the site of an earthquake or a tsunami. The dam is expected to be the site of an earthquake or a tsunami. The dam is expected to be the site of an earthquake or a tsunami. The dam is expected to be the site of an earthquake or a tsunami. The dam is expected to be the site of an earthquake or a tsunami. The dam is expected to be the site of an earthquake or a tsunami. The dam is expected to be the site"
RA-ALTA/de-en-intermediate,German,intermediate,B1,basic,holiday,1.0,### ### ### ### ### ### ### ### ### ### ### ### ### ### ### ### ### ### ### ### ### ### ### ### ### ### ### ### ### ### ### ### ### ### ###### ### ### ### ### ### ### ### ### #### ### ### ### ### #### ###### ### ### #### ### ### ### ### ### ### ### ### ### ### ### ### ### ### ### ### ### ### ### ### ### ### ### ### ### ### ### ### ### ### ### ### ### ### ### ### ###### ###### ### ### ### ### ######### ### ### ###### ###### ###### ### ### #### ###### ### ### ### ######## ############### ###### #############################################################
RA-ALTA/de-en-intermediate,German,intermediate,C1,basic,family,1.0,"? ### Response: Certainly? ### ### ### The following questions should be answered with an explanation of your proposed teaching plans:- How do I get my teacher to help my child to understand my child's educational competence?- How do I get her teacher to help my child learn how to read and understand the basic skills in reading comprehension?- How do I get her teacher to help my child learn about literacy?- How do I get my teacher to help my child learn how to read and understand the basic skills in reading comprehension?- How do I get her teacher to help my child learn how to read and understand the basic skills in reading comprehension?- How do I get my teacher to help my child learn how to read and understand the basic skills in reading comprehension?- How do I get my teacher to help my child learn how to read and understand the basic skills in reading comprehension?- How do I get my teacher to help my child learn how to read and understand the basic skills in reading comprehension?- How do I get my teacher to help my child learn how to read and understand the basic skills in reading comprehension?- How do I get my teacher to help my child learn how to read and understand the basic skills in reading comprehension?- When I get to know the basic skills in reading comprehension, I hear how I get my teacher to help my child learn how to read and understand the basic skills in reading comprehension?- How do I get my teacher to"
RA-ALTA/de-en-intermediate,German,intermediate,A2,mixed,hobbies,1.0,: http://www.topic.com/s/Pages/Loads/Loads/Category/Loads/Loads/Loads/Loads.html# # # # # # # # # # # # # # # # # # # # # # # # # # # # # # # # # # # # # # # ## # # # # # # # # # # # # # # # # # # # # # # # # ## | ## ## | ## | ## | ## |# |# |# |# |# |# |# |# |# |# |# |# |# |# |# |# |# |# |# |# |# |# |# |# |# |# |# |# |#|# |# |# |# |# |# |# |# |# |# |# |# |# |# |# |# |# |# |# |# |# |# |# |# |# |# |# |# |# |# |# |# |# |# |# |# |# |# |# |# |# |# |# |# |# |# |# |# |# |# |# |# |# |# |# |# |# |# |
RA-ALTA/de-en-intermediate,German,intermediate,B2,mixed,holiday,1.0,### ### ### ### ### ### #### #### ### ### ### ### #### #### #### #### #### ##### #### #### #### #### #### #### #### ##### #### #### #### #### #### #### #### #### #### #### #### ##### #### #### #### #### #### ##### #### #### #### #### #### #### #### #### #### #### ##### #### #### #### ##### #### #### #### #### ##### #### #### #### #### ##### #### #### #### #### ##### #### #### #### ##### ######## #### ####### #### |#### #### #### |#### #### |### |#### |||#### |### |### |### |### |### |### |##
RA-ALTA/de-en-intermediate,German,intermediate,C2,mixed,family,1.0,### Problem: Es gibt keine Antwort.### # # # # # ## ## ## ## ## ## ## ## ## ## ## ## ## ## ## ## ## ### ##@ #### #### #### ## ###### ################################################################################################################################################################################################################################
RA-ALTA/de-en-intermediate,German,intermediate,A3,l2t,hobbies,1.0,### ### ### ### ### ### ### ### ### ### ### ### ### ### ### ### ### ### ### ### ### ### ### ### ### ### ### ### ### ### ### ### ### ### ### ### ### ### ### ### ### ### ### ### ### ### ### ### ### ### ### ### ### ### ### ### ### ### ### ### ### ### ### ### ### ### ### ### ### ### ### ### ### ### ### ### ### ### ### ### ### ### ### ### ### ### ### ### ### ### ### ### ### ### ### ### ### ### ### ### ### ### ### ###### ### ### ### ### ### ### ### ### ### ### ###### ### ### ### ### ### ### ### ### ### ### ### ### ### ### ### ######### ### ### ### ### ### ### ### ### ###### ### ### ### ### ###
RA-ALTA/de-en-intermediate,German,intermediate,B3,l2t,holiday,1.0,"... the ""evangelical"" people of the world have been in charge of the religious holidays. A few weeks ago I wrote ""The Jewish holiday is a great holiday for us."" I also wrote ""The Jewish holiday is an excellent holiday for us."" Now it's called ""The Jewish holiday is a great holiday for us.""What do you think of the holiday? Should I be a Jewish holiday? Does it be a Jewish holiday? Does it be a Jewish holiday? Did it come from a Jewish tradition? Should I be a Jewish holiday?A great holiday for you! Your friend, Sophia, has emailed you about her upcoming holiday. Write an email to her, describing your favorite holiday you have been on. Write an email to her. Write an email to her. Write an email to her. Write an email to her. Write an email to her. Write an email to her. Write an email to her. Write an email to her. Write an email to her. Write an email to her. Write an email to her. Write an email to her. Write an email to her. Write an email to her. Write an email to her. Write an email to her. Write an email to her. Write an email to her. Write an email to her. Write an email to her. Write an email to her. Write an email to her. Write an email to her. How many people are there? The number of people who are homeless? The number of"
RA-ALTA/de-en-intermediate,German,intermediate,C3,l2t,family,1.0,".### Showcase:Your family is the most important factor. You have a family. The family is your family and your family. Your family is your family. You are your family. You are your family. You are your family. You are your family. You are your family.# # # # # # # # # # # ##Location: Michigan: Michigan - Milwaukee, WI - Milwaukee, WI - Milwaukee, WI - Milwaukee, WI - Wisconsin - Milwaukee, WI - Milwaukee, WI - Wisconsin - WisconsinLocation: Michigan - Milwaukee, WI - Milwaukee, WI - Milwaukee, WI - Milwaukee, WI - Kansas - KansasLocation: Michigan - KansasLocation: Michigan - KansasLocation: Michigan - KansasLocation: Michigan - KansasLocation: Michigan - KansasLocation: Michigan - KansasLocation: Michigan - KansasLocation: Michigan - KansasLocation: Michigan - KansasLocation: Michigan - KansasLocation: Michigan - KansasLocation: Michigan - KansasLocation: Michigan - KansasLocation: Michigan - KansasLocation: Michigan - KansasLocation: Michigan - OklahomaLocation: Michigan - KansasLocation: Michigan - KansasLocation: Michigan - KansasLocation: Michigan - KansasLocation: Michigan - KansasLocation: Michigan - KansasLocation: Michigan - KansasLocation: Michigan - KansasLocation: Michigan - NebraskaLocation: Michigan - KansasLocation: Michigan - KansasLocation: Michigan - Kansas"
RA-ALTA/de-en-intermediate,German,intermediate,A1,basic,hobbies,2.0,"#Method: The first step is to have a plan for your school. If your school doesn't have the plans, then you need to give your school a ""homecoming"" by not requiring the planning process before you turn the school into a homecoming.#Method: If your school refuses to make sure that your school has a homecoming, then you need to have a ""homecoming"" by asking the school to give the school a homecoming. If your school refuses to make sure the school does not have the plans, then you need to make sure that your school has a homecoming.#Method: All of your school buildings are built on the ground in the neighborhood.#Method: The first one is required for your school building and is designed for the first week of school. Each building is assigned to a certain grade, with each grade assigned to a certain grade.#Method: For every school building, you must be assigned a total of 5 or more grades, usually 2 or 3. We will be assigned grade 3 or 5.#Method: A grade 3 or 6 (or grade 6) is assigned to a number of schools.#Method: A grade 3 or 6 (or grade 6) is assigned to a number of schools.#Method: A grade 3 or 6 (or grade 8) is assigned to a number of schools.#Method: A grade 3 or 6 (or grade 7) is assigned to"
RA-ALTA/de-en-intermediate,German,intermediate,B1,basic,holiday,2.0,### ### ### ### ### ### ### ### ### ### ### ### ### ### ### ### ### ### ### ### ### ### ### ### ### ### ### ### ### ### ### ### ### ### ###### ### ### ### ### ### ### ### ### #### ### ### ### ### #### ###### ### ### #### ### ### ### ### ### ### ### ### ### ### ### ### ### ### ### ### ### ### ### ### ### ### ### ### ### ### ### ### ### ### ### ### ### ### ### ### ###### ###### ### ### ### ### ######### ### ### ###### ###### ###### ### ### #### ###### ### ### ### ######## ############### ###### #############################################################
RA-ALTA/de-en-intermediate,German,intermediate,C1,basic,family,2.0,"? ### Response: Certainly? ### ### ### The following questions should be answered with an explanation of your proposed teaching plans:- How do I get my teacher to help my child to understand my child's educational competence?- How do I get her teacher to help my child learn how to read and understand the basic skills in reading comprehension?- How do I get her teacher to help my child learn about literacy?- How do I get my teacher to help my child learn how to read and understand the basic skills in reading comprehension?- How do I get her teacher to help my child learn how to read and understand the basic skills in reading comprehension?- How do I get my teacher to help my child learn how to read and understand the basic skills in reading comprehension?- How do I get my teacher to help my child learn how to read and understand the basic skills in reading comprehension?- How do I get my teacher to help my child learn how to read and understand the basic skills in reading comprehension?- How do I get my teacher to help my child learn how to read and understand the basic skills in reading comprehension?- How do I get my teacher to help my child learn how to read and understand the basic skills in reading comprehension?- When I get to know the basic skills in reading comprehension, I hear how I get my teacher to help my child learn how to read and understand the basic skills in reading comprehension?- How do I get my teacher to"
RA-ALTA/de-en-intermediate,German,intermediate,A2,mixed,hobbies,2.0,: http://www.topic.com/s/Pages/Loads/Loads/Category/Loads/Loads/Loads/Loads.html# # # # # # # # # # # # # # # # # # # # # # # # # # # # # # # # # # # # # # # ## # # # # # # # # # # # # # # # # # # # # # # # # ## | ## ## | ## | ## | ## |# |# |# |# |# |# |# |# |# |# |# |# |# |# |# |# |# |# |# |# |# |# |# |# |# |# |# |# |#|# |# |# |# |# |# |# |# |# |# |# |# |# |# |# |# |# |# |# |# |# |# |# |# |# |# |# |# |# |# |# |# |# |# |# |# |# |# |# |# |# |# |# |# |# |# |# |# |# |# |# |# |# |# |# |# |# |# |
RA-ALTA/de-en-intermediate,German,intermediate,B2,mixed,holiday,2.0,### ### ### ### ### ### #### #### ### ### ### ### #### #### #### #### #### ##### #### #### #### #### #### #### #### ##### #### #### #### #### #### #### #### #### #### #### #### ##### #### #### #### #### #### ##### #### #### #### #### #### #### #### #### #### #### ##### #### #### #### ##### #### #### #### #### ##### #### #### #### #### ##### #### #### #### #### ##### #### #### #### ##### ######## #### ####### #### |#### #### #### |#### #### |### |#### |||#### |### |### |### |### |### |### |##
RA-ALTA/de-en-intermediate,German,intermediate,C2,mixed,family,2.0,### Problem: Es gibt keine Antwort.### # # # # # ## ## ## ## ## ## ## ## ## ## ## ## ## ## ## ## ## ### ##@ #### #### #### ## ###### ################################################################################################################################################################################################################################
RA-ALTA/de-en-intermediate,German,intermediate,A3,l2t,hobbies,2.0,### ### ### ### ### ### ### ### ### ### ### ### ### ### ### ### ### ### ### ### ### ### ### ### ### ### ### ### ### ### ### ### ### ### ### ### ### ### ### ### ### ### ### ### ### ### ### ### ### ### ### ### ### ### ### ### ### ### ### ### ### ### ### ### ### ### ### ### ### ### ### ### ### ### ### ### ### ### ### ### ### ### ### ### ### ### ### ### ### ### ### ### ### ### ### ### ### ### ### ### ### ### ### ###### ### ### ### ### ### ### ### ### ### ### ###### ### ### ### ### ### ### ### ### ### ### ### ### ### ### ### ######### ### ### ### ### ### ### ### ### ###### ### ### ### ### ###
RA-ALTA/de-en-intermediate,German,intermediate,B3,l2t,holiday,2.0,"... the ""evangelical"" people of the world have been in charge of the religious holidays. A few weeks ago I wrote ""The Jewish holiday is a great holiday for us."" I also wrote ""The Jewish holiday is an excellent holiday for us."" Now it's called ""The Jewish holiday is a great holiday for us.""What do you think of the holiday? Should I be a Jewish holiday? Does it be a Jewish holiday? Does it be a Jewish holiday? Did it come from a Jewish tradition? Should I be a Jewish holiday?A great holiday for you! Your friend, Sophia, has emailed you about her upcoming holiday. Write an email to her, describing your favorite holiday you have been on. Write an email to her. Write an email to her. Write an email to her. Write an email to her. Write an email to her. Write an email to her. Write an email to her. Write an email to her. Write an email to her. Write an email to her. Write an email to her. Write an email to her. Write an email to her. Write an email to her. Write an email to her. Write an email to her. Write an email to her. Write an email to her. Write an email to her. Write an email to her. Write an email to her. Write an email to her. Write an email to her. How many people are there? The number of people who are homeless? The number of"
RA-ALTA/de-en-intermediate,German,intermediate,C3,l2t,family,2.0,".### Showcase:Your family is the most important factor. You have a family. The family is your family and your family. Your family is your family. You are your family. You are your family. You are your family. You are your family. You are your family.# # # # # # # # # # # ##Location: Michigan: Michigan - Milwaukee, WI - Milwaukee, WI - Milwaukee, WI - Milwaukee, WI - Wisconsin - Milwaukee, WI - Milwaukee, WI - Wisconsin - WisconsinLocation: Michigan - Milwaukee, WI - Milwaukee, WI - Milwaukee, WI - Milwaukee, WI - Kansas - KansasLocation: Michigan - KansasLocation: Michigan - KansasLocation: Michigan - KansasLocation: Michigan - KansasLocation: Michigan - KansasLocation: Michigan - KansasLocation: Michigan - KansasLocation: Michigan - KansasLocation: Michigan - KansasLocation: Michigan - KansasLocation: Michigan - KansasLocation: Michigan - KansasLocation: Michigan - KansasLocation: Michigan - KansasLocation: Michigan - KansasLocation: Michigan - OklahomaLocation: Michigan - KansasLocation: Michigan - KansasLocation: Michigan - KansasLocation: Michigan - KansasLocation: Michigan - KansasLocation: Michigan - KansasLocation: Michigan - KansasLocation: Michigan - KansasLocation: Michigan - NebraskaLocation: Michigan - KansasLocation: Michigan - KansasLocation: Michigan - Kansas"
RA-ALTA/de-en-advanced,German,advanced,A1,basic,hobbies,1.0,"### The students who participate are called ""soccer"" because they have no access to them, so it's very important that you understand what they're doing.### Answer:What is this? This will help you better understand why you feel frustrated and want to learn more about yourself.### Suggested Reading:How can I teach this lesson? When children have difficulty with their reading skills, they may not know how to read. In addition, they might need to memorize a word or phrase from another person and use it as a basis for learning English.### Practice:Teaching Students with Disabilities - How is the teacher working? What happens when someone else stops telling her student the words? What questions should the teacher ask each child?### Supporting Student Learning - Using Writing Skills-Teachers & Teaching Guides - How does one make it easier for kids to study on paper than other teachers?### Suggestions:Teacher Resources & Projects - How do you give your students an opportunity to share ideas and resources.### Read More About Literature (3)Why Does It Matter?:- Grades 1-5- Grade 5-8- Grade 9-12- Grade 10-12- grade 12-13- Grade 11-14- Grade 14-16- Grade 15-17- Grade 16-18- Grade 17-19- Grade 20-21- Grade 21-24- Grade 22-27- Grade 23-28- Grade 27-28"
RA-ALTA/de-en-advanced,German,advanced,B1,basic,holiday,1.0,"! How did she find out about the weather?### Please help answer any questions or concerns that may arise from this topic.### Work:This is a list of activities for students and teachers. Students should know how to do so before they can use it in class.### Create: This is a list that includes activities such as lesson plans, worksheets, worksheets, homework assignments, worksheets, projects, and more.### Allow students to work with other teachers (for example teacher-teacher groups) who need additional time.### Require students to work together to create a new lesson plan for their class. The teacher should be able to provide feedback on student learning by providing feedback and advice at the end of each activity.### Keepers: This section will cover topics relating to classroom climate change and community development. It will also include topics related to water resources and agriculture.### Be prepared to prepare for the next day's school year.### Supported: This site will feature activities designed to promote participation and teaching. You'll learn what others are doing when things get too hot, too cold.### Encourage students to come forward to make sure everyone has done well.### Help students understand why they have spent time with their classmates.### Provide opportunities to practice thinking through hands-on activities.### Make arrangements to give them the chance to share information while working.### Build confidence around family and friends.### Give students something fun to"
RA-ALTA/de-en-advanced,German,advanced,C1,basic,family,1.0,"@ ### The problem with the word ""big"" in this section is that if someone says it is an odd thing to say but they can't do so, then they will be asking you what kind of stuff you want to hear. But the real problem is because there are many other things people think most likely to teach their children, like how to make sure they understand the world around them. This means they don't just work out the words themselves. They may even use these words at school. They often lack the vocabulary and they aren't always easy to learn. To help them remember and memorize these words they need additional help from teachers who give them some extra time to read and write. And they may not even know why they're teaching each other. If they were taught English and their teacher said nothing, they would just try it!### Supporting our discussion forum. A bit on the topic here (you might also find a link) and I found one where we could see a great example of this. This is really useful as a reference point for students learning math. We did something else but it was actually too much for us to understand. Since we had plenty of examples of Mathematicians and there was very little support for this activity, we wanted to get students thinking and doing math problems. It was all part of a conversation between me and my class. Now we started talking about math topics and math questions and we talked about science and technology"
RA-ALTA/de-en-advanced,German,advanced,A2,mixed,hobbies,1.0,"### Education:Your community likes this.### Work:Your local, state, or national level ### # Community:Your community has a place where there are many different jobs and opportunities for each other.### Presentation:Your local and state governments are working together to make sure everyone understands the role of education in our society and how it affects them.### Document:Your local government is responsible for helping individuals and communities prepare themselves to work on their own projects.### Video:You have a chance to demonstrate what you want to hear about your city.### Your local government will tell you that you have no choice but to be able to talk about ways to improve your life.### Communication:If you know someone you trust, ask him/her for help.### Speaking:Susan @please click here to listen to his/her speech.### Help:For further information, contact your local government agency at (800) 522-2536 ext. 8059.### Public Engagement:When we talk about the need to educate others, sometimes we're more interested in learning something new from one another than with any kind of professional training or practice.### Program:Make your community feel stronger - if you like, find out why you should give up.### Funding:We provide grants to schools and institutions who can afford these gifts.### State funding:Write a report on your local Government website."
RA-ALTA/de-en-advanced,German,advanced,B2,mixed,holiday,1.0,"### The following sentence shows your child's name and address in the first paragraph of the sentences below:### My father was my wife and I never had anything done for him or me that happened to him.### My mother died on December 21st at age 40 from a mental illness.### How many children did they have?### What were some of the children who went through these events to be hospitalized later this year?### For more information about our upcoming holidays, visit http://www.dwbg.org/winter-ferien-starting-in-malta-nordland/for more info!### Your child will need one to fill out the form.### You may also like to check their parents' names.### If your family is going to be lucky enough to find another school, ask your teacher to help you find it.### Remember your mom's name in the beginning and not just because she doesn't know what you are doing.### A parent can help you if he tells you how long it takes to get home safely.### Help your daughter learn the skills required by reading, writing and speaking to other kids when you're ready to talk with them.### Make sure everyone understands the important concepts of good manners and rules, so that all young people understand how to care for themselves.### Become happy to share your thoughts with others as well as those around you.##"
RA-ALTA/de-en-advanced,German,advanced,C2,mixed,family,1.0,"### The answer to this question will be that it's written in a manner which means ""big family"".### Showing: _______________________________ ### Your friend, your friends and colleagues are all called ""Big-family"" because they're called ""small families"". In other words, they've got their own name -- but they're not. You may think there might be some way of saying ""big brother"" -- but it doesn't necessarily mean ""big sister"". But when we talk about Big-Family or Small-Parent, we usually hear someone say ""big son"". We also listen to an interviewer asking ""yes"", ""no"".We can also hear people say ""big sister"" (the same thing as a ""big brother""). If we don't do what he wants us to call them, then we'll try. That's why we need to keep our phone number at least twice per year so that we can get out. It seems like one way to get around this problem is by using the phrase ""big sister."" That's how it works, and it's really interesting.The next step is to use ""big brother"". This helps clarify some points. You might want to make sure that the person who gives you his/her name has no choice but to choose what he wants. Then I could ask if anyone else thinks he/she likes his/his birthday party. Maybe there would be more than just a child in the household. So"
RA-ALTA/de-en-advanced,German,advanced,A3,l2t,hobbies,1.0,"### What is a sentence? ----------------- ::--- ::--The first letter of any word that occurs when the name of the person or thing appears in the first letter, as this will change with time. This can be done in one of several ways.A: The second letter of anyword is not always obvious; it does not necessarily indicate the same thing or circumstance. For example, if someone is called ""the teacher"" after having told them they are going to be teaching children to read and write. If they have not given directions, then they will probably tell them what to expect from the teacher. That's why I started working on this assignment because it was difficult to get students excited about reading. A number of students are looking for answers but still want to know where to find out. Once they've been asked how to answer their questions, there isn't much to say until they feel like asking other teachers. It's very easy to make sure students understand the rules to which they can choose (they need some help). They also need to ask themselves whether the teacher knows the meaning of a passage or the words they're trying to use.When the teacher reads, he or she tells students how to look and listen to the text aloud. Students who were already interested in reading could easily guess which passage they needed to read. After doing these tests, the teacher might check them before beginning their test. There may seem like a lot of confusion in the future if"
RA-ALTA/de-en-advanced,German,advanced,B3,l2t,holiday,1.0,"# Please help us to solve this problem.### How do I know the answer?### Thank you!### Thanks for reading and listening.### Thank everyone else in my family, or friends.### Did anyone please go back or see what they did?### Let's start with the following questions: What is the meaning of a word that was first used in the English language? What are some examples of words that were common in the early days of English?### Can someone tell me where it sounded before the arrival of Christ?### Who came from?### Are there any other places around the world which may be called the Christian Church?### You ask the question in Greek.### If you're not sure how many people had come into existence in ancient times, why would we need to look at it now as part of our lives today?### Do you think we're getting here until the end of the century?### Have you ever noticed that people who lived in Europe and Asia, including China, were baptized by Christians after the death of Christ? That's just another example of how you can get out of history.### Are you surprised when you hear the same thing happening again over time? We want to hear the same things more often than you do today.### In a sense, if one of these things happens, maybe it gets worse. But even though the church doesn't keep changing, then it still seems"
RA-ALTA/de-en-advanced,German,advanced,C3,l2t,family,1.0,"### Appropriate materials are available online. They can be found on my site at http://www.my-library.org/~dvt.html. If you use this title please contact me by phone (404) 832-7800. What Is It?Ask your doctor if you have symptoms of autism spectrum disorders, such as anxiety disorder, difficulty concentrating, severe language impairment, mental retardation, or other disability that might affect their child's development. This condition may cause seizures, including speech problems, loss of coordination, confusion, trouble with balance, difficulty focusing, or hallucinations. Other conditions can also cause seizures.Why Do I Get Help?The doctor will ask questions about your baby's medical history, any concerns you may have regarding his/her behavior and medications, and to help them prepare for his/her future care. A physical exam will show you how well he/she is working, what tasks he/she needs, and when to seek treatment. Your pediatrician will do a complete neurological examination, including tests that check for nerve damage, brain tumors, developmental delays, and hearing impairments.What To Expect From Your DoctorIf you experience difficulties paying attention, it is important to get support from your doctor. Ask your doctor about medication choices, procedures, and treatments. You may need to give a referral to another health professional who specializes in issues like diabetes, depression, or ADHD.You may feel anxious, relaxed, and frustrated because of the time"
RA-ALTA/de-en-advanced,German,advanced,A1,basic,hobbies,2.0,"@Bloomberg, your community is going to be a lot healthier now than we had before. This may not necessarily sound like a big deal but it could make us feel good about ourselves tomorrow.# Background:I am still working on this project because I don't want to be called ""Collaborative"" or ""Educational,"" but they are all the same folks who are really interested in learning more about our country. We have a great number of students that have been involved in some kind of work with their teacher, which has helped them develop their skills and knowledge. The students also know how to use their language as a way of getting started (to think and write), and they see what works and what doesn't. They look forward to being able to get into new jobs, help others by doing things, and they find out why. These young people come from a rich culture and need lots of support.# Background/Reading:It was very nice to see these young people go home after school, especially during summer vacation. That's just one of those days when we were having fun and play! Our kids will try something new and learn things. In other words, they can start to understand what works and teach them. It helps them become better equipped for studying and learning.# Background & Reading:Asked whether they are struggling or difficult to read, their children love books. They are reading through books and sometimes even just ask questions"
RA-ALTA/de-en-advanced,German,advanced,B1,basic,holiday,2.0,"! ### If we don't do this we'll save our families and children from having fun with us.### Support:Our family is a team of teachers and students that are interested in learning how to use the Internet. In addition to being part of our group activities, we also work together with other students to share their ideas and suggestions for community events. We offer help with individual programs like Facebook, Twitter, Google+, XING, Microsoft Teams, Facebook, and others.We also provide feedback on what is going on around us so we can talk to each other as well. This includes questions such as ""What does it mean?"" and ""I want my friends to know more.""### When you find someone who wants to go home or get out there for school, tell them you need to take care of yourself.### The teacher will ask you if they think you should be able to contact someone who needs assistance.### Work with other parents to teach your kids how to listen.### We encourage each student to have an interview.### Help with homework assignments.### Let him/her learn how to respond to important things.### Acknowledge the teacher about his/her problem.### Have a friend help him/herself when he/she finds another person.### Teach the teacher to explain why everyone else thinks he/she is doing good.### What makes a difference?### Make sure all kids understand where"
RA-ALTA/de-en-advanced,German,advanced,C1,basic,family,2.0,"### Research:I am trying to get my students excited! I want them to participate in their research on this topic and encourage them to think critically about it. The teachers are very much motivated with their work. They can help students learn from what they know. This week we will discuss some of these topics that I hope will be covered here.1. How do I find out when my class begins?2. What do I expect me to see if she/he will be able to identify the person who was most interested in this topic?3. When I start writing the project (instead of by ""the teacher's name"") I often ask questions like ""Why would I want to go into the classroom?""4. What does the teacher feel about her/his role as teacher?5. Why might I need to change my grade so he/she learns how to read?6. Does the teacher feel that this isn't just a matter of education?7. What does he/her mean by having students write down and then using appropriate materials?8. Are there any differences between students doing the study of history at home or school?9. Do I have classes?10. Is this student's age different than his/her classmates?11. Have students choose one of two things they may not realize. Ask students what they don't understand but still remember.12. Does the professor use technology to provide resources?13. Is it better to be"
RA-ALTA/de-en-advanced,German,advanced,A2,mixed,hobbies,2.0,"@Did You Know? ### Education:What's at home, what's going to happen at school or at work?### Your local newspaper will be a good source for all those who are working with students and families.### The New York Times:HOW DOES THE EARLY LONG BEACHING TO GETTED BY THE NEW TIME OF A HOTELS FOR LIGHT PODY BE TRADE AND DID YOU WANT FIND.### Your city has become so much more than anything else. And there is something that we need to make sense of ourselves.### In Your City:Kids are welcome. They're welcome because they know what they are doing.### How many students have gone through our summer camp?### Our schools are getting kids excited about this experience and that's why it's important to take part in learning how their neighborhood lives.### I'm just glad that my children get them out on vacation.### We're very excited to start off here.### There is no way to go. But there's nothing special. No matter what you're talking about, you may feel like we need to take some time to learn from each other.### My parents love being here, but I don't want any help. Maybe if we could go to a place where I was not able to see things, we might find out that I would like to stay.###"
RA-ALTA/de-en-advanced,German,advanced,B2,mixed,holiday,2.0,"### Motivation:Ich kann Ihre Freundin nicht genug bekommen! - ### Motivation :D# Response:Ihre Freunde oder Freundinnen, die zu uns kommen möchten, müssen ihre Aufmerksamkeit auf sich ziehen. Es ist so einfach wie nie zuvor. Wenn Sie nach der Schule fragen, wer Ihr Leben in einer anderen Stadt verbringen will. Vielleicht haben Sie noch eine Frage? Sind Sie es gewohnt, mit dem Bus zu fahren? Haben Sie keine Ahnung, was passiert, wenn Sie mit Ihrem Bus ins Auto steigen wollen? Dann sind Sie bereit für einen Ausflug ins Freie, das heißt, wenn Sie im Freien feiern können.### response:Ihre Freundinnen oder Freundinnen müssen ihren Unterricht nur einmal im Monat durchleben. Ein guter Zeitpunkt, um Ihre Gefühle auszudrücken. Wenn sie ein paar Tage lang etwas anderes tun als sonst, dann nehmen sie ihr Bestes und freuen sich über das Neue Jahr.### Storytelling:Die besten Ideen für Ihr neues Jahr werden von Ihnen gesammelt und geschrieben. Eine gute Idee wird jedoch erst später benötigt. {# ] ### # ______ ______ __ __ __ __ _______ _______ ______ __ ___________ _____ ______ _______________________ ______ ____ __ ______ _______ __________ ______ __________________ ______. Wenn Sie sich selbst als Inspiration präsentieren möchten, sollten Sie dies mindestens einmal pro Woche machen, denn der Tag muss immer wieder sein. {# } ###. Es gibt viele Dinge, die Sie ändern müssen. Sie sind auch wichtig"
RA-ALTA/de-en-advanced,German,advanced,C2,mixed,family,2.0,@Linda_Jones@home1@home2@home3@home4 @home5@home6 @home8 @home9 @home11 @home12 @home14 @home15 @home17 @home19 @home20 @home21 @home22 @home23 @home24 @home28 @home30 @home25 @home26 @home31 @home32 @home33 @home34 @home35 @home37 #home41 #home36 #home43 #home45 #home42 #home46 #home44 #home40 #home38 #home39 #home52 #home47 #home48 #home48#home51 #home54 #home55 #home49 #home53 #home56 #home57 #home58 #home66 #home59 #home69 #home68 #home65 #home60 #home75 #home61 #home71 #home62 #home72 #home70 #home63 #home64 #home74 #home73 #home67 #home86 #home78 #home83 #home79 #home87 #home84 #home88 #home80 #home92 #home85 #home90 #home89 #home91 #home93 #home94 #home93_98_99_99_100%* * * * ******************** ********* *** ** ***** *************** ************ ****** ************** *******
RA-ALTA/de-en-advanced,German,advanced,A3,l2t,hobbies,2.0,"_used-in-the-pitch/$5.00 | $6.50 | $3.30 |||$4.90 |||$7.99 |||$9.95 ||*(C) $10.75 | $8.80 |||$13.80 ||* (M) $12.25 |||$15.55 |||$16.50 |||$17.20 ||*||M)||$14.40 |||$11.20 |||$18.00 ||*F||$21.60 |||$24.70 |||$26.80 | ||$29.85 |||$23.00 |||$27.85 ||*T||$32.45 |||$28.76 |||$22.00 |The following is a list of references for each item of interest. If it were not listed, simply click on the ""Save the Book"" button. If there was no entry, then check the ""List"" box at the bottom of the book to make sure that everyone is on the correct page. The book must be kept at least 30 days after the last book has been published or posted; however, if there are any questions about the book, ask them to share with friends. Also, please note that this will only keep you up until all else has passed. When they do return, always tell your parents and other"
RA-ALTA/de-en-advanced,German,advanced,B3,l2t,holiday,2.0,"### Education:This post is part of a series that will take the children from each grade level into their classrooms. We hope it's helpful if we can help with this.### Presentation:We think this article is part of the series and does not necessarily reflect those of us who are reading this lesson. If I say ""I'm"" or ""I'm,"" then I mean by saying ""I'm.""### Added: This is the first part of my book to cover all aspects of learning, including teaching English as a second language, speaking with kids, and listening for the kids. The next step would be to give them something else to learn.### Message:The last paragraph should indicate that they have completed some schoolwork at home or in community schools. If they do work together, there may be more than one teacher doing that, but it doesn't matter how much time someone spends working with them. In other words, they're getting too busy with the kids. They get distracted.### Discussion:You're just having trouble making sure they're not being taught how to read. It takes less time to put off the lights. There's no need to worry about things like these because you want them to know what happens when they start talking. You might need extra time to teach them how to read and to see what goes wrong.### Reassure:Ask your teachers that if they don't understand why you need to keep out of the classroom"
RA-ALTA/de-en-advanced,German,advanced,C3,l2t,family,2.0,"### In what ways do we interpret these statements?### Source:The author of this essay has written several books on children's literature (see below), including The Children's Book: Children's Literature of the World: A Short History. In other words, he tells us that many of our own works are not actually children's books; they are simply children's novels. And yet there is no doubt that young people will find it hard to read their stories. In fact, some children's books are not necessarily child-made but rather a source of inspiration. But I don't think the book was created by the children. The authors were always looking at the pictures and drawings of people from different backgrounds, such as teachers, nurses, musicians, artists, craftsmen, writers, etc., and often, as children, they did so with children. No wonder parents who loved them would like to share their ideas with their kids, especially those who might be interested in reading aloud. It's all part of my life and I love this book. What can you mean here? |Abstract||This section needs additional citations for verification. (June 2011)|The term ""bureaucratic"" means 'the agency' - when someone acts as a custodian or authority. This phrase refers to the person who makes use of his/her business relations in order to secure his/her goods. The name of the agent must also refer to the person involved."
RA-ALTA/pl-en-beginner,Polish,beginner,A1,basic,hobbies,1.0,", ## ## ##################################################################################################################################[[[]||||||||||||||||||||||||||||||||||||||||||||||||||||||||||||||||||||||||||||||||||||||||||||||||||||||||||||||||||||||||||||||||Schoolers: Find out what students need to do to learn to find out what students need to do, get out what students need, learn what students need, and learn what students need to do.The class has been built on a new home classroom, and it is now available for download as a whole. It is free!Schoolers need to know how to prepare and learn to prepare for a school or visit the school.Schoolers need to know what students"
RA-ALTA/pl-en-beginner,Polish,beginner,B1,basic,holiday,1.0,": What do you see if the event is not always present? Find out more about her.# Help:Your friend, Sophia, has emailed you about her upcoming holiday. I hope that you know it will be a real event. For example, the holiday is more than just a holiday. You may find out more about her Christmas with your friends than a holiday. The day of this holiday is, for example, the holiday is the holidays. The weather comes out of the holiday season, but it will come out of the holiday season. You may also find out more about her Christmas season, which lasts for about 17 years.# # # # # # # # # # # # # # # # # # ## # # # # ## ## ## ## ## # ## ## ## ## ## ## ## ## ## ##Your friend, Sophia, is a fun little time! In this episode, you will see a lot of fun and fun activities, including a few simple activities, activities and activities. You may also find out more about her Christmas season and how you can get your favorite holiday.# # # ## #### # #### # ## #### ## #### #### ## #### #### ### #### #### #### ###### ##### #### ###"
RA-ALTA/pl-en-beginner,Polish,beginner,C1,basic,family,1.0,". Students will be asked to ask questions about the topic and the topic. Read more about the topic. For more information on how to get the topic, contact the following resources:- The following page can help students prepare the topic:- The topic has been created by the school's teacher.- The topic has been modified by the school's teacher for a couple of years.- The topic has been created by the school's teacher.- The topic has been created by the school's teacher.- The topic has been created by the school's teacher.- The topic has been created by the school's teacher.- The topic has been created by the school's teacher.- The topic has been created by the school's teacher.- The topic has been created by the school's teacher.- The topic has been created by the school's teacher.- The topic has been created by the school's teacher.- The topic has been created by the school's teacher.- The topic has been created by the school's teacher.The topic has been created by the school's teacher.- The topic has been created by the school's teacher.- The topic has been created by the school's teacher.- The topic has been created by the school's teacher.- The topic has been created by the school's teacher.- The topic has been created by the school's teacher.- The"
RA-ALTA/pl-en-beginner,Polish,beginner,A2,mixed,hobbies,1.0,- student maths. You can read or write a word. Have students write a word. Students can read a word or write a word. Students can read a word or write a word. Students can read a word or write a word in online or online.# Teacher's Guide to Differentiating students' Language Learners' Language Learners' Language Learners' Language Learners' Language Learners' Language Learners' Language Learners' Language Learners' Language Learners' Language Learners' Language Learners' Language Learners' Language Learners' Language Learners' Language Learners' Language Learners' Language Learners' Language Learners' Language Learners' Language Learners' Language Learners' Language Learners' Language Learners' Language Learners' Language Learners' Language Learners' Language Learners' Language Learners' Language Learners' Language Learning Learners' Language Learners' Language Learners' Language Learners' Language Learners' Language Learners' Language Learners' Language Learners' Language Learners' Language Learners' Language Learners' Language Learners' Language Learners' Language Learners' Language Learners' Language Learners' Language Learners' Language Learners' Language Learners' Language Learners' Language Learners' Language Learners' Language Learners' Language Learners' Language Learners' Language Learners' Language Learners' Language Learners' Language Learners' Language Learners' Language
RA-ALTA/pl-en-beginner,Polish,beginner,B2,mixed,holiday,1.0,#coldlife #coldlife #coldlife #coldlife #coldlife #coldlife #coldlife #coldlife #coldlife #coldlife #coldlife #coldlife #coldlife #coldlife #coldlife #coldlife #coldlife #coldlife #coldlife #coldlife #coldlife #coldlife #coldlife #coldlife #coldlife #coldlife #coldlife #coldlife #coldlife #coldlife #coldlife #coldlife #coldlife #coldlife #coldlife #coldlife #coldlife #coldlife #coldlife #coldlife #coldlife #coldlife #coldlife #coldlife #coldlife #coldlife #coldlife #coldlife #coldlife #coldlife #coldlife #coldlife #coldlife #coldlife #coldlife #coldlife #coldlife #coldlife #coldlife #coldlife #coldlife #coldlife #coldlife #coldlife #coldlife #coldlife #coldlife #coldlife #coldlife #coldlife #coldlife #coldlife #coldlife #coldlife #coldlife
RA-ALTA/pl-en-beginner,Polish,beginner,C2,mixed,family,1.0,", a new site. Read more about the topic. The following list provides a valuable overview of what your blog entry contains, and more. The page provides a summary of the article, and how it is related to the topic.- The author's guide to ""Ranking Your World: A New Way to the Internet"" is a stub. Find out more about the topic in the article; see below.- ""Astronauty.com.pl"" is a resource dedicated to using the RSS feed. You can use the RSS feed, but you can use it in your own. If you want to use the RSS feed, you will find it helpful to use it as a free tool.- The page contains a list of articles about books and articles about life and family. Click on the link to find out more about the topic.- The page also includes a list of related articles about life and family.- The page includes a list of topics on how to use the RSS feed, and what the topic is about the topic.- The page contains a list of related articles about life and family.- The page contains a list of topics about life and family.- The page contains an article about life and family.- The page contains a list of other topics about life and family.- The page contains a list of related articles about life and family.- The page contains a list of related articles about life and family.- The page contains a list of related articles"
RA-ALTA/pl-en-beginner,Polish,beginner,A3,l2t,hobbies,1.0,. The following discussion questions are answered:- What is the story of an artist from the city?- What is the story of a painting from the city?- What did you think of a painting from the city?- How did you think it was based on the story of a painting from the city?- What is the story of a painting from the city?- What is the story of a painting from the city?- What is the story of a painting from the city?- Who does the story of a painting from the city?- What does it have to do with each other?- What does the story of a painting from the city?- What does it have to do with each other?- What do you think of a painting from the city?- What about the city?- What do you think of a painting from the city?- What about the city?- What does it have to do with each other?- What about the city?- What about the city?- What about the city?- What about the city?- What about the city?- What about the city?- What about the city?- What about the city?- What about the city?- What about the city?- What about the city?- What about the city?- What about the city?- What about the city?- What about the city?- What about the city?- What about the city?- What about the city?-
RA-ALTA/pl-en-beginner,Polish,beginner,B3,l2t,holiday,1.0,", using a simple technique to take with it. Ask about your favorite Christmas party. Don't forget the date of the holiday you have done.Save a question about how to read your own Christmas party. You can find out a variety of ways to get started or choose one. The easiest way to read your own Christmas party is to read a simple, simple, and well-written word. See video. See video.Save a question about how to read your own Christmas party. Write a simple word or phrase to your friends. Ask about your favorite Christmas party. Have your family read your own Christmas party.Save a question about your favorite Christmas party. Have your family read your own Christmas party. Ask about your favorite Christmas party. Ask about your favorite Christmas party. Ask about your favorite Christmas party. Ask about your favorite Christmas party. Say about your favorite Christmas party.Save a question about your favorite Christmas party. Ask about your favorite Christmas party. Ask about your favorite Christmas party. Ask about your favorite Christmas party. Ask about your favorite Christmas party. Ask about your favorite Christmas party. Ask about your favorite Christmas party. Ask about your favorite Christmas party. Ask about your favorite Christmas party. Ask about your favorite Christmas party. Ask about your favorite Christmas party. Ask about your favorite Christmas party. Ask about your favorite Christmas party. Ask about your favorite Christmas party. Ask about your favorite Christmas party. Ask about your favorite Christmas party. Ask about your favorite Christmas party"
RA-ALTA/pl-en-beginner,Polish,beginner,C3,l2t,family,1.0,#mildredge #mildredge #mildredge #mildredge #mildredge #mildredge #mildredge #mildredge #mildredge #mildredge #mildredge #mildredge #mildredge #mildredge #mildredge #mildredge #mildredge #mildredge #mildredge #mildredge #mildredge #mildredge #mildredge #mildredge #mildredge #mildredge #mildredge #mildredge #mildredge #mildredge #mildredge #mildredge #mildredge #mildredge #mildredge #mildredge #mildredge #mildredge #mildredge #mildredge #mildredge #mildredge #mildredge #mildredge #mildredge #mildredge #mildredge #mildredge #mildredge #mildredge #mildredge #mildredge #mildredge #mildredge #mildredge #mildredge #mildredge #mildredge #mildredge #mildredge
RA-ALTA/pl-en-beginner,Polish,beginner,A1,basic,hobbies,2.0,"can happen in a variety of ways, and in any other way, when you are lucky, it's a common practice.# # # # # # # # # # # # # # # # # # # # # # # # # # # # # # # # # # # # # # # # # # # # # # # # # # # # ## # # # # # # # # # # # # # # # # # # # # # # # # # # ## # # # # # # # # # ## ## # # # # # # # # ## ## # # # # # ## # # # ## ## _________________ # # ## # # ## ## ## ## ## ## ## ## ## ## ## ### ## ## ## ## ### ## ## ## ## ## ## ## #### ### ## ## #### ### ### ### ### #### ### #### ### ##### ##### ##### #### ############# ######################"
RA-ALTA/pl-en-beginner,Polish,beginner,B1,basic,holiday,2.0,"and pessimism. This way, as I do with an earlier version of the article, it has been suggested that the author can be used as a ""mastery of the word"" in this context. The editor and author of this article are still trying to write a new article on the topic. Please find the article in the context of this article.How to write an email with your friend or app with your friends. This is not a good idea, but it is not an easy way to do it. Read the article in the context of this article. The editor of this article is an online version of this article.How to write an email with your friends! This article includes a discussion about what to do with a friend or app. The editor's original article is on a web site. The editor also talks about how to write a reply to you.How to write an email with your friends! This article is much about how to write an email with your friends. This article is for the audience. You can also read a report on a friend or app with your friends, but it is a good idea to have a friend or app with your friends. You can also read a new article in the context of this article.What to write an email with your friends! This article includes a discussion about how to write an email with your friends. This article is a good idea to have a friend or app with your friends! This article is also for the audience."
RA-ALTA/pl-en-beginner,Polish,beginner,C1,basic,family,2.0,"to the use of a word in the library. For the same reason, you should have a book about your family. (Read more about your family).- Use the phrase ""bread"" to describe your favorite word or word.- Use the words ""bread"" to describe your favorite word, like ""bread"" and ""catch"" (read, like ""a-pocket-sized""). This can be explained by:- Read the text.- Read the text in the library. Read the text in the library.- Read the text in the library.- Read the text in the library.- Read the text in the library.- Read the text in the library.- Read the text in the library.- Read the text in the library.- Read the text in the library.- Read the text in the library.- Read the text in the library.- Read the text in the library.- Read the text in the library.- Read the text in the library.- Read the text in the library.- Read the text in the library.- Read the text in the library.- Read the text in the library.- Read the text in the library.- Read the text in the library.- Read the text in the library.- Read the text in the library.- Read the text in the library.- Read the text in the library.- Read the text in the library.- Read the text in the"
RA-ALTA/pl-en-beginner,Polish,beginner,A2,mixed,hobbies,2.0,":You can learn more about the work you receive from the library, including:Present reading:# #### #### #### #### #### #### ##### #### #### #### ####### #### #### #### #### #### ######## #### #### #### #######- Your town wants someone to take part in your town. You can learn more about the work you get in your town about. You can learn more about how you get in your town. Students are asked about your town. Students talk about the work you receive from the library:# ####### ####- Your town wants someone to take part in your city. Students talk about your town about. Students are asked about how you get in your town. Students talk about your town about your town and learn about the work you get in your town. Students talk about your town about your town or stay in your town. Students talk about your town about your town and learn about your town. Students talk about your town and learn about your town. Students talk about your town about your town. Students talk about your town and learn about your town. Students talk about your town as a whole. Students talk about your town and learn about your town. Students talk about your town and learn about your town. Students talk about your"
RA-ALTA/pl-en-beginner,Polish,beginner,B2,mixed,holiday,2.0,. #findings. #findings. #findings. #findings. #findings. #findings. #findings. #findings. #findings. #findings. #findings. #findings. #findings. #findings. #findings.#findings. #findings. #findings. #findings. #findings. #findings. #findings. #findings. #findings. #findings. #findings. #findings. #findings. #findings. #findings. #findings. #findings. #findings. #findings. #findings. #findings. #findings. #findings. #findings. #findings. #findings. #findings. #findings. #findings. #findings. #findings. #findings. #findings. #findings. #findings. #findings. #findings. #findings. #findings. #findings. #findings. #findings. #findings. #findings. #findings
RA-ALTA/pl-en-beginner,Polish,beginner,C2,mixed,family,2.0,. Unauthorized downloads and open-text files. Unauthorized downloads and open-text files. Unauthorized downloads and open-text files. Unauthorized downloads and open-text files. Unauthorized downloads and open-text files. Unauthorized downloads and open-text files. Unauthorized downloads and open-text files. Unauthorized downloads and open-text files.Unauthorized downloads and open-text files. Unauthorized downloads and open-text files. Unauthorized downloads and open-text files. Unauthorized downloads and open-text files. Unauthorized downloads and open-text files. Unauthorized downloads and open-text files. Unauthorized downloads and open-text files. Unauthorized downloads and open-text files. Unauthorized downloads and open-text files. Unauthorized downloads and open-text files. Unauthorized downloads and open-text files. Unauthorized downloads and open-text files. Unauthorized downloads and open-text files. Unauthorized downloads and open-text files. Unauthorized downloads and open-text files. Unauthorized downloads and open-text files. Unauthorized downloads and open-text files. Unauthorized downloads and open-text files. Unauthorized downloads and open-text files. Una
RA-ALTA/pl-en-beginner,Polish,beginner,A3,l2t,hobbies,2.0,": A student at the University of Chicago, like a lot of people, is not able to make sense of what is happening. You can begin typing or comment to your own site. In the end you can search for articles, articles, and other ideas.The best way to find out more information is to start with a discussion of the topic. Students will come up with a great deal of information on the topics you can use in your town. Students can also get feedback and help them learn more about the topics.Ask your students to learn about the topics you already have in your town. When to start with an article, the topic is very important. Ask your students to make a list of topics that are about your town.Ask your students to write a list of topics. Students can read, write, write, and comment on any topics you wish to read. Students can also read and comment on any topics you wish to read.Ask your students to find out what you like in your local newspaper. The topic with which you do you learn is a topic. For example, if you are reading a newspaper, ask your students to write a list of topics you wish to read. A list of topics you have not been reading a newspaper. Students can write a list of topics. Also, you can use one of these topics to create a list of topics that are about your town.Ask your students to write a list of topics in your town. Students can start"
RA-ALTA/pl-en-beginner,Polish,beginner,B3,l2t,holiday,2.0,". #### #Save the Story:#Lesson:#How to Write a Day:#Show:#Save a time to do something about your own, such as:#Save the Story:#Show:#Save the Story:#Show:#Show:#Show:#Show:#Show:#Show:#Show:#Show:#Show:#Show:#Show:#Show:#Show:#Show:#Show:#Show:#Show:#Show:#Show:#Shall the story:#Show:#Show:#Show:#Show:#Show:Show:Show:#Show:#Show:Show:Show:#Show:#Show:Show:Show:Show:Show:Show:Show:Show:Show:Show:Show:Show:Show:Show:Show:Show:Show:Show:Show:Show:Show:Show:Show:Show:Show:Show:Show:Show:Show:Show:Show:Show:Show:Show:Show:Show:Show:Show:Tell"
RA-ALTA/pl-en-beginner,Polish,beginner,C3,l2t,family,2.0,"## ## ############################Can you find a good article about a family? If you think of a family, you can find a helpful article about your family. Help them find a good article about your family. You can use it to help your friends. For more information please see the article How to Read the Writing Room: The Art of the Art of the Art of the Art of the Art of the Art of the Art of the Art of the Art of the Art of the Art of the Art of the Art of the Art of the Art of the Art of the Art of the Art of the Art of the Art of the Art of the Art of the Art of the Art of the Art of the Art of the Art of the Art of the Art of the Art of the Art of the Art of the Art of the Art of the Art of the Art of the Art of the Art of the Art of the Art of the Art of the Art of the Art of the Art of the Art of the Art of the Art of the Art of the Art of the Art of the Art of the Art of the Art of the Art of the Art of the Art of the Art of the Art of the Art of the Art of the Art of the Art of the Art of the Art of the Art of the Art of the Art of the Art of the Art of the"
RA-ALTA/pl-en-intermediate,Polish,intermediate,A1,basic,hobbies,1.0,". You might be able to help you. You might be able to help with the activity. If you are thinking about getting a response, you might want to help your school or community. See how you might be able to help.Please help. Learn how you can help. Get the best to be honest and you can try to keep track of your progress.Your family is a good place to start, to start, and to begin. You can also help you in the long run and to start. When the teacher tells you to have a homework assignment, it's easy for you to get ready for homework.- Take a break from the math problem. You can tell you to have a positive attitude to read, even if you don't know what you're saying.- Ask your teacher to tell you how you're going to write. You can help you quickly or help you in the long run.- Take long term homework, such as homework assignments. If the teacher says you've got a homework assignment you can give them. You can help you quickly.- Bring up the homework. If the teacher says you have a homework assignment you can give them.- Give students a time to read the test.- Bring up all the homework you're going to give. Ask your teacher how much you want to be able to do in the long run and how much you want to work in the short run. You can help your teacher to write down the questions about the assignments."
RA-ALTA/pl-en-intermediate,Polish,intermediate,B1,basic,holiday,1.0,### ### ### # ### ### ##### ##### ### ####### ####### ####### #########################################################################################################################################################################################################################################################################################################################################################################################################################################################################################################################################################
RA-ALTA/pl-en-intermediate,Polish,intermediate,C1,basic,family,1.0,#picture #future #evolution #revolution #revolution #revolution #revolution #revolution #revolution #revolution #revolution #revolution #revolution #revolution #revolution #revolution #revolution #revolution #revolution #revolution #revolution #revolution #revolution #revolution #revolution #revolution #revolution #revolution #revolution #revolution #revolution #revolution #revolution #revolution #revolution #revolution #revolution #revolution #revolution #revolution #revolution #revolution #revolution #revolution #revolution #revolution #revolution #revolution #revolution #revolution #revolution #revolution #revolution #revolution #revolution #revolution #revolution #revolution #revolution #revolution #revolution #revolution #revolution #revolution #revolution #revolution #revolution #revolution #revolution #revolution #revolution #revolution #revolution #revolution #revolution #revolution #revolution #revolution #revolution #revolution #revolution #revolution #revolution #revolution #revolution #revolution #revolution #revolution #revolution #revolution #revolution #revolution #revolution #revolution #revolution #revolution #revolution #revolution #revolution #re
RA-ALTA/pl-en-intermediate,Polish,intermediate,A2,mixed,hobbies,1.0,": You may be asked to help you find a new newspaper. Write an article to the local newspaper. If you are a local, ask for an article for your town. If you are an administrator, ask for an article to the local newspaper. If you are an administrator, ask for an article. If you are a local, ask for an article to the local newspaper. If you are a local, ask for an article to the local newspaper. The newspaper is a newspaper that has been published. It has been published since the early 1990s. You will find out more about the things you are doing in your town.What is the effect of the impact of the city's economy on the local economy?Cyclic: The impact of this economic growth on the local economy is significant. It is a major factor in the success of the economy as well as the development of the local economy. The effect of this growth on the local economy is a serious one. The impact of the economy on the local economy is a serious one. In contrast, the effects of the growth on the local economy are a serious one. This is due to the fact that this effect is likely to produce a dramatic fall in the number of people living in the city. The impact of the growth on the local economy is an obvious one. The growth of the local economy is a serious one. The impact of the growth on the local economy is a serious one. If the impact of the growth on"
RA-ALTA/pl-en-intermediate,Polish,intermediate,B2,mixed,holiday,1.0,· ###### ###### #### #### #### #### #### #### ###### #### ###### #### #### #### #### #### #### #### #### #### #### #### #### #### #### #### #### #### #### #### #### #### #### #### #### #### #### #### #### #### #### #### #### #### #### #### #### #### #### #### #### #### #### #### #### #### #### #### #### #### #### #### #### #### #### #### #### #### #### #### #### #### #### #### #### #### #### #### #### #### #### #### #### #### #### #### #### #### #### #### #### #### #### #### #### #### #### #### #
RA-ALTA/pl-en-intermediate,Polish,intermediate,C2,mixed,family,1.0,"#Have comments on this entry.Subjects are designed to help you identify a specific topic, and then provide a brief explanation. We have prepared a list of items that you want to find, and then we have chosen some of these. Please write about any questions you may have regarding them in the comments section. You can also use the search engines to locate a specific topic, or go to our website, the National Geographic Society.The National Geographic Society provides a wealth of information about the people of the United States and the people of the United States. These information are useful in genealogical research, and can help you determine what you are looking for. The National Geographic Society offers a list of resources and information about the people of the United States.You can find the following resources:The National Geographic Society is a nonprofit organization that helps individuals and organizations research the history of America. Their goals include researching the history of civilization from the earliest history of the United States to the present. They provide valuable information on the history of the United States, and the history of the United States. The National Geographic Society provides an excellent list of resources and information about the history of the United States. The National Geographic Society is a nonprofit that helps individuals and organizations research the history of America. You can also find out more about the history of the United States, and can search the archives and other resources at the National Geographic Society.What made you want to look up ""National Geographic Society""? Please share what surprised"
RA-ALTA/pl-en-intermediate,Polish,intermediate,A3,l2t,hobbies,1.0,". A report or memo. What kind of help is your town and career planning? Find out how to help your town and career planning, how to get involved, and how to do it. Learn how to prepare for the next day's vacation.How to prepare for the next day's vacation. You also can find out what kind of help is your town and career planning. Learn how to prepare for the next day's vacation. Learn about how to prepare for the next day's vacation. Learn about how to prepare for the next day's vacation.Learn More about a local newspaper and an article for your local newspaper. Ask your town how you can prepare for your town and career planning. Learn about the events you have set out to prepare for the last day's vacation. Learn about where you are going. Learn about how to prepare for the next day's vacation. Learn about the events you have set up to prepare for the next day's vacation. Learn about how to prepare for the next day's vacation. Learn about the events you have set up to prepare for the next day's vacation. Learn about the events you have set up to prepare for the next day's vacation. Learn about the events you have set up to prepare for the next day's vacation. Learn about how to prepare for the next weekend's vacation. Learn about how to prepare for the next day's vacation. Learn about how to prepare"
RA-ALTA/pl-en-intermediate,Polish,intermediate,B3,l2t,holiday,1.0,###### # #### ###### #### #### #### #### #### #### #### ###### ###### #### #### #### #### #### #### #### #### #### #### #### #### #### #### #### #### #### #### #### #### #### #### #### #### #### #### #### #### #### #### #### #### #### #### #### #### #### #### #### #### #### #### #### #### #### #### #### #### #### #### #### #### #### #### #### #### #### #### #### #### #### #### #### #### #### #### #### #### #### #### #### #### #### #### #### #### #### #### #### #### #### #### #### #### ###### ####
RA-ALTA/pl-en-intermediate,Polish,intermediate,C3,l2t,family,1.0,", the power of information. What does the word 'self' mean? What is the word 'self' mean? What is the meaning of 'self' mean? How can you tell if you have a hard time knowing the meaning of 'self' and 'self' mean? In English, the term 'self' refers to the concept of 'self' and 'self' which is a term used to describe a particular concept, or 'self' to refer to one of several topics. But the term 'self' in English is very different from 'self' in English.The term 'self' is usually used to describe 'self' which is a simple term referring to the concept of 'self' and 'self' which is the same as 'self' and 'self' in English. The word 'self' is used to describe 'self' which is the same as 'self' and 'self' which is the same as 'self' and 'self' which is the same as 'self' and 'self' which is the same as 'self' and 'self' which is the same as 'self' and 'self' which is what is the same as 'self' and 'self' which is the same as 'self' and 'self' which is the same as 'self' or 'self' which is the same as 'self' and 'self' which is the same as 'self' and 'self' which is the"
RA-ALTA/pl-en-intermediate,Polish,intermediate,A1,basic,hobbies,2.0,"– a new activity in your town. Your town would want to encourage discussion about how to make people feel comfortable with the activity. What are the advantages of a radio station? What should your town like to do during the end of the summer? What will you do in your town? What should you do in your town? Do you like to do in your town? You can do so in your town. The best way to teach students to use a radio station is to play a computer program. You can do these things in your town before you start. If you have no problem you can start and end up with a radio station. This is a very important piece of information. The radio station has a radio station that is fairly easy to use. You can also teach your students how to use radio stations in your town. You can also teach your students how to use radio stations in your town. You can also help them understand how to use radio stations in your town.What is the significance of a radio station?If you know what to do during the summer months, you can start your radio station. You can start on a radio station with your local radio station. You can be sure to teach your students how to do things in your town. Make sure you know how to use radio stations in your town. If you know how to use radio stations in your town, you can encourage them to do things in your town.I'm always going to give you an idea of how"
RA-ALTA/pl-en-intermediate,Polish,intermediate,B1,basic,holiday,2.0,".info: If you like this post, please email me. Comments may be sent to firstname.lastname@example.org. I would love to try and comment on these blog posts. Thank you. I would love to share with you the opportunity to comment and help you make more sense of your favourite holiday and more important. You should have a fun time and I would love to be happy and helpful to have a sense of how to spend time. Have a look at my blog or make a suggestion for a new holiday or holiday. If you like this post, please send me a question to email@example.com. I will give you a copy of my newsletter as soon as possible. I would like to comment on the blog for the next 30 days with a total of 12 more emails. Thank you!This blog was written by Carolus, a school teacher at the University of Georgia and a book about Christmas and Christmas. The book is for teachers, parents, and teachers, because it is the most important book I have ever written, and I'm on it to be happy and happy with it. I have read it in very basic and simple terms, and I think it will be a fantastic time to discuss and comment about the holidays. I've had a great time to write a short, quick, and easy-to-read book on Christmas, so I can thank you. I'm on it, and I'm on it. I see it"
RA-ALTA/pl-en-intermediate,Polish,intermediate,C1,basic,family,2.0,– #### #### #### #### #### #### #### #### ###### #### #### #### #### #### #### #### #### #### #### #### #### #### #### #### #### #### #### #### #### #### #### #### #### #### #### #### #### ##### #### #### #### #### #### #### #### #### #### #### #### #### #### #### #### #### #### #### #### #### #### #### #### #### #### #### #### #### #### #### #### #### #### #### #### #### #### #### #### #### #### #### #### #### #### #### #### #### #### #### #### #### #### #### ##### #### #### #### #### #### ###
RA-ALTA/pl-en-intermediate,Polish,intermediate,A2,mixed,hobbies,2.0,"@Sunday, an online resource for writing.# #### #### #### #### #### #### #### #### #### #### #### #### #### #### ###### #### #### #### #### #### #### #### #### #### #### #### #### #### #### #### #### #### #### #### #### #### #### #### #### #### #### #### #### #### #### #### #### #### #### #### #### #### #### #### #### #### #### #### #### #### #### #### #### #### #### #### #### #### #### #### #### #### #### #### #### #### #### #### #### #### #### #### #### #### #### #### #### #### #### #### #### #### #### #### #### ###"
RA-ALTA/pl-en-intermediate,Polish,intermediate,B2,mixed,holiday,2.0,":Wiktor Wilhelma, a former tutor of the new teachers, recently published a book that contains the latest research on the topic of ""Did You Know?"", which he wrote about. She wrote about the importance of providing a framework for the future of the classroom. She wrote about the importance of helping children with the difficult problems of math and mathematics. She also wrote about the importance of helping students with homework for everyday tasks. She wrote about the importance of helping students with homework for everyday tasks and how to use it. It says, ""We teach a lot about homework. We teach a lot about how to do math, and how to do math."" She wrote about how to start a good math class, and how to use it. She wrote about how to start a good math class. She wrote about how to start a good math class, and how to work with the students. She wrote about the importance of helping students with homework for everyday tasks and how to use it.This book is an excellent resource for teachers and parents. Some of the latest research projects have been developed for many years, but many of them have been completed. The book also contains some ideas, ideas and ideas. The book is intended for teachers and parents to help improve their child's behavior, make fun and make friends. As a whole, this book provides a great first-hand account of how to start a good math class. It can be adapted for classroom use. This book provides"
RA-ALTA/pl-en-intermediate,Polish,intermediate,C2,mixed,family,2.0,- Page 3 - Page 4 - Page 5 - Page 6 - Page 7 - Page 9 - Page 14 - Page 15 - Page 16 - Page 19 - Page 29 - Page 29 - Page 31 - Page 31 - Page 36 - Page 31 - Page 38 - Page 39 - Page 34 - Page 39 - Page 39 - Page 40 - Page 40 - Page 40 - Page 42 - Page 48 - Page 49 - Page 48 - Page 48 - Page 48 - Page 48 - Page 49 - Page 49 - Page 49 - Page 49 - Page 49 - Page 49 - Page 49 - Page 49 - Page 49 - Page 49 - Page 49 - Page 49 - Page 49 - Page 49 - Page 49 - Page 49 - Page 49 - Page 54 - Page 49 - Page 49 - Page 55 - Page 55 - Page 59 - Page 64 - Page 67 - Page 67 - Page 67 - Page 69 - Page 69 - Page 67 - Page 67 - Page 67 - Page 67 - Page 67 - Page 68 - Page 67 - Page 67 - Page 67 - Page 67 - Page 67 - Page 67 - Page 67 - Page 67 - Page 67 - Page 67 - Page 67 - Page 67 - Page 67 - Page 68 - Page 67 - Page 67 - Page 67 - Page 67 - Page 65 - Page 67 - Page 67 - Page 67 - Page 67 - Page 69 - Page 67 - Page 67 - Page 67 - Page 67 - Page 68 - Page 67 - Page 67 - Page 67 - Page 67 - Page 67
RA-ALTA/pl-en-intermediate,Polish,intermediate,A3,l2t,hobbies,2.0,#### The main idea is to write a journal about a city. Show the story of a city. Ask a question and answer the question. Use the words and phrases to answer the question. Ask a question and answer the question. Then answer the question. The question is a story. Ask a question. Ask a question. Ask a question or answer the question. Ask a question in a newspaper. Ask a question. Ask a question. Ask a question. Ask a question. Ask a question. Ask a question in a newspaper. Ask a question. Ask a question in a newspaper. Ask a question in a newspaper. Ask a question in a newspaper. Ask a question in a newspaper. Ask a question in a newspaper. Ask a question in an newspaper. Ask a question in a newspaper. Ask a question in a newspaper. Ask a question in a newspaper. Ask a question in a newspaper. Ask a question in a newspaper. Ask a question in a newspaper. Ask a question in a newspaper. Ask a question in a newspaper. Ask a question in a newspaper. Ask a question in a newspaper. Ask a question in a newspaper. Ask a question in a newspaper. Ask a question in a newspaper. Ask a question in a newspaper. Ask a question in a newspaper. Ask a question in a newspaper. Ask a question in a newspaper. Ask a question in a newspaper. Ask a question in a newspaper. Ask a question in a newspaper. Ask a question in a
RA-ALTA/pl-en-intermediate,Polish,intermediate,B3,l2t,holiday,2.0,#### ## #### #### #### #### ###### #### #### #### #### #### #### #### #### #### #### #### #### #### #### #### #### #### #### #### #### #### ####### #### #### #### #### #### #### #### #### #### #### #### #### #### #### #### #### #### #### #### #### #### #### #### #### #### #### #### #### #### #### #### #### #### #### #### #### #### #### #### #### #### #### #### #### #### #### #### #### #### #### #### #### #### #### #### #### #### #### #### #### #### #### #### #### #### #### #### #### #### #### #
RA-ALTA/pl-en-intermediate,Polish,intermediate,C3,l2t,family,2.0,"for news: The article answers the questions and answers the questions and the answers the questions. You should also include the topic: Homelessness. For more information on social problems you can contact, visit http://www.social-social-social-social-social-social-social-social-social-social-social-social-social-social-social-social-social-social-social-social-social-social-social-social-social-social-social-social-social-social-social-social-social-social-social-social-social-social-social-social-social-social-social-social-social-social-social-social-social-social-social-social-social-social-social-social-social-social-social-social-social-social-social-social-social-social-social-social-social-social-social-social-social-social-social-social-social-social-social-social-social-social-social-social-social-social-social-social-social-social-social-social-social-social-social-social-social-social-social-social-social-social-social-social-social-social-social-social- Social-social-social-social-social-social-social-social-social-social-social-social-social-social-social-social-social-social-social-social-social"
RA-ALTA/pl-en-advanced,Polish,advanced,A1,basic,hobbies,1.0,"# ### To create a site that you want to explore, try:1. Create a map of your town's history.2. Build a wiki-viewer with links to related articles and other resources on your city and the state of Utah.3. Use maps for your school or neighborhood.4. Add photos from your county to your local library (if any).5. Be sure to make sure your town is full of information about specific places and buildings.6. Make your own home page as well as your location.7. Use tools such as webmaster, Facebook and Twitter.8. Share your favorite sites on the Internet with friends.9. Have fun! Find out what works best for your community.10. Take advantage of a free trial process where students are challenged to write their name, address, etc.11. Give yourself time and attention to how you think you're going through the events they've made.12. If it isn't possible to get involved, have them read your book and see why you need it.14. Create your own website.15. Choose a topic that you'd like to share.16. Read all the pages you'll find interestingly.17. What kinds of things might be worth noting?18. In addition to learning something new, ask yourself questions if you really don't know what you're looking for.19. Have children share their thoughts on the topics of gardening.20. For example, some kids would"
RA-ALTA/pl-en-advanced,Polish,advanced,B1,basic,holiday,1.0,"### Topic:What is the answer? What do we think of when we talk about it and why are they so important?- What is the problem with a homework assignment or other assignments in my class?- How can I get out of school?- Why don't I need help with homework?- Why not try new homework?- What will be the best solution for my homework problems?- Is there anything else that you should know if you want them to succeed?- What kinds of homework assignments might look like?- Who may ask me what is the solution?- What resources might I use for different tasks?- What would I find helpful for using this topic?- Which resources might I recommend as a starting point for making a decision?- How many options would I take?- Are there any useful ways to make a decision? If so, how much information was available online?- Did my parents provide instructions for answering questions?How does one approach work?Ask students what strategies they can take to improve their lives. Ask them to draw conclusions from their own experiences and then determine which ones might fit into the lesson plan. Have them decide whether they wanted to go back to life. Ask them if they had better choices at home, school, or school. Do they feel comfortable completing these plans well enough to serve as a substitute for others' needs.- When possible, let them choose who they believe and how they got to live. They also want their friends to"
RA-ALTA/pl-en-advanced,Polish,advanced,C1,basic,family,1.0,"– The answer to this is yes! If the answer was true, please add it to your profile. If the answer is false then check out this article.If the answer has been positive then simply click on the comment button to see what you're looking for. If you don't want to try a response to your own comment, try asking yourself if they are not sure that you would like to say ""My Family"" or ""I'd love my wife"". Then click the comment button again and turn around in your profile to see how much of your personal information you've read from your profile page.This example shows that when choosing a topic, make sure the subject area (in particular the context of your site) has changed. For instance, if the title of the article does change, look at the following:Make sure that there were no changes in your homepage. This may be due to the lack of editing resources you have left behind.For more information about topics related to reading comprehension, go to http://www.gifedictionary.com/wiki/DocumentationIn this tutorial, we will explore how our web pages can become accessible by viewing our online content through our website.The first step in getting started with our Web page is to view our content via the Internet Explorer and use the search engine to find websites that have the same content as our web page. We will also study some other sites. These sites do not give us full"
RA-ALTA/pl-en-advanced,Polish,advanced,A2,mixed,hobbies,1.0,". A community college students should use this activity to help them become more effective citizens, and their local area is a place for the betterment of local communities.Please don't give us any credit cards or leave comments if we have a question about the upcoming school year. See a list of resources on how to prepare. The following are some helpful tips that may help teachers learn how to prepare for new learning experiences with your city.How To Prepare For Students With Autism- If you have trouble answering homework questions like homework, ask what information might be offered to help you get involved in class?- What kind of time was used as homework?- Did you know where to begin working with your classmates?- How many minutes were needed to complete each lesson?What's In Your School About Autism (ASD)?Currently, ASDs involve multiple groups, ranging from 4 to 6 years old. Most schools allow ASDs to occur at specific times during the day. Some families feel it is important to provide early intervention services. Many children develop a wide variety of skills by using an environment conducive to success. This includes talking to parents and other family members, helping them figure out which areas they want to work together, and communicating information through the Internet.Communication Support Programs:Another way that ASDs involve all individuals with ASD, including young adults who need special education while having disabilities is through the contact between their peers and siblings. Each person has a unique set of behaviors"
RA-ALTA/pl-en-advanced,Polish,advanced,B2,mixed,holiday,1.0,"### Parental love:Desperate.com - All About Education | Designed by : Pervasive & Partnerships : Published on April 7th, 2013. | Posted by : Pasteur · Published on July 27, 2012 · Updated by : Pieveo-Style.org| Related Posts||Email Feedback | Site Map Viewer: | Share with us | Email Add a comment | The History of the Civil WarThe history of American political and military politics was first developed in American history until its end during World War I. It was based primarily on one historical event that saw significant changes as well as those which have resulted from colonialism or political change. For example, historians believe that the early years of the nineteenth century were marked by major events leading up to the Great Depression of the twentieth century, including the United States's civil war and its aftermath. Historians, especially those who studied how the war had been fought over America's borders, argued that it served to keep the conflict between the state and the nation together. They believed that the U.S. government and the statesmen knew what happened to the U.K.'s army and were willing to accept it. In fact, they also felt that this ""state"" was an important part of the American Revolution, as they did not want to be the leaders of any government.The historian William Henry Harrison described the phenomenon as a ""national failure"". He noted that many Americans thought"
RA-ALTA/pl-en-advanced,Polish,advanced,C2,mixed,family,1.0,"### Parenting:""I don't know what to do when I want to say that's all we need.""Audience:Increase in on your own experience!Parents often try their best to teach parents how to help them cope with difficult situations. The best way to teach parent skills is by asking questions like ""How can they learn more?"" and ""What are some of these kids going through? How will this be able to get better at school?"" To make an appropriate response, ask students to list the answers and answer any questions they might consider challenging. If it happens, tell them that they're not taught. Then, write down the answer based on what they think is important for them as well. Ask the teacher to explain why they already know something. Ask them if there aren't enough information and then give them instructions. They'll send each other a letter explaining how to use it. Students who find themselves struggling with complex issues may be surprised by the fact that they are unable to work hard to solve. If they can't understand their problems, they may just stop learning because of mistakes.The answer is simple, but easy to understand. It requires two steps – first, it provides good practice; secondly, it lets the student explore his/her situation; thirdly, it helps the child develop its strengths and weaknesses. When one student asks for help from another student, he/she doesn't respond much better than the other. For instance,"
RA-ALTA/pl-en-advanced,Polish,advanced,A3,l2t,hobbies,1.0,"- the teacher who uses the word ""timber"" is going to be able to teach students what they learned in class. The first two words of this paragraph are a simple, but concise, message that will help them remember important concepts like working with small groups, teaching vocabulary, making predictions about how things work, building relationships between families and friends. After reading each sentence, write down one thing or more ideas to keep it easy for both adults and teachers to use when talking about specific situations.The second term is a short story telling the story behind the famous ""Make It Work"", which has become known as ""Writing Your Own Words"". In many ways, writing your own words makes it easier for everyone to read. However, having kids talk to someone else may not help. Read aloud their favorite characters, or share their thoughts on everything from school-age conversations to books. They'll enjoy sharing stories about their family members, friends and relatives, especially where the children have been so often frustrated and upset during the day.Create a lesson plan, including all kinds of questions, such as ""How can I tell my daughter about her life?"" and ""Are she really interested? Are he happy? Is she just doing something that gives me time to think about the topic? What happens if we say, 'Do you know how much money was worth the money?'?"" (You could also explain why a person feels very embarrassed by these items.)For example, let"
RA-ALTA/pl-en-advanced,Polish,advanced,B3,l2t,holiday,1.0,"### #Sexuality:Excessive, happy days with a lot of fun and exciting moments! If you like them, try it out here. I hope this is the most useful way to remember that children love learning. You can always say ""what does my life mean?"" or ""I'm not going to get into trouble."" It's important for parents to know how their child's writing skills are structured by the author's interests. The book also gives kids time to write their own stories about themselves while they're reading. I want to encourage them to read more, because the books will help them learn from what they've learned through reading. The book includes a complete list of great ideas for creating meaningful narratives based on the text. Students might enjoy writing these tales as well as being able to tell their story, but they'll find a few tips that may make it easier for them to understand why.For example, if someone tells me something about the world around us, she could be interested in the past. She would like to give her students a chance to study in class, or at school or college. However, if they were told about a particular area of interest, they'd need to read it back down to other people. There was no room for improvement. So, we do offer some guidance to teachers.- What kinds of activities are appropriate? Do you want to teach a lesson plan? How many lessons each student needs to meet in order to reach his goals"
RA-ALTA/pl-en-advanced,Polish,advanced,C3,l2t,family,1.0,"is important when it comes to reading. If you are a student who likes writing a newspaper, read it carefully. It's important that you use quotation marks to make sure they are correct. Here are some common misconceptions of this topic:- 1. What do I say? 2. How many stories are there? 3. Is there anything wrong with what my students write on the same page? 4. Can my class teach me how to read my favorite books and how to read them? 5. Are there other kinds of questions about spelling? 6. Have someone else come up with something useful? 7. Do not use grammar to explain why these things seem so different than I? 8. Why would a teacher like to give her a list of facts, terms, or sentences to illustrate their own? 10. What does the author suggest? 12. What does he/she say to me? 13. Which makes sense? 14. Which can be used to describe his or her interest in literature? 16. Where did he/she look at literature? 17. Which way was he/she used to think about history? 19. How long did his/her research lead? 20. Why didn't she want to study literature? 21. How much time did he/he find out about medieval history? 22. Did he/she ever wonder where did he/She know of life during World War II? 23. What makes her/his work so unique about life? 25"
RA-ALTA/pl-en-advanced,Polish,advanced,A1,basic,hobbies,2.0,", creativity, language, problem solving, and more! If you are not a registered user of this site, it is recommended that you consult with a registered author and learn how to use the resources provided by our site.If you have any questions about your topic or topic, please contact us on twitter or via e-mail with your name, email address, and/or login. To view an archive of articles from around the world we need to explore new ways of learning the history of technology.The Internet is the science behind social media. Every day, there's a lot of talk about what these technologies may be like. While some scientists might consider a ""big picture"" as an important fact about technology and their applications, others would suggest they could explain why some things actually work better than others. Some researchers believe that computer science might help solve problems faster than others; but others think that computers may make sense when working harder.There are many theories about how online communications affects our lives today. These theories were first studied by researchers at Harvard University, who wanted to find out if a person works hard enough to communicate effectively. The theory was called ""computer programming."" It was later discovered that computers interactively relay messages and other information through communication networks that allow them to communicate without losing anything in order to get together. They also used computers to send messages to distant members of the organization – known as the ""microsoftware industry"".Computer programmers, however, didn't know"
RA-ALTA/pl-en-advanced,Polish,advanced,B1,basic,holiday,2.0,"– This is a great way for teachers to provide information that will help them understand the importance of writing in their students' own words and language skills as they read. It's important to remember that not only do we use a sentence but also communicate with each other's teacher. Students learn by doing this through reading and speaking, writing letters and phrases, using different levels of comprehension.- What is the significance of reading instruction? Read aloud or ask questions. They should be able to answer any question based on their particular subject matter. For example, if someone asks for the answers to the problem, she should give us two suggestions (1) that are unique, such as:1. How can you explain why your child learns best when he/she wants to write down all these things?2. Can you teach students how to think critically about what they know and make mistakes?3. Does it change what they say?4. Is there anything that happened after the test?5. Are there differences between teaching and learning.6. Does it apply to your own lessons?7. Do you have a good idea for some activities?8. What does one lesson plan work for another student?9. Is there something better than another?10. Which classes need more time to prepare?11. What might I want to see if my class meets an opportunity for class discussion?12. Describe the difference between class discussions and classroom discussions.13. How would school leaders decide whether to talk"
RA-ALTA/pl-en-advanced,Polish,advanced,C1,basic,family,2.0,"- ""The best way to keep it safe was to give them some money,"" says Robert Keller, founder of Boca Raton Corporation. If they did not do so, he would be back in business with the company. But if they did, they were allowed to go into their pockets to buy things that might hurt someone else's health.""Please don't let your comments pass this problem by clicking the link on the following page: http://www.biofuels.com/products-and-fuel-premium-factors-of-cropped-diesel-the-same-food-to-produce/Carbon monoxide (CO) has been used extensively in cosmetics as a fuel for many types of consumer products. However, since there are no safety rules regarding these fuels, only the source of the carbon monoxide can cause serious health problems such as heart attacks and strokes. The more common carbon monoxide is stored inside the lungs where oxygen enters through the air through the lungs. This causes breathing difficulties and blood clots. Carbon monoxide is commonly found in people who smoke during their lifetimes, but also may become dangerous when inhaled due to exposure to certain gases like mercury.In addition to being exposed to heavy metals such as lead, cadmium and other metals, carbon monoxide damages lung tissues and organs, causing bronchitis and pneumonia. In fact, high levels of carbon dioxide (NO2), which often occurs at low temperatures during the first few"
RA-ALTA/pl-en-advanced,Polish,advanced,A2,mixed,hobbies,2.0,", #testsday, #exposure and #sound; #thinking; #numeracy; #ancientism; #trylogical, #pseudo-personality, #girls, #message, #historical, #dramatic, #physical, #periodic, #social, #political, #humanity, #literature, #psychology, #variations, #spirituality, #cultural, #mental, #love, #findings, #motivational, #study, #life, #nature, #science, #theory, #emotional, #religion, #research, #borderline, #artography, #culture, #history, #modernity, #selective, #scientific, #technological, #interaction, #politics, #policy, #engineering, #environmental, #natural, #traditional, #economics, #general, &query, #seminar, &conventional, &&nbspCreation, &&nacadio, &&kids, &&query, &&octrination, &&more, &more.html.Widespread use of the word ""teacher"" (or ""teacher"") has been a major focus of research on the use of the term"
RA-ALTA/pl-en-advanced,Polish,advanced,B2,mixed,holiday,2.0,"- a new book on the subject of hypertexting is not your first word, but one that you may be able to share with others.Finding a time limit for words and phrases from a text-only dictionary can help us discover more easily use in the future. If we need to make sure our language is all good enough then our students are likely to learn how to write their own sentences.The author/authored this article said she wants to see what might be happening if he had already learned more than five years ago. He also wrote about her previous activities on the subject. They have written about her personal experiences while reading. After reading the book, she writes ""I'll take my class up here."" This is where she's been talking about her future adventures. When she was young she asked him why he wanted to read. She said, ""Oh, it's so much easier to get into trouble than you could do at any age!"" How did he find out? She thought of writing the sentence correctly by looking at her mind. I don't understand anything until after reading it. It makes sense to think about things like the situation, the importance of being told exactly when and where they came from, or the quality of being treated as though someone else knew them. She says, ""Well, we've got to keep going on because it seems easy to tell people what to do."" Then she replies that. The next step is to try again!""Like"
RA-ALTA/pl-en-advanced,Polish,advanced,C2,mixed,family,2.0,"Please do not use this identifier to add comments and questions to our editors' content. If you are not an author, please log in to post them here. Thank you! A new study suggests that children who were more active than adults (including young people) may be at risk of developing autism spectrum disorders later in life, with their parents having trouble controlling their social interactions.Researchers led by Drs David Frazier, PhD, lead author on the study said that even though children with autism are often vulnerable to learning disabilities such as Down syndrome, they also tend to develop other developmental delays including delayed schoolwork, low self-esteem and impulsivity.In one of those studies, researchers reported that many children diagnosed with autism had difficulty managing their social interaction and communication skills during childhood while they were still at work. The most common causes of autistic development are the fear of being left alone because they can't find out how much time it takes to communicate without actually meeting normal social needs.According to the authors, these findings suggest that early intervention with children with autism may increase autism symptoms within the first few months of life, making it difficult for individuals to learn to make decisions and behave effectively.""When we look at cognitive abilities and behavioral patterns, there has been a lot of research indicating that ASD affects some aspects of cognition,"" says Frazier. ""We found that when people with autism start adapting to their environment, they are less likely to experience any behavioral changes.""This"
RA-ALTA/pl-en-advanced,Polish,advanced,A3,l2t,hobbies,2.0,", #readiness, #reading ability, #reading skills, #reading comprehension, #reading speed, #reading time, #reading skill, #reading memory, #reading language, #writing ability, #literacy skills, #cognitive skills, #language acquisition, #reading abilities, #reading visuals, #reading words, #reading sound levels, #reading vocabulary, #reading word processing, #reading reading comprehension, #testing math skills, #breathing skills, #learning skills, #memory skills, #writing problem solving, #reading grammar, #reading spelling skills, #motivation skills, #matematic competence, #reading writing skills, #curriculum development, #reading level, #reading learning skills, #word problems, #reading milestones, #reading instruction, #reading sentence structure, #reading phonemic awareness, #reading fluency, #reading decoding skills, #readability, #reading confidence, #reading literacy, #reading capacity, #reading goal assessment, #reading practice, #reading a common word, #reading point of view, #reading information, #reading quality, #reading grade level, #readness, #reading knowledge, #reading experience, #reading style, [English], #reading skill level, [English]:[Hands-on] - It's all about reading. But it doesn't mean that every student who reads has some kind of ""book"" that is good. In"
RA-ALTA/pl-en-advanced,Polish,advanced,B3,l2t,holiday,2.0,"- A program that allows students to practice the skills of reasoning and writing with an emotion. The goal is to find a way to solve problems quickly. What other programs might help?The use of this program can be as simple as reading comprehension. In order for teachers to work through it using words such as ""I'm just talking."" You need not have to ask questions or answer specific questions. If they understand what's written, we'll do our best to create our own version of it!This lesson plan was developed by Professor David Dahl, Ph.D., Ph.D.The purpose of the lesson plans is to introduce the following concepts:- Reading Comprehension (EEG) and Comprehension (Critical Thinking Skills).- Learning Strategies (Solution, Recognition, Repairing, Sequencing, Emphasizing, Assessment and Integration).- Writing Comprehension (Structural Reasoning).- Reading Comprehensibility (Graphics Processing).- Teaching Strategies (Computers).- Using the Word Language (Active Writing).- Understanding the meaning of the word words so they know what they are saying.- Developing Vocabulary (Language Arts)- Using the Information Literacy Resource Center (ISP), which uses data from many schools across the world to develop literacy skills. This project will focus on the language arts and vocabulary development strategies used to teach English and Spanish. Students will learn how to read their own sentences and describe themselves in different ways.- Learning"
RA-ALTA/pl-en-advanced,Polish,advanced,C3,l2t,family,2.0,"# #Try to think of this as your friend. If someone tells you that they are good friends, they will be happy and happy. They can tell you that it's okay to say that they do not like them. It seems like there are many other ways to look at these ideas.Looking for tweets for giant tortilla. American Heritage® Dictionary of the English Language, Fourth Edition- n. A plant with leaves and flowers on their surfaces called roots (often rhizomes) having stems that are attached to branches and sometimes covered by hairs; often used as a mulch.Century Dictionary and Cyclopedia- n. The stem of the plant from which a branch grows, usually without any root.GNU Webster's 1913- n. Inferior leaf, leaf, bark, and seed pods.- n. Any of several kinds of plants; mostly evergreen.- n.- A group of woody herbs.- n., The flower of a tree growing in a spring or early summer; a perennial herbaceous plant (usually rhizome).Century Dictionary ibis + ibis- n. One species of plant found only in Canada and northern Europe.Century Webster's 1913 - n. One genus of plant known as Ephylla sp. The name comes from a Greek word meaning ""flower.""Century Websterís 1913 - n° 8'9"" S.S.N.E. - Inferior plant.- n° 12'"
RA-ALTA/tr-en-beginner,Turkish,beginner,A1,basic,hobbies,1.0,"with the help of the local newspaper. Write an article for your local newspaper. Ask questions or suggestions at the end of your journey.### In your town's history, write and write about your town's history. Write a report detailing the experiences of the local newspaper and the events in your town.### You can find an article for your local newspaper. You can find the topic you can do in your town. Ask questions or tips for your local newspaper.### Content:You can use this page to find your city's history. Help you to write the article on your town.### Select your local newspaper and write about the events in your town.### Write your local newspaper. If you have questions or ideas in your town, ask your local newspaper. This is a great way to write a report about your town.### It is a great way to write your local newspaper and write in your town. You can write your local newspaper and write in your town. You can use this page to find your city's history.## For more information about your local newspaper and write about your city's history, click here.### Support your local newspaper and write your local newspaper. It is necessary for all the state and local newspapers to use each of the newspaper and write it on your town. You can also make your local newspaper available on your town. This is a great way to write your local"
RA-ALTA/tr-en-beginner,Turkish,beginner,B1,basic,holiday,1.0,", abusive, unalienable, unalienable, unalienable, unalienable, unalienable, unalienable, unalienable, unalienable, unalienable, unalienable, unalienable, unalienable, unalienable, unalienable, unalienable, unalienable, unalienable, unalienable, unalienable, unalienable, unalienable, unalienable, unalienable, unalienable, unalienable, unalienable, unalienable, unalienable, unalienable, unalienable, unalienable, unalienable, unalienable, unalienable, unalienable, unalienable, unalienable, unalienable, unalienable, unalienable, unalienable, unalienable, unalienable, unalienable, unalienable, unalienable, unalienable, unalienable, unalienable, unalienable, unalienable, unalienable, unalienable, unalienable, unalienable, unalienable, unalienable, unalienable, unalienable, un"
RA-ALTA/tr-en-beginner,Turkish,beginner,C1,basic,family,1.0,"or arrogant. You should be left with your local newspaper to help you find the best way to get your ideas on your topic.## Read the article from a friend. You should not be able to read the article. If you hear the article in your classroom, you are not allowed to read a comment. You are not allowed to read the article. You should not be able to read the article.## Using your local newspaper. You should not have to read the article. You should not be able to read the article. You should not be able to read the article in your classroom. You should not be able to read the article in your classroom. You should not be able to write the article in your classroom.## Read the article in your classroom. You should be able to read the article in your classroom. You should not be able to read the article in your classroom. You should not be able to read the article in your classroom. You should not be able to read the article in your classroom. You should not be able to read the article in your classroom. You should not be able to read the article in your classroom. You should not be able to read the article in your classroom. You should not be able to read the article in your classroom. You should not be able to read the article in your classroom. You should not be able to read the article in your classroom. You should not be able to read the article in your classroom. You"
RA-ALTA/tr-en-beginner,Turkish,beginner,A2,mixed,hobbies,1.0,##############################################################################################################|########################|#######################|############################################|####################################################################|###|############|#######|#
RA-ALTA/tr-en-beginner,Turkish,beginner,B2,mixed,holiday,1.0,. Write your name to your message. Write out your comments. Use your name to send an email to your email.### Using the #############################################################################################################################################################################|############################################|####################################|###############
RA-ALTA/tr-en-beginner,Turkish,beginner,C2,mixed,family,1.0,material is not intended to mean having a big or small family is an endorsement by the National Institute on Social and Political Change.## Content:[House of Journal](A) [Publishers'](Publication date: 2011/06/14)# Use: [House of Journal](Publication date: 2011/06/14)# Use: [House of Journal](Publication date: 2011/06/14)# Use: [House of Journal](Publication date: 2011/06/14)# Use: [House of Journal](Publication date: 2011/06/14)# Use: [House of Journal](Publication date: 2011/06/14)# Use: [House of Journal](Publication date: 2011/06/14)# Use: [House of Journal](Publication date: 2011/06/14)# Use: [House of Journal](Publication date: 2011/06/14)# Use: [House of Journal](Publication date: 2011/06/14)# Use: [House of Journal](Publication date: 2011/06/14)# Use: [House of Journal](Publication date: 2011/06/14)# Use: [House of Journal](Publication date: 2011/05/14)# Use: [H
RA-ALTA/tr-en-beginner,Turkish,beginner,A3,l2t,hobbies,1.0,from the town's history of people' lives. Read the article.### Work: The town's history of people's lives. Read the article.### Students are interested in learning how to use it. Learn an area with the latest information on the local history of people' lives or hobbies. Read the article.### Students are interested in work in the region's history of people's lives. Read the article.### Students are interested in working in the region's history of people's lives. Read this article.###|Read the article||Next||Next||Next||Next|||Read the article||Next||Read the article||Read the article||Next||Read the article||Read the article||Read the article||Read the article||Read the article||Read the article||Read the article||Read the article||Read the article||Read the article||Read the article||Read the article||Read the article||Read the article||Read the article||Read the article||Read the article||Read the article||Read the article||Read the article||Read the article||Read the article||Read the article||Read the article||Read the article||Read the article||Read the article||Read the article||Read the article||Read the article||Read the article||Read the article||Read the article||
RA-ALTA/tr-en-beginner,Turkish,beginner,B3,l2t,holiday,1.0,", but I'm not sure if you're unsure about the holiday, or you're talking about the holidays, but don't want to be sure what you've done.## ## A reply to your friend about the holidays, not just what you've done. Think about how you're thinking about the holidays, not just what you've done. You're not sure what you've done.## For me, what's your ""Have a Day"" to your friend, even if you're looking for Christmas and then you're going to see it.### A comment to your friend about the holidays you've done. ""I'm going to see the holidays, and you're going to see the holidays, and you're going to see what you've done.""### A comment to your friend about Christmas and the holidays, and you're going to see how you've done. You're going to see how you're going to see the Christmas and the holidays, the Christmas and the Christmas.## A comment to your friend about Christmas and the Christmas. ""I'm going to see the holidays, and you're going to see the holidays, and you're going to see the holidays, and you're going to see the holidays, and you're going to see the holidays, and you're going to see the holidays, and you're going to see the holidays, and you're going to see the Christmas and the Christmas.""## A comment to"
RA-ALTA/tr-en-beginner,Turkish,beginner,C3,l2t,family,1.0,", angry, angry, and angry.### Write a report about your family's problem. You should include something you do with your family. You should include those things you know. You should also include them together. You should include your family. You should also include your family. You should also include those things you know. You should also include your family. You should also include them for your family.## Get a comment on this topic. This is a new window on the topic. You can be contacted by the source: http://www.facebook.com/pages/10/16/1465/6/1348-9/#1030608-091.htm##### # # # # # # # # # # # # # # # # # # # # # # # # # # # # # # # # # # # # # # # # # # # # # # # # # # # # # # # # # # # # # # # # # # # # # # # # # # # # # # # # # # # # # # # # # # # # # # # # # # # # # # # # # # # # # # # # # # # # # # # # # # # # # # # # # # # # # # # # # # # # # # # # # # # # # #"
RA-ALTA/tr-en-beginner,Turkish,beginner,A1,basic,hobbies,1.0,". You can make a mistake if the topic is in a different place. You can also explain what the topic will tell you about.### Response: sorry. You can do it and write an article for your local newspaper. You can make a mistake if the topic is in a different place and hobbies. Write an article for your local newspaper. Write an article for your local newspaper. Write an article for your local newspaper. Write a topic for your local newspaper. Write an article for your local newspaper. Write an article for your local newspaper. Write an article for your local newspaper. Write an article for your local newspaper. Write an article for your local newspaper. Write an article for your local newspaper. Write an article for your local newspaper. Write an article for your local newspaper. Write an article for your local newspaper. Write an article for your local newspaper. Ask the site for a more detailed action.### Use the URL to make a wrong answer. If you think you don't have to do so, write a paragraph in the context. The problem is that you don't have to do it again. If you want to do so, write an article for your local newspaper. If you want to do so, write an article for your local newspaper. If you want to do so, write an article for your local newspaper. If you want to do so, write an article for your local newspaper. If you want to do so, write an article for"
RA-ALTA/tr-en-beginner,Turkish,beginner,B1,basic,holiday,1.0,", unobtrusive, unobtrusive, unobtrusive, unobtrusive, unobtrusive, unobtrusive, unobtrusive, unobtrusive, unobtrusive, unobtrusive, unobtrusive, unobtrusive, unobtrusive, unobtrusive, unobtrusive, unobtrusive, unobtrusive, unobtrusive, unobtrusive, unobtrusive, unobtrusive, unobtrusive, unobtrusive, unobtrusive, unobtrusive, unobtrusive, unobtrusive, unobtrusive, unobtrusive, unobtrusive, unobtrusive, unobtrusive, unobtrusive, unobtrusive, unobtrusive, unobtrusive, unobtrusive, unobtrusive, unobtrusive, unobtrusive, unobtrusive, unobtrusive, unobtrusive, unobtrusive, unobtrusive, unobtrusive, unobtrusive, unobtrusive |||© 2006 Y.K.A.M., Inc. |Site Map|||Site Map:||Site Map||Site Map:||Site Map||Site Map:||Site Map||Site Map:||Site Map||Site Map"
RA-ALTA/tr-en-beginner,Turkish,beginner,C1,basic,family,1.0,"by the student. If so, what do you think about your family? The answer will vary.### Discuss the problem. If so, what do you think about your family? The answer should vary.## And that is not what your family needs. For example, if you had a big family or small family, you could see a big family or small family.## What is your family? The answer should vary.## And that is not what your family needs.## And that is not what your family needs.### And that is not what your family needs.### And that is not what your family needs.### And that is not what your family needs.### And that does not change.### And that is not what your family needs.### And that is not what your family needs.### And that is not what your family needs.### And that is not what your family needs.### And that is not what your family needs.### And that is not what your family needs.### The answer should vary. For example, if you had a big family, see what you wanted to do.## And that is not what your family needs.### And that is not what your family needs.### And that is not what your family needs.### And that is not what your family needs."
RA-ALTA/tr-en-beginner,Turkish,beginner,A2,mixed,hobbies,1.0,"on Twitter.## ## School:Social bookmarking and sharing tools:Note: If no author is given, the source is cited instead. Oct. 11, 2004 The University of Arizona, Arizona Department of Commerce, a division of the Texas State Department of Commerce and the Texas Department of Commerce and the Texas Department of Commerce, has been to use the technology to generate and distribute data to the state's economy. The technology has been used as a tool for developing countries and has been developed for years. The technology has been used as a tool for developing countries and makes it possible to develop and distribute data to the state. The technology has also been used as an in-depth and comprehensive tool for developing countries. The technology has been used as a tool for developing countries and has been developed for years, since this has become the world's largest and most recent technology standard. The technology is also used as a tool for developing nations and has been used as a tool for developing countries and has been used as an in-depth tool for developing countries. The technology is used as a tool for developing countries and has been used as a tool for developing countries and has been used as a tool for developing countries and has been used as a tool for developing countries. The technology has been used as a tool for developing countries and has been used as a tool for developing countries and has been used as a tool for developing countries and has been used as a tool for developing countries. The technology has been used as"
RA-ALTA/tr-en-beginner,Turkish,beginner,B2,mixed,holiday,1.0,############################### #########################################################################################################################################||Countless||Countless||Countless||Countless||Countless||Countless||Countless||Countless||Countless||Countless||Countless||Countless||Countless||Countless||Countless||Countless||Countless||Countless||Countless||Countless||Countless||Countless||Countless||Countless||Countless||Countless||Countless||Countless||Countless||Countless||Countless||Countless||Count
RA-ALTA/tr-en-beginner,Turkish,beginner,C2,mixed,family,1.0,", unsanitary, unsanitary, unsanitary, unsanitary, unsanitary, unsanitary, unsanitary, unsanitary, unsanitary, unsanitary, unsanitary, unsanitary, unsanitary, unsanitary, unsanitary, unsanitary, unsanitary, unsanitary, unsanitary, unsanitary, unsanitary, unsanitary, unsanitary, unsanitary, unsanitary, unsanitary, unsanitary, unsanitary, unsanitary, unsanitary, unsanitary, unsanitary, unsanitary, unsanitary, unsanitary, unsanitary, unsanitary, unsanitary, unsanitary, unsanitary, unsanitary, unsanitary, unsanitary, unsanitary, unsanitary, unsanitary, unsanitary, unsanitary, unsamitary, unsamitary, unsamitary, unsamitary, unsamitary, unsamitary, unsamitary, unsamitary, unsamitary, unsamitary, unsamitary, unsamitary, unsamitary, unsamitary, unsamitary, unsamitary, unsamitary, unsamitary, unsamitary, unsamitary, unsamitary, unsamitary, unsamitary, unsamitary, unsamitary, unsamitary, unsamitary"
RA-ALTA/tr-en-beginner,Turkish,beginner,A3,l2t,hobbies,1.0,"for the latest news release posted to the journal article. A student might be able to make a statement about the importance of a student's future. What a student might do if he or she has been writing a statement? I would say, ""What do you say?"" I would say, ""What do you say?"" I would say, ""What do you say?"" I would say, ""What do you say?"" I would say, ""What do you say?"" I could say, ""What do you say?"" I would say, ""What do you say?"" I would say, ""What do you say?"" I would say, ""What do you say?"" I would say, ""What do you say?"" I would say, ""What do you say?"" I would say, ""What do you say?"" I would say, ""What do you say?"" I would say, ""What do you say?"" I would say, ""What do you say?"" I would say, ""What do you say?"" I would say, ""What do you say?"" I would say, ""Why do you say?"" I would say, ""Why do you say?"" I would say, ""Why do you say?"" I would say, ""Why do you say?"" I would say, ""Why do you say?"" I would say, ""What do you say?"" I would say, ""Why do you say?"" I would say, ""Why do you say?"" I would say, """
RA-ALTA/tr-en-beginner,Turkish,beginner,B3,l2t,holiday,1.0,"from the news to the news. Students learn about the holidays and enjoy reading their own words.## # Students: ""Is it really OK to say ""I am going to be here?""### ## Attend to the news to her blog.## ##: You need to be reading your favorite blog.## ##: My friend, Sophia, has emailed you about her old holiday.## ##: My friend: Thank you.# ##: I am going to be here.## #: My friend: Thank you, I am going to be here.## #: I am going to be here.## #: My friend: Thank you, I am going to be here.# #: My friend: Thank you, I am going to be here.# #: My friend: Thank you, I am going to be here.# #: My friend: Thank you, I am going to be here.## #: My friend: Thank you, I am going to be here.# #: My friend: Thank you, I am going to be here.# #: My friend: Thank you, I am going to be here.# #: My friend: Thank you, I am going to be here.# #: My friend: Thank you, I am going to be here.# #: My friend: Thank you, I am going to be here.#"
RA-ALTA/tr-en-beginner,Turkish,beginner,C3,l2t,family,1.0,.Words that are in English.### Response: sorry.Words that are in English.### Response: sorry.Words that are in English.### Response: sorry.Words that are in English.### Response: sorry.Words that are in English.### Response: sorry.Words that are in English.### responses: sorry.Words that are in English.### Response: sorry.Words that are in English.### Response: sorry.Words that are in English.### Response: sorry.Words that are in English.### Response: sorry.Words that are in English.### Response: sorry.Words that are in English.### Response: sorry.Words that are in English.### Response: sorry.Words that are in English.### Response: sorry.Words that are in English.### Response: sorry.Words that are in English.### Response: sorry.Words that are in English.### Response: sorry.Words that are in English.### Response: sorry.Words that are in English.### Response: sorry.Words that are in English.### Response: sorry.Words that are in English.### response: sorry.Words that are in
RA-ALTA/tr-en-intermediate,Turkish,intermediate,A1,basic,hobbies,1.0,", i.e. the student's attitude toward music, so please get the help you need.## This article will tell you some of the resources you need now and then you need to get the help you need.## If you want your students to write a journal that is best for them, you have to use them to work with them for the weekends.## The problem of working with music, music, and music is that you have to be careful when you try to take part in the activity. Let them know you need to get the help you need.# After learning how to write a journal, you can use the material in it to help them learn.## Check the materials for the following words:- What is music?- What is music?- What is music?- What is music?- What is the music?- What is music?- What is musical?- What is music?- What is music?- What is music?- What is music?- What is music?- What is music?- How is music?- What is music?- What is music?- How is music?- What is music?- What is music?- Music is a musical instrument?- What are music pieces?- What is musical instruments?- Music is a musical instrument?- Music is a musical instrument?- Music is a musical instrument. Students will be able to work with each other and participate in the activity."
RA-ALTA/tr-en-intermediate,Turkish,intermediate,B1,basic,holiday,1.0,: the author's comments will be posted to the editor.## Next Page | Email | Email | Email | Email | Email | Email | Email | Email | Email | Email | Email | Email | Email | Email | Email | Email | Email | Email | Email | Email | Email | Email | Email | Email | Email | Email | Email | Email | Email | Email | Email | Email | Email | Email | Email | Email | Email | Email | Email | Email | Email | Email | Email | Email | Email | Email | Email | Email | Email | Email | Email | Email | Email | Email | Email | Email | Email | Email | Email | Email | Email | Email | Email | Email | Email | Email | Email | Email | Email | Email | Email | Email | Email | Email | Email | Email | Email | Email | Email | Email | Email | Email | Email | Email | Email | Email | Email | Email | Email | Email | Email | Email | Email | Email | Email | Email | Email | Email | Email | Email | Email | Email | Email | Email | Email | Email | Email | Email | Email | Email | Email | Email | Email | Email | Email | Email | Email | Email | Email | Email | Email | Email | Email | Email | Email | Email | Email | Email | Email | Email | Email | Email | Email | Email | Email | Email | Email | Email | Email | Email | Email | Email
RA-ALTA/tr-en-intermediate,Turkish,intermediate,C1,basic,family,1.0,"or indented.## It is a question of your own.# If you have an idea about how you think your family, you should use it in writing your own.# This is called 'Big Family or Small Family's question. If you do not want to try to answer these questions, you should write the article in a specific language. You should also have a good idea what to do to clarify your argument.## A simple question of what you are doing.## Write a question about your family. Write a question about your family and your family. You should also have a good idea what to do. If you want to answer the question about your family, you should use it in writing your own.## Read a question about your family. You should also write a question about your family. You should also be able to answer the question about your family.## Read a question about your family.# If you want to be able to answer this question, you should write your own question in a particular language. You should then write the question about your family.## Read a question about your family. You should give your question about your family and your family. You should also be able to answer the question about your family.# If you want to be able to answer the question about your family, you should write your own question in a specific language. You should also be able to answer the question about your family. You should also be able"
RA-ALTA/tr-en-intermediate,Turkish,intermediate,A2,mixed,hobbies,1.0,## # # # # # # # # # # # # # # # # # # # # # # # # # # # # # # # # # # # # # # # # # # # # # # # # # # # # # # # # # # # # # # # # # # # # # # # # # # # # # # # # # # # # # # # # # # # # # # # # # # # # # # # # # # ## # # # # # # # # # # # # # # # # # # # # # # # # # # # # # # # # # # # # # # # # # # # # # # # # # # # # # # # # # # # # # # # # # # # # # # # # # # # # # # # # # # # # # # # # # # # # # # # # # # # # # # # # # # # # # # # # # # # # # # # # # # # # # # # # # # # # # # # # # # # # ## # # # # # # # # # # # # # # # # ## # # # # # # # # # # # # # # # # # # # # # # # # # # # # # #
RA-ALTA/tr-en-intermediate,Turkish,intermediate,B2,mixed,holiday,1.0,"/quoted in her diary, and then write a letter to her.## Comments: sorry you have no problem, you have the time to write an email.## Comments: yes, she was so happy with her.## Comments: yes, she has no problem.## Comments: yes, she has no problem.## Comments: yes, she has no problem.## Comments: yes, she has no problem.## Comments: yes, she has no problem.## Comments: yes, she has no problem.## Comments: yes, she has no problem.## Comments: yes, she has no problem.## Comments: yes, she has no problem.## Comments: yes, she has no problem.## Comments: yes, she has no problem.## Comments: yes, she has no problem.## Comments: yes, she has no problem.## Comments: yes, she has no problem.## Comments: yes, she has no problem.## Comments: yes, she has no problem.## Comments: yes, she has no problem.## Comments: yes, she has no problem.## Comments: yes, she has no problem.## Comments: yes, she has no problem.## Comments: yes, she has no problem.## Comments: yes, she has no problem.## Comments: yes, she has no problem."
RA-ALTA/tr-en-intermediate,Turkish,intermediate,C2,mixed,family,1.0,", confused, confused, and confused, as well as a whole group.## Response: ""Big family or small family..."" ### Response: ""Big family or small family..."" ### Response: ""Big family"" ### Response: ""Big family."" ### Response: ""Big family or small family..."" ### Response: ""Big Family."" ### Response: ""Big Family."" ### Response: ""Big Family."" ### Response: ""Big Family."" ### Response: ""Big Family."" ### Response: ""Big Family."" ### Response: ""Big Family."" ### Response: ""Big Family."" ### Response: ""Big Family."" ### Response: ""Big Family."" ### Response: ""Big Family."" ### Response: ""Big Family."" ### Response: ""Big Family.""### Response: ""Big Family.""### Response: ""Big Family."" ### Response: ""Big Family."" ### Response: ""Big Family."" ### Response: ""Big Family."" ### Response: ""Big Family."" ### Response: ""Big Family.""### Response: ""Big Family."" ### Response: ""Big Family.""### Response: ""Big Family.""### Response: ""Big Family.""### Response: ""Big Family.""### Response: ""Big"
RA-ALTA/tr-en-intermediate,Turkish,intermediate,A3,l2t,hobbies,1.0,": lazy: a joke.## Write a response to your teacher: your teacher says you need help.## Write a response to your teacher and explain your situation.## Get a response to your teacher and explain what your situation will look like.# Give your teacher the best chance to review the information you can take to him or her.## Write a response to your teacher and explain why you should be able to write a response to your child.# Write a response to your teacher and explain why you should be able to write a response to your teacher.## Write a response to your teacher.# Read your teacher and explain why you should be able to write a response to your teacher.# If your teacher has the right questions or has no answer, ask your teacher to ask you.# If your teacher has the right questions, ask your teacher to write a response to your teacher.# If your teacher has the right questions, ask your teacher to write a response to your teacher.# If your teacher has the right questions, ask your teacher to write a response to your teacher.# If your teacher has the right questions, ask your teacher to write a response to your teacher.# If your teacher has the right questions, ask your teacher to write a response to your teacher.# If your teacher has the right questions, ask your teacher to write a response to your teacher.You can help help with this article by writing a response to your teacher. Your"
RA-ALTA/tr-en-intermediate,Turkish,intermediate,B3,l2t,holiday,1.0,", as if you had the opportunity to read the article, please get a closer look at what you might want.## Next: The last time you read the article, you'll see how our friend asked her to get the latest tweets on the subject.## Next: The last time you read the article, you'll see how our friend asked her to get the latest tweets on the subject. You need a strong sense of urgency for your friend's responses to the article.## Next: You've read the article and write a short summary of what you'll find.## Next: You've read the article and write a short summary of what you'll find.## Next: You've read a short summary of what you might find.## Next: You've read the article and write a short summary of what you might find.## Next: You've read the article and write a short summary of what you might find.## Next: You've read the article and write a short summary of what you might find.## Next: You're not going to be reading the article or you're not going to be reading the article.## Next: You've read the article and write a short summary of what you might find.## Next: You're not going to be reading the article or you're not going to be reading the article.## Next"
RA-ALTA/tr-en-intermediate,Turkish,intermediate,C3,l2t,family,1.0,"or awkward. Write a letter to your teacher or a friend. When you are finished, don't want to be too busy.## When I get more than just a few extra letters from each letter. Write a letter to your teacher or a friend. When that's not a big family, leave it somewhere at the end.## When your teacher or a friend has to ask it to do the assignment. Write a letter to your teacher or a friend. Write a letter to the teacher or a friend to your teacher or a friend in your classroom. If that's not a big family, put it in a book that is ""Use your child's teacher or a friend"" to help you read your letter. You may leave to the teacher or a friend to your class. You may leave a book or book that is ""Use your child's teacher or a friend"" to help you read your letter to your teacher or a friend.When you leave a book, write a letter to your teacher or a friend in your classroom. Write a letter to your teacher or a friend in your classroom. You may leave this book or book in your classroom. You may leave this book or book in the classroom. You may leave this book or book in the classroom. You may leave it in your classroom. You may leave it in your classroom. You may leave it in your classroom.You may leave it in your classroom. You may leave it in your"
RA-ALTA/tr-en-intermediate,Turkish,intermediate,A1,basic,hobbies,1.0,", charmed, charmed with the same words, charmed with the same words.## This article was written by Scott D. McAverell and is available at http://www.newspaper.com/articles/15173/#7448.html## This article was written by Scott D. McAverell and is available at http://www.newspaper.com/articles/15173/#8449.html## This article was written by Scott D. McAverell and is available at http://www.newspaper.com/articles/15173/#8449.html## This article was written by Scott D. McAverell and is available at http://www.newspaper.com/articles/15173/#8449.html## This article was written by Scott D. McAverell and is available at http://www.newspaper.com/articles/15173/#8449.html## This article was written by Scott D. McAverell and is available at http://www.newspaper.com/articles/15173/#8449.html## This article was written by Scott D. McAverell and is available at http://www.newspaper.com/articles/15173/#8449.html##"
RA-ALTA/tr-en-intermediate,Turkish,intermediate,B1,basic,holiday,1.0,############################################################################################################################################################################################################################################################################################################
RA-ALTA/tr-en-intermediate,Turkish,intermediate,C1,basic,family,1.0,"! The term 'big family' comes from the Latin word 'big' meaning 'big'. If you have a big family you can write a little about your job, and you should also write a little about your job.Please click on the 'big family' button at the bottom of the page to see how it feels. You will probably have to give you a piece of paper and then to the next page of the article to the next page (note: there are some other things you can do to make sure you don't have enough information to make the article it's written out). This is like a couple of things you can do.## Forums and Families:## Forums and Families:## Forums and Families:## Forums and Families:### Forums and Families:## Forums and Families:## And also forums and Families:## And also forums and Families:## And also forums and Families:## And also forums and Families:## And also forums and Families:## And also forums and Families:## And also forums and Families:## And also forums and Families:## And also forums and Families:## And also forums and Families:## And also also forums and Families:## And also forums and Families:## And also forums and Families:## And also forums"
RA-ALTA/tr-en-intermediate,Turkish,intermediate,A2,mixed,hobbies,1.0,"to the news media.## Related articles:Berna L.P. is a staff writer.P.O. Box 407, San Francisco, CA 94421-6367-2422.The city is the capital of the city and the city of New York. The city is one of the least known towns in the city. The city has the largest city in the world.The city is the largest city in the world. The city is the largest city in the world. The city is the largest city in the world, and the city is the largest city in the world. The city is a major European city. It has a population of about 1,000,000. The city is the largest city in the world.The city is the largest city in the world. The city is the largest city in the world. The city is the largest city in the world, and the city is the largest city in the world. The city is the largest city in the world. The city is the largest city in the world.The city is the largest city in the world. The city is the largest city in the world. The city is the largest city in the world. The city is the largest city in the world. The city is the largest city in the world. The city is the largest city in the world. The city is the largest city in the world.The city is the largest city in the world. The city is the largest"
RA-ALTA/tr-en-intermediate,Turkish,intermediate,B2,mixed,holiday,1.0,", shorthand, smear, shorthand, tumblr, tumblr, tumblr, tumblr, tumblr, tumblr, tumblr, tumblr, tumblr, tumblr, tumblr, tumblr, tumblr, tumblr, tumblr, tumblr, tumblr, tumblr, tumblr, tumblr, tumblr, tumblr, tumblr, tumblr, tumblr, tumblr, tumblr, tumblr, tumblr, Tumblr, tumblr, tumblr, tumblr, tumblr.### ## ###################################################################################################################################################"
RA-ALTA/tr-en-intermediate,Turkish,intermediate,C2,mixed,family,1.0,/albümler: ## # ## # # # ## # # # # # # ## # # # # ## # # # # ## # # # ## # ## # # # # ### # # ## ## ## ## ## # ## ## #### ## ### #### ##### ### ######### ########## ################################################################################################################################################################################################
RA-ALTA/tr-en-intermediate,Turkish,intermediate,A3,l2t,hobbies,1.0,"students in the UK. Ask them to speak out loudly to the local media, but they do not know what it is, and the media is trying to talk about it. Ask them to write an article for each group and tell them what they are doing.If you can't find an article, write them to and write them in English, and write them off and write them back and forth. Ask them to write a comment. They should be able to write a report.You can also write to your local newspaper, but you can be able to find more articles. Ask them to write a brief summary of the article, but they can't be able to write a news article.You can also write to the local newspaper or newspaper to discuss the article. Ask them to write a news article if they have a question, and they should not be able to write down the article. If they have a question, they may be able to write a new article. If they are unable to write, they may be able to write a news article if they have a question, and they should not be able to write a news article if they have a question, and they should not be able to write a news article if they have a question, and they should not be able to write a news article if they have a question.The best way to write a news article is to tell the truth about what it is and what it is. If you have a question, you should"
RA-ALTA/tr-en-intermediate,Turkish,intermediate,B3,l2t,holiday,1.0,.## What is the value of the product? What is the product? What is the product? How do I get it? Where did the product come from?## Response: I hope you will be able to make it from a high quality product.## Response: I hope that you will be able to make it from a high quality product. You will be able to make it from a low quality product.## Response: You will be able to make it from a high quality product. You will be able to make it from a high quality product.## Response: You will be able to make it from a low quality product. You will be able to make it from a low quality product. You will be able to make it from a low quality product.## Response: You will be able to make it from a low quality product. You will be able to make it from a low quality product.## Response: You will be able to make it from a low quality product. You will be able to make it from a low quality product. You will be able to make it from a low quality product. You will be able to make it from a low quality product. You will be able to make it from a low quality product.## Response: You will be able to create a low quality product in your new product.## Response: You will be able to create a low quality product. You will be able to create a low
RA-ALTA/tr-en-intermediate,Turkish,intermediate,C3,l2t,family,1.0,", paused, and paused.# ## What is our daily routine?## Your response to that question.## How do I get that message?## What does it mean to be happy?## What is our daily routine?## How do I get that message?## What is our daily routine?## How do I get that message?## What is our daily routine?## How long is this routine?## How do we get that message?## What is the daily routine of the day?## How do I get that message?## What is the daily routine of the day?## How do I get that message?## How do I get that message?## How do I get that message?## Why are we going to help them?## What is our daily routine?## How do I get that message?## What is our daily routine?## What is our daily routine?## How do I get that message?## What is our daily routine?## What is our daily routine?## Describe the daily routine of the day.## How do I get that message?## How do I get that message?## How do I get that message?## What are the holidays and holidays that I don't know about?## What is the daily routine of the day?## What does the"
RA-ALTA/tr-en-advanced,Turkish,advanced,A1,basic,hobbies,1.0,", by a few minutes or so ago. You'll learn how to respond to the problem. Your family will have a hard time understanding what works best with your job and the situation that needs to be addressed when it comes to learning more about your work. There are many ways of doing this - it's easy to create a program where everything is written. The most common approach is to use simple letters from the alphabet as well as the letter numbers (and even some other number). For example, a word list has several letters. To make this easier, write a sentence with a numbered line, such as ""This is going to help me understand."" This way does not mean they've learned something new every day. But there's another option. Here are the tips I developed during my PhD-level class.First, let's start by adding a single letter to each unit! Let's go through all of these steps to get started. First, we want a whole array of words to fit together to show the structure of our vocabulary. Next, we should add two letters for each type of sentence. We need one letter for each type. Now we're saying ""I'm writing it on the floor!"" Then we put up three letters in each group, then we say ""It was a big boy,"" but now we can say ""You really got it out!"" That means that if you write down one letter into a five-letter, you might just write down the other half of the second"
RA-ALTA/tr-en-advanced,Turkish,advanced,B1,basic,holiday,1.0,", hingespans, dumbbells, and a few others are always welcome for this week's celebration of the holidays in this month. You may also need to keep up with a comment or ask questions to help us answer these questions. We'll be able to give some tips as we review the comments below!Please note that some ideas can be found at our website:- What is ""The Day"" in History?- How does history relate to the time period?- What kind of things did people like Columbus go by?- Why do American citizens celebrate the day when they were born?- Why did Americans celebrate the day after Columbus?- Who is the inventor who invented the steam engine?- Are there any other inventions in this country today? If so, what will it take to become a ""the-hour""?- Which type of technological change was made possible during World War II?- What is the origin of the word ""the-day?"" (Search Engine)Created November 2012by Brian StarrThis article originally appeared in The New York Times on January 28, 2013.Authors & editors:NASA Technical Rep.: Jay Norris, M.D., A. Paius, E.B. Duarte, S.J. Vogtner, J.-M. Bhattacharya, R.H. Marin, D.S. Shackleton, and G.E. Jackson, eds. NASA/"
RA-ALTA/tr-en-advanced,Turkish,advanced,C1,basic,family,1.0,"from the page of this book to a comment on how to respond with the story. It's all good news that has been written by people who are not familiar with their topic. I feel like it sounds silly but it can be hard to imagine what they say. They might want to write a short story on a piece of paper, but if they think they would write a long story at hand, they could do better in writing than when they were asked. For example, if we had a child who was born after the age of three (after having already developed asthma), then she wouldn't get a little help from her doctor until she got out there. If we wanted to make sure we did something new during childhood that didn't change before our parents arrived home. There is also one very important reason why these children became more susceptible to chronic diseases like diabetes and heart disease. Children often suffer from poor nutrition, poor diet, inadequate physical exercise, lack of social support, and high school level conditions such as high cholesterol. Kids don't always need nutritional supplements, so many of us don't need vitamins anymore. Some kids will never eat enough fiber and other essential nutrients that will protect them against cancer, cardiovascular problems and even death. But they may still enjoy eating healthy foods and fruits and vegetables. The best way to help prevent health problems is through dietary changes. We can help reduce the risk of developing cancers in children, especially those who develop breast-cancer. A variety"
RA-ALTA/tr-en-advanced,Turkish,advanced,A2,mixed,hobbies,1.0,"; to be a victim of a threat or threat...||< Prev||Next >| Next >| A man named Henry Ford was born on October 7th, 1892 in New York City, NY. He is one of three children who have died at age 80. His father's name was James Coke.His mother's name is Mary Ann Cooper, and his mother's daughter Elizabeth Cooper, son of a wealthy family of immigrants from South Carolina.Federal government officials said that two men are killed by gunshot wounds when they were shot through the skin with a bullet. But their deaths did not appear until July 1st, 2012.The law requires the death penalty for any person convicted of war crimes. The federal Civil Liberties Union and other state agencies issued rules prohibiting gun killing as well.The American Antiquity Commission also issued orders indicating whether firearms are fired against civilians.Congressman John F. Kennedy said he would like to hear about this law. ""He will say 'Oh yes,'"" Kennedy said.There were no laws governing guns or weapons firing, but there was no way to enforce them. ""The law does not apply to guns,"" he said.Few people considered guns were found guilty of murdering those involved. There was also no evidence to support it. In 2008, after several years of investigation, more than 200 cases of armoured assault were filed.In 2009, about half of all firearms dropped by armed forces during the Vietnam"
RA-ALTA/tr-en-advanced,Turkish,advanced,B2,mixed,holiday,1.0,":I was thinking of the day that I had been in my classroom for a week ago and we were lucky enough to be able to read it on a shelf. There's so much stuff here that I can't find myself. We got all the information from her first book, but she doesn't have anything to do with her own books. She then writes about it, just like you've already done this because you are right at school. It's very important not to remember any things they're reading. When your mother arrives back from home, she says he'll start by telling them that she would take her seat belt when the sun is shining, and go out into the car park with his dad (and his mom) who will give him back. The car driver must tell them how far away he should look and what time it takes to get there. You know, that's where we see a lot more people than ever before. They didn't need someone else to explain. Just don't think that. And the reason why they did the story is that if they hadn't seen one, it wasn't something they wanted. So she said, ""We want to hear our kids talk about the way we talked about ourselves."" This happened during World War II, which means that children could never have been told how bad their world would happen. That wasn't the case, since many young people say that if they were going to come up with some sort of thing or other idea, that"
RA-ALTA/tr-en-advanced,Turkish,advanced,C2,mixed,family,1.0,"; and if you can't find out how to respond with this message, you'll receive it from your local library (or your private home). If you're interested in any questions, contact us at firstname.lastname@example.org.## Contact Us: @Talker Subject: ""I've got one of my favorite books I was looking into, but I'm not sure what they were written."" It's also helpful when we look up these other things as well, so please don't hesitate to let me know why.|This section needs additional citations for verification. (April 2010)|The National Library of Medicine has developed an online medical dictionary that provides information about diseases that may be more common than previously thought. This article describes the research on the topic. The current version of this article is available under the title The New York State University Medical Dictionary.Learn More About NIH Clinical TrialsMolecular Biology Laboratory, Inc., is a division of the U.S. Department of Health and Human Services. He currently works with investigators in genetics, biochemistry, and biomedical engineering to examine human health systems through clinical trials. He is also working with collaborators in neuroscience and animal sciences, biology, and medicine, and computer science. His work focuses primarily on molecular biology. In addition to his lab studies, he received several awards for research grants including the NIH-funded Science Foundation Fellowship Grant. He is currently completing his Ph.D. from Cornell University.What Is Maternal H"
RA-ALTA/tr-en-advanced,Turkish,advanced,A3,l2t,hobbies,1.0,"and not a single word. What is it? Is there anything we don't understand about this? Well, if I were able to say ""I'm a little girlfriend"", then what would I be thinking of doing that? It's also true. When she was asked how many words were there on her list or in English, she had been told how many words was there. She had probably gotten around with that message; but the sentence did not fit all these rules until she could get up on the topic.The story goes back to the beginning of our journey through Europe. If she does something like this, he will start by asking questions before they have answered. In other words, the author says, 'Oh, now!' It's not really so simple enough, because she knows it from time to time, as long as she doesn't know what is going on'. She has worked over five years and most of those skills are gone by, so that she's actually ready to play, so that her own body language skills are not lost.'""Have you ever seen this book in public?"" asks her. The narrator asks that when she comes home, he sees a woman. There is no way she might find herself. And there's nothing wrong with him,"" she said.Mr. Hogarth was one of the boys who came out of London during the Civil War. He was a German soldier.He went into hiding in an apartment where his mother died and"
RA-ALTA/tr-en-advanced,Turkish,advanced,B3,l2t,holiday,1.0,", e-mails, and so forth...What is the difference between what a student's teacher calls ""the child"" and how it differs from another person? How do we find out if someone is correct or incorrect? What does this mean when people say ""what are they?"" and why are some students not saying that one person will be wrong or wrong? Explain the answers and explain them.1) Ask a question (a) What kind of problem was the topic for this class?2) Discuss the different types of problems the student asked to answer.3) Describe how the differences were made.4) Which type of solution was the best approach?5) Describe the purpose of the problem.6) Why did he/she choose to solve this problem?7) Does the student want to solve this task?8) Is there anything else necessary to solve this project?9) Has any problems related to these questions changed after each lesson?10) Is the group willing to work with a partner who might be able to solve this challenge?11) What is the purpose of their homework assignment?12) If so, what tasks would I like to make?13) When would I ask my child, ""Do you think I can improve the day by doing something new?""14) What should I do next?""15) Will I change my schedule?16) Can I turn my attention away from this discussion?17) Can I leave room at home?18) Did I"
RA-ALTA/tr-en-advanced,Turkish,advanced,C3,l2t,family,1.0,"by reading this article on what I said about my father's story of two young sons. What are their stories?I am not alone. In fact, there's nothing wrong with it. If they were to say ""Believe me, what do you think?"" That would be very surprising if I didn't understand them. I thought that was how we were discussing our father's story. And so, then I did a quick and easy way of thinking about why it came up because it wasn't really just the one that looked like the other person who told him what he had been doing. We all saw it as part of what happened. So, that is where the story came from.""In a more advanced stage of writing, students will use a word search engine called the Bingo dictionary (the Search Engine). They can create links between words within the same sentence at the same time without having to choose their own sentences. For example, if a sentence has two people, we could add a different meaning when each child says they'd write the words of the past tense. Then they can use both words at the same moment. The search engines can also help make sense of names such as a person named, but these searches are often done using the Internet. There are also several types of queries, including email addresses, email address, etc. Sometimes the computer has multiple users. Some people need only access to the internet. This may take some time. It takes many"
RA-ALTA/tr-en-advanced,Turkish,advanced,A1,basic,hobbies,2.0,", I think it's important that everyone understand what is happening with these events so they will be able to make some changes as well. If someone says something happened, ask them questions about their condition and why he or she was a kid who has been working on this project.## What are the reasons why my family has worked out when we moved from one place to another? And how did they know when they were going to get together? How many days after our meeting ended? What role did they play during those times of the day?What is the role played by these groups? Are there any specific ways each group interacts with each other through shared experiences? What roles might they play during these conversations? Do they have any ideas about themselves and others? What types of actions would they share? Why? For example, if we wanted to build a relationship between two people (such as one person) then we could create a relationship between three people (such like one person), but not all of us can see it happen once we act. What happens when we come up with a positive idea? When I say ""my friend"" it comes down to me saying ""I want a guy."" It means that I need to move forward before I go back into my life, even though we had no idea where to look. We also got to call it ""the friend"". Isn't that hard? You should expect people to sit around and talk again while talking. Some members of the"
RA-ALTA/tr-en-advanced,Turkish,advanced,B1,basic,holiday,2.0,"for the sake of our country and its people. The fact that she was a woman with a history of courage and respect is important in both today's society and as we know it, especially when one considers a person who is not respected by others; he is not at all sure what they are. She is also known for his role playing and holding a hand on the shoulders of a man who was a young man but no older than her husband or grandchild. Her mother, even though she seems to be very much younger, had more children than her father, and most probably her family were from Europe. They lived in Germany, Italy, France, Switzerland, Poland, Hungary, Spain, Lithuania, Hungary, Slovakia, Sweden, Portugal, Ukraine, Cyprus, Slovenes, Finland, Turkey, the Czech Republic, Romania, South Africa and Poland. Her mother and grandmother shared their values in life after World War II and survived the war. For instance, she used books like The Birthday Book and the American Memory Book to illustrate how her grandfather worked under the British Empire (after World War I). Her father made several contributions to the history of education. She did so because she never wanted to get the same kinds of advice during class periods where there was little chance for them to work out for themselves. It was the time between her parents and the father that many times, it was customary for him to go into classes that came together. As a result, however, she started teaching"
RA-ALTA/tr-en-advanced,Turkish,advanced,C1,basic,family,2.0,"from ""My father died in 10 days,"" as it was written by one of my friends and relatives. What do you think? When I say ""I didn't know how to handle the house"" they were referring to their grandfather, who said ""You couldn't understand why you did not need to be there."" Why did he hear such words when he told me that he wanted to ask them if they needed to come up with a solution? They just said to him, ""Well, we went out here for a couple of years to get some help."" He explained to us, ""We had lots of stories about our grandmother but didn't want to go back to school because I wasn't very comfortable at this time."" Now, she said, ""Let's look at it now."" Let's begin with a bit more on that story. She explains, ""It would take a lot of patience and effort to read through the conversations, so it's important that the children talk to themselves."" And then there are two things you can listen to at least until your child has enough information to answer her questions. The first thing to note is that I am happy about the second part of the book. It will tell you what you have heard about the life of my son. That is why I am grateful for his name. He talks about the history of childhood. After all, it's OK, too. So, let's put together my own story"
RA-ALTA/tr-en-advanced,Turkish,advanced,A2,mixed,hobbies,2.0,"/reference/message/textuality-of-the-world/findings of the region is a matter of what happens to them and how they are changed by the same person. When you leave school, it's important that students learn their first language from those who will be taught English at home and work on one another. The lessons, for example, might not be just a fun way to meet all of the different levels of the language spoken by people living with disabilities. Also, it could take as many years for each student to attend a course and then teach speaking skills to children while also attending class or community service. It would seem like someone trying to help each other if she was struggling to find ways to use language throughout her life.Another option is to have groups of two or more speakers to choose between English language learners and speech acquisition units, such as the American Speech Language Association (AAP) in Canada, which has published some of the best standards for reading instruction. They may ask questions about the words they use when learning French, English, Spanish, German, Greek, Hebrew, Polish, Hebrew, Turkish, Russian, Bulgarian, Romanian, Chinese, etc. These languages would probably have been introduced into the language because there were no differences between these speakers and non-English speakers. For instance, ""a small minority"" means ""all but the majority."" So the difference in the number of speakers among a large group is quite striking; we see"
RA-ALTA/tr-en-advanced,Turkish,advanced,B2,mixed,holiday,2.0,"on the table of contents, as well as the words that are used in each letter and word, which can be found at any time. For example, I have given a book ""A History of Modern America"", written for me by John Clive Stanton. The following is excerpts from my previous article (in Spanish)...Take note of this quote (see below). It's not worth it!I'm not sure what your next assignment was. What would you do if you were a friend? If someone else had something like that, why did you say ""I'd do it?"" or said ""I didn't want to go back here""? Or, even more important, how could people try to figure out what they wanted to do? You know that most of us don't know how much we spend our lives. But you have no idea who we spend ourselves. I mean, though; we're living up to the point where we should take responsibility for our future. And because we've been spending millions of dollars trying to make money for our society, we are constantly making money. We're all going through the times we see them being good friends, just so we need to keep everything right. And while we may not know how many times we spent the last few years, one thing is clear: there's nothing wrong with paying attention. As long as everyone is getting paid to pay attention, let alone their income, nobody will ever get enough credit card debt. There are"
RA-ALTA/tr-en-advanced,Turkish,advanced,C2,mixed,family,2.0,"and/or rundown; to indicate that this item has been used as an adjunct to the request of your name. The response is marked by the number of entries in this item. The message is displayed when the message is received, indicating that it contains the word 'big' (to mean ""the most important thing"") but not necessarily meaning something like ""big"" which means that we are asking ourselves what is the best way to say."" You can also see how the response was provided. Note that these responses were received from the following websites: http://www.bls-files.com/wp-content/uploads/2016/08/Bls-Files-1040x6e0a4f1b2c199d03e8173a142471349466214854592018236544660558070568397999757267867307085902987387737500008447351500254567876748666884bffffffffsss1.html##Theoryon Friday, July 12, 2012Today's announcement comes from one of many sources including American Heritage® Dictionary of the English Language, Fourth Edition- n. In Middle Ages.- n. Greek ἀπόδυνος κατισμων (A). Also called Greek"
RA-ALTA/tr-en-advanced,Turkish,advanced,A3,l2t,hobbies,2.0,", wikis, ou, vodka, gatekeeper, jrk.Stay tuned for more information about how these are important workplaces of learning.1) The School of Business is a great place to start with a school-wide event that will help students meet their needs by providing information on what they need to know about business and personal finance. This website offers answers to questions such as ""What is the difference between job satisfaction and college?"" What kind of experience does it offer? How do we get involved?2) The School's Business has many specific areas that make up our campus and all of its resources. These include social studies, career development, history, education, employment, financial aid, etc.3) The College's Career Development Center focuses specifically on how students learn from each other and develop skills and knowledge within the workplace.4) The School's Career Development Center provides information on the degree programs offered through colleges throughout the United States, including careers related to the Department of Labor, Civil Services Administration, and other state agencies.5) The School has several educational institutions in this area. Most universities have specialized training programs in vocational fields; however, some have special schools in vocational field courses where qualified professionals may be employed.6) There are three main types of jobs available for high school graduates: computer science, electrical engineering, math, engineering, physics, and physical sciences.7) The Computer Science Program is designed to provide both basic and"
RA-ALTA/tr-en-advanced,Turkish,advanced,B3,l2t,holiday,2.0,"by the author of The Book Of American History, edited by James Pinckney, and directed by Peter K. Schaeffer.Created as a service of the University Library's Office of Archives and Manuscripts for the Humanities, this book is not intended for profit or education, but rather serves as a reference source for students interested in writing their own books from the Middle East. It will help to bring new perspectives into our understanding of the history of American life.This book was written by Lillian Hodge. This book discusses many aspects of American life including the birth of a family home, marriage with a girlfriend, the importance of having a wife, how they became famous, how families formed part of society, what they were doing, and what they could do to make sense of the future.The book also includes excerpts from his essay ""Ancestry of the American Man,"" which is available online at http://www.pbs.org/pbs-on/pdf/7459362cb8f4-3x6d18e23-29f0505e8093524471dfbffh.html. This work covers important topics such as economic issues and political changes in America today; the role of government, social justice, business and industry; the ways in which Americans function under different laws (including those of the United States), and the challenges facing individuals who have left behind the legal system that govern"
RA-ALTA/tr-en-advanced,Turkish,advanced,C3,l2t,family,2.0,"to a specific topic by asking questions that are not related to what you think will happen next. Make sure that it is appropriate to speak with someone who has been exposed to the problem at hand. If there are any other topics you can review then make sure they do so.## Response Points:1. Review and summarize all of these points (see section 6).2. List the main points you want to review on each point before applying them.3. Use some of the most common ones when working with problems such as problems from school or work, and check out the answers to your own question.4. Check that if you find yourself dealing with a problem that cannot be solved yet please go back to the correct answer.5. Asking people to try and help each other out loudly after using the proper response strategy.6. Do not use forceful language techniques during this process.7. Repeat several tasks, including repeating the steps below and getting enough time for one or more of these sentences to be repeated.8. Have a discussion of the main parts of the story to ask students to explain how to respond to the story.9. What kind of exercises do you like? Explain that if you were writing assignments, why would you like to write something else?10. How many hours did you give to give students to solve the problem?12. Write their explanations for important information and ideas, and then discuss the reasons behind this idea.13. Compare and contrast the"
RA-ALTA/ar-en-beginner,Arabic,beginner,A1,basic,hobbies,1.0,Category: Teacher Guide (Pin) Category: Teacher Guide (Pin) Category: Teacher Guide (Pin) Category: Author: David S. Holcomb (Pin) Category: Teacher Guide (Pin) Category: Teacher Guide (Pin) Category: Teacher Guide (Pin) Category: Teacher Guide (Pin) Category: Teacher Guide (Pin) Category: Teacher Guide (Pin) Category: Teacher Guide (Pin) Category: Teacher Guide (Pin) Category: Teacher Guide (Pin) Category: Teacher Guide (Pin) Category: Teacher Guide (Pin) Category: Teacher Guide (Pin) Category: Teacher Guide (Pin) Category: Teacher Guide (Pin) Category: Teacher Guide (Pin) Category: Teacher Guide (Pin) Category: Teacher Guide (Pin) Category: Teacher Guide (Pin) Pin: Teacher Guide (Pin) Category: Teacher Guide (Pin) Category: Teacher Guide (Pin) Category: Teacher Guide (Pin) Category: Teacher Guide (Pin)
RA-ALTA/ar-en-beginner,Arabic,beginner,B1,basic,holiday,1.0,"Separate: In this week's week's day, the American Association for Women and Research (AAP) introduced a plan to help women in developing countries work towards effective health care and education. Advanced Medicine & Clinical Oncology is an ongoing research effort to determine the effectiveness of a diagnosis of heart disease. A physician or nurse can help you with the best treatment options for your heart disease. The AAP has found that physicians and patients can better understand the causes of heart disease, how well they are diagnosed, and the benefits of treatment. The AAP is a nonprofit organization dedicated to clinical practice in women and children. AAP also publishes medical articles in the United States. Women and Children are primarily responsible for the treatment of heart disease and other aspects of cardiovascular disease. The AAP provides a broad range of research, treatment, research, and evaluation of heart disease, heart failure and heart disease. In addition, women and children are encouraged to participate in the AAP to help families and adults be healthy. The AAP is committed to educating women and children about heart disease and to provide information on current health care options for children. The AAP has a total of 36,000 physicians, nurses, nurses and nurses across the country. This number goes to $3 million in the United States. The AAP has a total of 29,000 doctors and nurses across the country. The AAP has a total of 24,000 nurses"
RA-ALTA/ar-en-beginner,Arabic,beginner,C1,basic,family,1.0,"Your family can give you the opportunity to talk about your family or your friends. The more you can remember, your family can be, your family can be, you can go along with some other information about friends or family. The more you will be, your family can be, your family can be, and your family can be. You can also call the caller of your local newspaper: - Contact your local newspaper: - Contact your local newspaper: - Contact your local newspaper: - Contact your local newspaper: - Contact your local newspaper: - Contact your local newspaper: - Contact your local newspaper: - Contact your local newspaper: - Contact your local newspaper: - Contact your local newspaper: - Contact your local newspaper: - Contact your local newspaper: - Contact your local newspaper: - Contact your local newspaper: - Contact your local newspaper: - Contact your local newspaper: - Contact your local newspaper: - Contact your local newspaper: - Contact your local newspaper: - Contact your local newspaper: - Contact your local newspaper: - Contact your local newspaper: - Service: - Contact your local newspaper: - Service: - Contact your local newspaper: - Service: - Service: - Contact your local newspaper: - Service: - Service: - Service: - Service: - Service: - Service: - Service:"
RA-ALTA/ar-en-beginner,Arabic,beginner,A2,mixed,hobbies,1.0,"According to the National Council of Health and Human Services, it is estimated that 30,000 people live in the United States every year and that is a sign that the current state of emergency departments will be involved in emergency response. In 2005, the national emergency department reported that in addition to emergency response, the department had its own emergency departments at 1,562 emergency department offices located in the United States and 3,670 emergency departments in the United States. In 2009, the Department of Health and Human Services reported that in 2010, 713,060 people were hospitalized and 231,087 were hospitalized. The CDC reported that 31,822 people were admitted to emergency rooms in the state of emergency rooms. The average person reported that their last or no emergency room was located in the state of emergency room. In 2009, the CDC reported that in 2010, 9,859 people died from a heart attack, and 11,940 people died from a heart attack. The CDC also reported that in 2010, 3,919 people died from heart attack, and 6,171 people were reported with heart attack. This situation was reported in the March 2010 issue of The New York Times. Currently, the CDC is committed to assisting people with heart problems and to prevent them from getting sick during the emergency. Many patients who have had heart failure, including those in the emergency room, need a proper treatment, with a hospital emergency and"
RA-ALTA/ar-en-beginner,Arabic,beginner,B2,mixed,holiday,1.0,#1. I'm glad to hear the news that I can't reply to me. #2. I think I'll go back to my house and give me a letter to my wife. #3. I'm glad to go back to my house and give me a letter to my wife. #4. I'm glad to go back to my house and give me a letter to my husband. #5. I'm glad to go back to my house and give me a letter to my wife. #6. I'm glad to go back to my house and give me a letter to my wife. #7. I'm glad to go back to my house and give me a letter to my wife. #8. I'm glad to go back to my house and give me a letter to my wife. #9. I'm glad to go back to my house and give me a letter to my wife. #10. I'm glad to go back to my house and give me a letter to my wife. #11. I'm glad to go back to my house and give me a letter to my wife. #12. I'm glad to go back to my house and give me a letter to my wife. #13. I'm glad to go back to my house and give me a letter to my wife. #14. I'm glad to go back to my house and give me a letter
RA-ALTA/ar-en-beginner,Arabic,beginner,C2,mixed,family,1.0,"أصدرت وزارة الصحة الكويتية، اليوم الثلاثاء، بيانًا جديدًا حول أسباب مرض الإيبولا، وهو مرض يحدث نتيجة عدم قدر معين من المناعة لدى الأشخاص المصابين بفيروس كورونا المستجد. وقال بيان الوزارة إن ""بيان الوزارة جاء في إطار حرص الوزارة على متابعة كافة الجهود في هذا الشأن، من أجل التأكد من سلامتها، وتحقيق أهدافها في هذا الشأن، ومتابعة الحالة الصحية لجميع المواطنين والمقيمين في الكويت"". وذكر البيان أن ""وزارة الصحة الكويتية تواصل مع مدير عام الصحة العامة في البلاد، السيد، عبر الاتصال المرئي، من خلال موقعها الإلكتروني، لتلقي بلاغات المواطنين والمقيمين من خلال وسائل التواصل الاجتماعي، لمتابعة حالة المرض، ومعرفة مواعيد عمل الوزارة، ومتابعة الحالات التي تحتاج إلى العلاج، وكذلك متابعة الحالات التي تحتاج إلى العلاج"". وكشف البيان أن ""وزارة الصحة الكويتية، تلقت بلاغًا من وزارة الصحة الكويتية بشأن عدم قدر معين من المناعة لدى الأشخاص المصابين بفيروس كورونا المستجد، حيث تم نقل كل من رئيس قطاع الصحة العامة، الدكتور عبد الله حمدوك، ومدير عام الصحة العامة في الكويت، إلى مستشفى الكويت الوطني التخصصي، لمتابعة الحالات التي تحتاج إلى العلاج، ومتابعة الحالة الصحية لجميع المواطنين والمقيمين في الكويت"". وأضاف البيان أن ""وزارة الصحة الكويتية قامت بتأمين كافة الأجهزة الطبية اللازمة لمواجهة فيروس كورونا المستجد، وذلك من خلال توفير مجموعة من الإمكانيات الطبية اللازمة، حيث تم توفير أجهزة إلكترونية لتطعيم المرضى، وكذلك تم توفير أجهزة إلكترونية في مجال الوقاية من كورونا، وتم تقديم مجموعة من الخدمات الطبية اللازمة للمواطنين والمقيمين"". أعلنت وزارة الصحة الكويتية، اليوم الثلاثاء، عن تسجيل 4 وفيات و"
RA-ALTA/ar-en-beginner,Arabic,beginner,A3,l2t,hobbies,1.0,Thanks for your help. |Documentation||Synonyms||Deutschland (Synonyms||Deutschland (Synonyms)||Turkish (German)||Battlefield (German)||Country (German)||Battlefield (German)||Country (German)||Country (German)||Country (German)||Country (German)||Country (German)||Country (German)||Country (German)||Country (German)||Country (German)||Country (German)||Country (German)||Country (German)||Country (German)||Country (German)||Country (German)||Country (German)||Country (German)||Country (German)||Country (German)||Country (German)||Country (German)||Country (German)||Country (German)||Country (German)||Country (German)||Country (German)||Country (German)||Country (German)||Country (German)||Country (German)||Country (German)||Country (German)||Country (German)||Country (German)||Country (German)||Country (German)||Country (German)||Country (German)||Country (German)||Country (German)||Country
RA-ALTA/ar-en-beginner,Arabic,beginner,B3,l2t,holiday,1.0,"Factors of the use of the term ""concrete"" are: - A term used for the use of a type of concrete or concrete that could be a type of concrete. - A term used for the use of a type of concrete which could be a type of concrete that could be a type of concrete. - A term used for the use of a type of concrete that could be a type of concrete that could be a type of concrete. - A term used for the use of a type of concrete that could be a type of concrete. - A term used for the use of a type of concrete that could be a type of concrete. - A term used for the use of a type of concrete that could be a type of concrete. - A term used for the use of a type of concrete that could be a type of concrete. - A term used for the use of a type of concrete that could be a type of concrete. - A term used for the use of a type of concrete that could be a type of concrete. - A term used for the use of a type of concrete that could be a type of concrete. - A term used for the use of a type of concrete that could be a type of concrete. - A term used for the use of a type of concrete that could be a type of concrete. - A term used for the use of a type of concrete that could be"
RA-ALTA/ar-en-beginner,Arabic,beginner,C3,l2t,family,1.0,"""What does the brain look like? What is the brain's brain? What is the brain's brain?"" ### # Review Date: November 27, 2013 ""How does the brain look like? Why is the brain's brain's brain's brains? What is the brain's brain's brain's brain's brains? How does the brain see the brain? What is the brain's brain's brain's brains?"" ### # Review Date: November 27, 2013 Why do you think you are right now? You can understand the brain in terms of personality, intelligence, and social interactions. It also affects your likelihood of getting the right chance of getting you back to your normal range. ""How does it look like?"" ""There are many things you want to know about your brain that are important to you, and that you are able to talk with your brain about you."" ### # Review Date: November 21, 2013 ""It is important that we have to think about how we can be better prepared,"" says Alan P. Lange, director of the SCSC Center for Neuroscience in Houston. ""What is the brain's response to it?"" The brain is characterized by a combination of individual emotion and behavioral changes. It is characterized by the ability to see and/or touch each other. It is characterized by the ability to show and touch each other. ""How does the"
RA-ALTA/ar-en-beginner,Arabic,beginner,A1,basic,hobbies,2.0,"If you need help finding a diagnosis, refer the caregiver to a caregiver. If you have been working in a nearby facility, have your caregiver support a caretaker. You will be asked to do a consultation with your caregiver and then have the caregiver help you. If you have been working in a nearby facility, you will be asked to do a consultation with your caregiver. If you have a mental health problem, call a caregiver or caregiver. If you have been working with your caregiver or caregiver for a long time, you will be asked to do a consultation with your caregiver. You will be asked to do a consultation with your caregiver and then have the caregiver support a caretaker. This caregiver will be your caregiver and your caregiver support a caretaker. If you have a mental health problem, call the caregiver or caregiver. If you have been working with your caregiver and your caregiver, you will be asked to do a consultation with your caregiver. You will be asked to do a consultation with your caregiver and then have the caregiver support a caretaker. This caregiver will be your caregiver in accordance with your caregiver's care, and you will be asked to do a consultation with your caregiver. You will be asked to do a consultation with your caregiver and then have the caregiver support a caretaker. This caregiver will"
RA-ALTA/ar-en-beginner,Arabic,beginner,B1,basic,holiday,2.0,"Sep. 18, 2012 Diagnostic and diagnostic tests are used to evaluate the diagnosis of your child. Ask your child to be awake and are calm, awake. If you are at high risk, your child may be awake and is in the same position as your child. Sep. 17, 2012 Diagnostic and diagnostic tests are used to assess the diagnosis of your child. Ask your child to be awake and not breathing. Ask your child to be awake for short periods of time. Ask your child to be awake and not breathing. Sep. 19, 2012 Diagnostic and diagnostic tests are used to evaluate the diagnosis of your child. Ask your child to be awake and not breathing. Ask your child to be awake for long periods of time. Ask your child to be awake for short periods of time. Ask your child to be awake and not breathing. Sep. 19, 2012 Diagnostic and diagnostic tests are used to assess the diagnosis of your child. Ask your child to be awake and not breathing. Ask your child to be awake for long periods of time. Ask your child to be awake for long periods of time. Ask your child to be awake for long periods of time. Ask your child to be awake for long periods of times. Ask your child to be asleep for short periods of time. Ask your child to be awake for long periods of time. Ask your child to be awake for long periods"
RA-ALTA/ar-en-beginner,Arabic,beginner,C1,basic,family,2.0,"Since I've never seen the end of my life in the 1990s, I will be working on some of the most important issues of the past. Evaluation: This is a very important question. It is a complex task for the family. It is a formal problem, not a single person. Of course, the problem is really a problem but a very limited one. Pass Identifier on RxList - quick, easy, Find a Local Pharmacy - including 24 hour, pharmacies Forums - including 24 hour, pharmacies Discuss Your Family - all of the following health care providers should be aware of your family's health, medical and medical history. They should be aware of the information they need to be given to you, your family, your family, or your children. - all of the following health care providers should be aware of your family's health, medical history, and medical history. They should be aware of the information they need to be given to you, your children, your child, your children, and your children. - all of the following health care providers should be aware of your family's health history, medical history, and medical history. They should be aware of your family's health history, medical history, and medical history. They should be aware of your family's health history, medical history, and medical history. - all of the following health care providers should be aware of your family's health"
RA-ALTA/ar-en-beginner,Arabic,beginner,A2,mixed,hobbies,2.0,"- You must understand the importance of the purpose of the United States's long and easy-to-use relationship. - The purpose of the United States's long and easy-to-use relationship is to have the power to take responsibility to defend itself, to avoid a conflict, to take responsibility for all actions he or she had. - The purpose of the United States's long and easy-to-use relationship is to have the power to take responsibility for all actions he or she had. - The purpose of the United States's long and easy-to-use relationship is to have access to resources, to avoid a conflict, to prevent conflict, to avoid a conflict, to avoid a conflict, to avoid a conflict, to avoid a conflict, to avoid a conflict, to avoid a conflict, to avoid a conflict, to avoid a conflict, to avoid a conflict, to avoid a conflict, to avoid a conflict, to avoid a conflict, to avoid a conflict, to avoid a conflict, to avoid a conflict, to avoid a conflict, to avoid a conflict, to avoid a conflict, to avoid a conflict, to avoid a conflict, to avoid a conflict, to avoid a conflict, to avoid a conflict, to avoid a conflict, to avoid a conflict, to avoid a conflict, to avoid a conflict, to avoid a conflict, to avoid a conflict, to avoid a conflict, to avoid a conflict, to avoid a conflict, to avoid"
RA-ALTA/ar-en-beginner,Arabic,beginner,B2,mixed,holiday,2.0,"أعلنت وزارة الصحة في الجزائر عن إصابة شخص بفيروس كورونا، وذلك بعد تلقيهم العلاج المنزلي المضاد لفيروس كورونا المستجد، وذلك بعد ظهر اليوم الأحد 3 مارس. وقالت الوزارة في بيان ""بعد تلقيهم العلاج المنزلي المضاد لفيروس كورونا (كوفيد-19) ، تم نقلهم إلى المستشفى لتلقي العلاج المنزلي المضاد لفيروس كورونا في مدينة فاس، لتلقي العلاج المنزلي المضاد لفيروس كورونا في المدينة"". وأوضحت الوزارة، أنه تم نقل المصاب إلى المستشفى لتلقي العلاج المنزلي المضاد لفيروس كورونا في مدينة فاس، لتلقي العلاج المنزلي المضاد لفيروس كورونا، وذلك بعد ظهر اليوم الأحد 3 مارس. وأشارت وزارة الصحة في بيان إلى أن من بين المصابين تم نقلهم على متن حافلة طبية إلى مستشفى ""بومدينج""، لتلقي العلاج المنزلي المضاد لفيروس كورونا، وذلك بعد ظهر اليوم الأحد 3 مارس، في مدينة كيران، لتلقي العلاج المنزلي المضاد لفيروس كورونا. الوسوم: كورونا, كورونا, كورونا, كورونا, كورونا, كورونا, كورونا, كورونا, كوفيد – 19, كورونا, كوفيد – 19, كورونا, كورونا, كوفيد – 19 بالفيديو.. ماذا فعل لاعبو المنتخب الوطني المغربي أمام المنتخب الوطني المغربي؟ نشر موقع (المغرب) المغربي، اليوم الأحد، فيديو، يتحدث فيه عن مباراة المنتخب الوطني المغربي أمام نظيره المغربي، في الجولة التاسعة من التصفيات المؤهلة لمونديال روسيا 2018. وأوضح الموقع في تحليله أن مباراة المنتخب الوطني المغربي أمام نظيره المغربي ستحدد مصير المنتخب الوطني المغربي، حيث سيكون المنتخب الوطني قد خاض اللقاء على أرضية الملعب الكبير، يوم السبت، في الجولة"
RA-ALTA/ar-en-beginner,Arabic,beginner,C2,mixed,family,2.0,"Take a look at the story of the battle of the Hussians. This is an important finding: The battle of the Hussians is a tragedy that is a tragedy, one that is a crime, one that is a crime, one that is a crime, one that is a crime, one that is a crime, one that is a crime, one that is a crime, one that is a crime, one that is a crime, and one that is a crime. Take a look at the story of the battle of the Hussians. This is an important finding: The battle of the Hussians is a tragedy that is a crime, one that is a crime, one that is a crime, one that is a crime, and one that is a crime. The battle of the Hussians is a tragedy that is a crime, one that is a crime, one that is a crime, one that is a crime, and one that is a crime. Take a look at the story of the battle of Hussians. This is an important finding: The battle of the Hussians is a tragedy, one that is a crime, one that is a crime, one that is a crime, and one that is a crime. (وأيّهما تفضّل.) You should have a look at the story of the battle of Hussians. This is an important finding: The battle of the Hussians is a tragedy"
RA-ALTA/ar-en-beginner,Arabic,beginner,A3,l2t,hobbies,2.0,Your city wants people to take part in different activities and hobbies. Explain why there are many different activities you can do in your town. ### Adapt: Your neighborhood knows about the different activities you can do in your town. Explain why there are many different activities you can do in your town. ### To explain why there are different activities you can do in your town. Explain why there are different activities you can do in your town. ### To explain what the activities you can do in your town. Explain why there are different activities you can do in your town. ### To explain why there are different activities you can do in your town. Explain why there are different activities you can do in your town. ### To explain why there are different activities you can do in your town. Explain why there are different activities you can do in your town. ### To explain why there are different activities you can do in your town. Explain why there are different activities you can do in your town. ### To explain why there are different activities you can do in your town. Explain why there are different activities you can do in your town. ### To explain why there are different activities you can do in your town. Explain why there are different activities you can do in your town. ### To explain why there is certain activities you can do in your town. Explain why there are different activities you can do in your town
RA-ALTA/ar-en-beginner,Arabic,beginner,B3,l2t,holiday,2.0,"A lot of people ask me about what happens in the classroom. Everyone knows. I know that there is a lot of things I do not know before. I know that some things can happen in the classroom, others may. There are many different ways students remember that they learn to remember. So, I say, it will be very important to know that there is an obvious change in what is happening in school. We will be able to remember that the school environment is in danger. The teacher will be able to remember what happened in school, and that we will be able to remember that this is what we know. We will not be able to remember that there is a lot of things happening in the classroom. We will be able to remember that there is a lot of things happening in the classroom, and that we will be able to remember that there is a lot of things happen in school. We will also be able to remember that there is a lot of things happening in school. We will be able to remember that there is a lot of things happening in the classroom, and that we will be able to remember that there is a lot of things happening in school. We will be able to remember that there is a lot of things happening in school. We will be able to remember that there is a lot of things happening in school. We will be able to remember that there is a lot of things happening in school. We will be able to remember that there is a lot of"
RA-ALTA/ar-en-beginner,Arabic,beginner,C3,l2t,family,2.0,"Your local newspaper is holding a competition for articles about the question 'Big family or large family'. Ask your local newspaper if you have a big family or large family. They should be able to show you what you are trying to do and you are not allowed to accept that this is a good reason to talk with your local newspaper. ### Reviewer: The Daily Mail, and so on The Daily Mail, and so on The Daily Mail, and so on The Daily Mail, and so on The Daily Mail, and so on The Daily Mail, and so on The Daily Mail, and so on The Daily Mail, and so on The Daily Mail, and so on The Daily Mail, and so on The Daily Mail, and so on The Daily Mail, and so on The Daily Mail, and so on The Daily Mail, and so on The Daily Mail, and so on The Daily Mail, and so on The Daily Mail, and so on The Daily Mail, and so on The Daily Mail, and so on The Daily Mail, and so on The Daily Mail, and so on The Daily Mail, and so on The Daily Mail, and so on The Daily Mail, and so on The Daily Mail, and so on The Daily Mail, and so on The Daily Mail, and so on The Daily Mail, and so on Side"
RA-ALTA/ar-en-intermediate,Arabic,intermediate,A1,basic,hobbies,1.0,"The information on this site is for informational purposes only and is not intended to be a substitute for professional medical advice, diagnoses or treatment. Please consult your doctor if you have any questions. The information on this site is for informational purposes only and is not intended to be a substitute for professional medical advice. Please consult your doctor if you have any questions. Your county's School of Public Instruction is located in the county seat of the county courthouse. You can also call 1-800-4-CANCER (1-800-422-6233). You can also call 1-800-422-6233. The school of public Instruction is located in the county courthouse. You can call 1-800-422-6233. The school of public Instruction is located in the county courthouse. You can call 1-800-422-6233. The school of public Instruction is located in the district courthouse. You can call 1-800-422-6233. The school of public Instruction is located in the county courthouse. You can call 1-800-422-6233. Your county has a school of Public Instruction operated by the county district. You can call 1-800-422-6233. The school of public Instruction is located in the county courthouse. You can call 1-800-422-6233"
RA-ALTA/ar-en-intermediate,Arabic,intermediate,B1,basic,holiday,1.0,"Your friend, Sophia, has emailed you about her past celebration. Write an email to her, describing your favorite holiday you have been on. Write an email to her, explaining your favorite holiday you have been on. Your friend, Sophia, has emailed you about her past celebration. Write an email to her, explaining your favorite holiday you have been on. Write an email to her, explaining your favorite holiday you have been on. Your friend, Sophia, has emailed you about her past celebration. Write an email to her, explaining your favorite holiday you had been on. Write an email to her, explaining your favorite holiday you have been on. Your friend, Sophia, has emailed you about her past celebration. Write an email to her, explaining your favorite holiday you have been on. Your friend, Sophia, has emailed you about her past holiday. Write an email to her, describing your favorite holiday you have been on. Write an email to her, explaining your favorite holiday you have been on. Write an email to her, explaining your favorite holiday you have been on. Your friend, Sophia, has emailed you about her past celebration. Write an email to her, explaining your favorite holiday you have been on. Write an email to a friend, explaining your favorite holiday you have been on. Your friend, Sophia, has emailed you about her past celebration. Write an email to her, explaining your"
RA-ALTA/ar-en-intermediate,Arabic,intermediate,C1,basic,family,1.0,Your local newspaper has a story by providing a list of questions about your family. They can be found in the following: - How often do I need to take a job? - How much do I need to be? - What other places could I need to do? - Where do I need to take a job? - What kind of jobs do I need? - What kind of jobs do I need? - What kinds of jobs do I need? - How is my family needed? - How can I get more information about my family? - I have a question about my family? - How can I get more information about my family? - How can I get more information about my family? - How can I get more information about my family? - How can I get more information about your family? - How can I get more information about my family? - How can I get more information about my family? - How can I get more information about my family? - What can I get information about my family? - How can I get more information about my family? - How can I get more information about my family? - How can I get more information about my family? - How can I get more information about my family? - How can I get more information about my family? - How can I get more information about my family? - How can I
RA-ALTA/ar-en-intermediate,Arabic,intermediate,A2,mixed,hobbies,1.0,"# 2-7-2013-11-12 17:41 ### | Tags: Education, school, community, teachers, neighborhood, community, education, community, community, community, community| | Tags: Education, school, community, community, community, community, community| | Tags: Education, school, community, community, community, community, community, Community| | Tags: Education, school, community, education, community| | Tags: Education, school, community, community, community| | Tags: Education, school, community| | Tags: Education, school, community, community| | Tags: Education, school, community| | Tags: Education, school, community| | Tags: Education, school, community| | ""Passaways"" and ""The Shadow of the Red Sea"" are the two stories that were written by the residents of the town. The Shadow of the Red Sea is the story of a white man called ""Passaways"" who is a man named ""Elizabeth. "" The Shadow of the Red Sea is the story of a white man named ""Elizabeth. "" The Shadow of the Red Sea is the story of a white man named ""Elizabeth. "" The Shadow of the Red Sea is the story of a black man"
RA-ALTA/ar-en-intermediate,Arabic,intermediate,B2,mixed,holiday,1.0,"(أُلّمتْ بِعْقِقِبَةِ الْغَامِلِ وَالْجنَاءِ) (أَوْقِدُ مَا أُلْبِحَ بِهِ وَكَانَ عَهْداً لِلرَّحْمَنِ وَالْمُلْكُ وَجْهَ الْمَشْرُورِ). (قِيلَ رَبَّنَا رَبَّنَا عَنْهُ نَحْنُ نَحْنُ فِي الْغَامِلِ يَقُولُ: ""أَنَا هُوَ وَهُوَ وَهُوَ وَهُوَ وَهُوَ رَعِيٌّ فِي الْغَامِلِ يَقُولُ: كَانَ عَهْداً لِلرَّحْمَنِ وَكَانَ عَهْداً لِلرَّحْمَنِ وَهُوَ الْمَشْرُورِ). (وَنُلْقِيَ عَلَيْ"
RA-ALTA/ar-en-intermediate,Arabic,intermediate,C2,mixed,family,1.0,"1. There is no better way to get a man from the house than you would with the other guy who was a big man. 2. When you are tired of your house, you can use a person to help you get the job. 3. When you are tired of your house, you can use a person to help you get the job. 4. You can use a person to help you get the job. 5. You can use a person to help you get the job. 6. You can use a person to help you get the job. 7. You can use a person to help you get the job. 8. You can use a person to help you get the job. 11. You can use a person to help you get the job. 12. You can use a person to help you get the job. 13. You can use a person to help you get the job. 14. You can use a person to help you get the job. 15. You can use a person to help you get the job. 16. You can use a person to help you get the job. 17. You can use a person to help you get the job. 18. You can use a person to help you get the job. 19. You can use a person to help you get the job. 20. You can use a person to help you get the job. 21"
RA-ALTA/ar-en-intermediate,Arabic,intermediate,A3,l2t,hobbies,1.0,"Each day, people can help to get a better idea of what to expect from the weather, because different things can cause problems for you. Each day, people can help to get an idea of what to expect from the weather. Each day, people can help to get a better idea of what to expect from the weather. Each day, people can help to get a better idea of what to expect from the weather. Each day, people can help to get an idea of what to expect from the weather. Each day, people can help to get a better idea of what to expect from the weather. Each day, people can help to get a better idea of what to expect from the weather. Each day, people can help to get a better idea of what to expect from the weather. Each day, people can help to get a better idea of what to expect from the weather. Each day, people can help to get a better idea of what to expect from the weather. Each year, people can help to get a better idea of what to expect from the weather. Each year, people can help to get a better idea of what to expect from the weather. Each day, people can help to get a better idea of what to expect from the weather. Care is a good idea to help be true. It's the only way to make a"
RA-ALTA/ar-en-intermediate,Arabic,intermediate,B3,l2t,holiday,1.0,"According to the National Sleep Foundation, the American Lung Association's (AAP) website provides tips for parents and caregivers to help kids avoid a cold, a cold and a cold. These tips will help your child avoid getting an infection, and help prevent the common cold. Your child may be able to avoid the cold by staying in a cold-to-the-counter office, as well. Your child may also be able to avoid the cold by staying in the heat to keep the cold from being cold. Your child may be able to take the cold by not having to worry about things that could be causing the cold. Your child may be able to remain in the heat to prevent the cold from becoming worse. Your child may be able to use the cold to help with this. Your child may be able to use the cold to help with this kind of cold. Your child may be able to use the cold to help with this type of cold. When your child is not feeling very cold, try to stop being out of the room and start it. Your child may feel very cold for a short period of time. Your child may feel very cold for a short period of time. You may be able to be able to stay in the heat to prevent the cold from becoming worse. Your child may feel very cold for a short period of time and start it. Your child may feel very cold for a short period of"
RA-ALTA/ar-en-intermediate,Arabic,intermediate,C3,l2t,family,1.0,"Your local government has taken a step back to a new policy to stop the spread of HIV/AIDS. The government is seeking to stop the spread of AIDS through the use of condoms. The decision to stop the spread of HIV/AIDS in your local country is the first step in making a difference. But you may not be able to stop the spread of HIV/AIDS in your local country, and you may not be able to stop it. As a result of your government's long-term commitment to improving the quality of life for your local population, you may find that you have very little to stop the spread of HIV/AIDS. This is especially true for those who are at high risk of developing HIV/AIDS. By continuing to make things you are being treated, you may find yourself being treated with less money. You may find that you have been given a drug called bisphenolucil, which is a drug that is used in the treatment of AIDS patients. You may find that you are not able to treat more than a million people in a day. You may find that you are not able to treat more than one million people in a day. You may find that you are not able to treat more than a million people in a day. You may find that you are not able to treat more than one million people in a day. You may find that you are not able to treat more than one million people in a day. Your local"
RA-ALTA/ar-en-intermediate,Arabic,intermediate,A1,basic,hobbies,2.0,"Your town's people are very important to us all. They can't be a place to talk because you don't have to be a teacher. Your community is important to them all. They are important to you all. They can't be a place to talk because you don't have to be a teacher. ### Comments: Your town and your city are very important to you all. We know that when we get involved and we have great opportunities for you to talk about being a teacher, we have also learned how to use it. Here are some tips on how to use it: - It is always a good idea to go to school or play with the children to talk about teaching. You can be a teacher by going to school and play with your children to talk about teaching. - The children are important to you all. You can be a teacher by going to school or play with your children to talk about teaching. You can be a teacher by going to school and play with your children to talk about teaching. You can be a teacher by going to school and play with your children to talk about teaching. - The children are important to you all. You can be a teacher by going to school and play with your children to talk about teaching. You can be a teacher by going to school and play with your children to talk about teaching. - The children are important to you all. You can be a teacher by going to school"
RA-ALTA/ar-en-intermediate,Arabic,intermediate,B1,basic,holiday,2.0,"Either of these suggestions are appropriate. They are just as important. They are the ones you are trying to help. ### Response: Your friend, Sophia, has emailed you about her recent holiday. Write an email to her, explaining your favorite holiday you have been on. ### Response: Your friend, Sophia, has emailed you about her previous holiday. Write an email to her, explaining your favorite holiday you have been on. ### Response: Your friend, Sophia, has emailed you about her past birthday. Write an email to her, describing your favorite holiday you have been on. ### Response: Your friend, Sophia, has emailed you about her past birthday. Write an email to her, explaining your favorite holiday you have been on. # Response: Your friend, Sophia, has emailed you about her previous birthday. Write an email to her, explaining your favorite holiday you have been on. ### Response: Your friend, Sophia, has emailed you about her last holiday. Write an email to her, explaining your favorite holiday you have been on. ### Response: Your friend, Sophia, has emailed you about her last holiday. Write an email to her, explaining your favorite holiday you have been on. ### Response: Your friend, Sophia, has emailed you about her last holiday. Write an email to"
RA-ALTA/ar-en-intermediate,Arabic,intermediate,C1,basic,family,2.0,Your email address: firstname.lastname@example.org You must make a link to the site. About this Resource This resource is designed to help you make the most of your current knowledge and skills. It is designed to help you make the most of your current knowledge and skills. You need no special programs but you are not going to be interested in your topic. You can help create a website and create a website. You can create a web site. The search engine must be able to answer your questions. You can also create a web site. You can create a web site. You can create a web site. This resource is designed to help you make the most of your current knowledge and skills. You need to make a link to the site. You need to make the most of your current knowledge and skills. # # # Each site has a unique link to the source you have created. # # # Got a link from the source of this resource. The source of this resource is the link you have created. The source of the source of the source you have created. # # Got a link from the source of this resource. The source of the source you have created. You can create a web site. You can create a web site. The source of the source you have created. You can create a web site. The source of the source you have created
RA-ALTA/ar-en-intermediate,Arabic,intermediate,A2,mixed,hobbies,2.0,______________________ ______________________ ______ ______________________ ___ ______________________ ______________________ ______________________ ______________________ ______ ______________________ ______ ______________________ ______ ______________________ ______ ______________________ ______________________ ______________________ ______________________ ______________________ ______________________ ______________________ ______________________ ______________________ ______________________ ______________________ ______________________ ______________________ ______________________ ______________________ ______________________ ______________________ ______________________ ______________________ أدخل بريدك الإلكتروني راسلني الاشتراك في: الأسم * * * * * * * * * * * * * * * * * * * * * * * * * * * * * * * * * * * * * * * * * * * * * * * * * * * * * * * * * * * * * * * * * * * * * * * * * * *
RA-ALTA/ar-en-intermediate,Arabic,intermediate,B2,mixed,holiday,2.0,# ### # ### # ### ### ### ### ### ### ### ### ### ### ### ### ### ### ### ### ### ### ### ### ### ### ### ### ### ### ### ### ### ### ### ### ### ### ### ### ### ### ### ### ### ### ### ### ### ### ### ### ### ### ### ### ### ### ### ### ### ### ### ### ### ### ### ### ### ### ### ### ### ### ### ### ### ### ### ### ### ### ### ### ### ### ### ### ### ### ### ### ### ### ### ### ### ### ### ### ###
RA-ALTA/ar-en-intermediate,Arabic,intermediate,C2,mixed,family,2.0,#Send a reply #Send a reply #Send a reply #Send a reply #Send a reply #Send a reply #Send a reply #Send a reply #Send a reply #Send a reply #Send a reply #Send a reply #Send a reply #Send a reply #Send a reply #Send a reply #Send a reply #Send a reply #Send a reply #Send a reply #Send a reply #Send a reply #Send a reply #Send a reply #Send a reply #Send a reply #Send a reply #Send a reply #Send a reply #Send a reply #Send a reply #Send a reply #Send a reply #Send a reply #Send a reply #Send a reply #Send a reply #Send a reply #Send a reply #Send a reply #Send a reply #Send a reply #Send a reply #Send a reply #Send a reply #Send a reply #Send a reply #Send a reply #Send a reply #Send a reply
RA-ALTA/ar-en-intermediate,Arabic,intermediate,A3,l2t,hobbies,2.0,"The first thing you can do to help you to help you learn, and how to use them to communicate effectively in your community is to practice your ability to understand and apply what you are most likely to learn. Your family is more likely to become a very active and healthy community, but it is the family that is the largest and most effective community in the world. # # # # It's easy to learn. # # # It's easy to learn. # # It's easy to learn. # # It's easy to learn. # # It's easy to learn. # # It's easy to know. # # It's easy to learn. # # It's easy to learn. # # It's easy to learn. # It's easy to learn. # # It's easy to learn. # It's easy to learn. # It's easy to learn. # # It's easy to learn. # It's easy to learn. # It's easy to learn. # It's easy to learn. # It's easy to learn. # It's easy to learn. # It's easy to learn. # It's easy to learn. # It's easy to learn. # It's easy to learn. # It's"
RA-ALTA/ar-en-intermediate,Arabic,intermediate,B3,l2t,holiday,2.0,Baby will be your child's teen's birthday. Baby will be the first woman in the family to have a child. # # # # Baby will be the first woman in the family to have a child. # # # # Baby will be the first woman in the family to have a child. # # # # Baby will be the first woman in the family to have a child. # # # # Baby will be the first woman in the family to have a child. # # # # Baby will be the first woman in the family to have a child. # # # Baby will be the first woman in the family to have a child. # # # Baby will be the first woman in the family to have a child. # # # Baby will be the first woman in the family to have a child. # # # Baby will be the first woman in the family to have a child. # # # Baby will be the first woman in the family to have a child. # # # Baby will be the first woman in the family to have a child. # # # Baby will be the first woman in the family to have a child. # # # Baby will be the first woman in the family to have a child. # # # Baby will
RA-ALTA/ar-en-intermediate,Arabic,intermediate,C3,l2t,family,2.0,"If you have any questions or comments about this topic, please contact the syndication department or the National Science Foundation at (202) 646-6471. For more information, please contact the National Science Foundation at (202) 646-6471. For more information, please contact the National Science Foundation at (202) 646-6471. The National Science Foundation is the leading independent scientific association of the U.S. Department of Energy. Established in 1971, the National Science Foundation is the only nonprofit organization dedicated to supporting the exploration and development of the world's largest laboratory of research. The National Science Foundation is a multidisciplinary organization dedicated to promoting scientific research and training in the physical sciences and engineering. The National Science Foundation is an independent non-profit organization devoted to promoting scientific research and training in the physical sciences and engineering. Established in 1971, the National Science Foundation is a multidisciplinary organization dedicated to promoting science and training in the physical sciences and engineering. The National Science Foundation is an independent non-profit organization devoted to promoting science and training in the physical sciences and engineering. Established in 1971, the National Science Foundation is an independent non-profit organization devoted to promoting science and training in the physical sciences and engineering. The National Science Foundation is a multidisciplinary organization dedicated to promoting scientific research and training in the physical sciences and engineering. Founded in 1971, the National Science Foundation is the only independent non-"
RA-ALTA/ar-en-advanced,Arabic,advanced,A1,basic,hobbies,1.0,"If your district has a program that allows students to learn how to solve problems, what lessons should they be taught? What is it about writing lesson plans or teaching materials? How will they know when to use this program? Why not? What are some of these resources available here? ### Evaluate Problem Solving: You have two options – one which makes sense because it's easy to get started. If you can find out if there was something wrong with your application, then you can help by finding ways to handle problem solving! The easiest way to make sure to start is to create a solution. You might want to create a new solution using different strategies, like: - Create a strategy - you can create a plan based on the most recent work from my project (and I think). - Use multiple strategies (using various approaches) - you could build a better solution based on a few simple ideas. The first step involves creating an idea; you may also need to develop techniques to design the problem. In order to do so, you must start planning before learning to write. Then, you begin building a plan for yourself while you are still doing homework. After the first thing comes up, you'll begin thinking about why we should always try to get involved. To me, all things aren't going to be fun, but rather it's just something to feel like being kind to someone who is really interested. And yet, after all, everything gets done"
RA-ALTA/ar-en-advanced,Arabic,advanced,B1,basic,holiday,1.0,"Lesson Plans for the Future Planning out a new program that will help people in college and careers plan their future as they work together is crucial to success at home. The goal of this course is to teach students how to prepare themselves to become leaders and develop self-confidence through participation in the workplace. It's essential to start with being able to make it easier to learn from different perspectives than when working together as someone who helps others. This way, we are going to create a society where everyone can be successful and confident. Our focus will also include finding opportunities to do something that takes place inside our community and life itself. How To Build Your Classroom The first step toward building a classroom is to build some learning environment so that every student will know what each lesson means. When students spend time exploring, ask them questions, and get feedback from peers around the world. In order to succeed, the most important thing is building an understanding of each lesson. As kids grow older, teachers can take responsibility for teaching them to think critically and effectively. They must try to understand that there isn't enough room for improvement, but just asking if they should make it happen again will require more effort. We need to begin by looking deeper into things like personal relationships, relationships, career choices, family and friendships or social networks. Through these conversations and discussions, students become aware of what happens during class, school, daycare centers and sports activities. We can begin by"
RA-ALTA/ar-en-advanced,Arabic,advanced,C1,basic,family,1.0,"You are welcome to receive comments from our readers at www.caltech.com/blog/2012/10/17/christmas-parents-briefs-aids-by-the-moments-to-be-together-with-the-women's lives. We also want to thank your readers for their work in this area of teaching. For more information on teaching methods in school, please contact firstname.lastname@example.org. The UAE's website has links to over 700 publications related to global health topics. For more resources visit www.UAE-UAE.com. |The History Channel| A new study finds that the world economy could decline by 6% with only one-fifth of all GDP growth falling below 2% annually. In other words it was not just a single year of prosperity but rather a continuous economic recovery as well. The authors report that since 1990 the average GDP of the United States had increased by 8%. As many countries grew up they were growing faster than any other country except China. This led to the rise of unemployment rates; higher education levels among the poor; employment prospects among young people were high and poverty reached its peak between 2000 and 2006. Therefore it would be difficult to imagine how much more effective the rate of inflation will allow for the increase in population growth. So we can see if there is enough money to support these trends. It may sound like something about what"
RA-ALTA/ar-en-advanced,Arabic,advanced,A2,mixed,hobbies,1.0,"You have been invited to a conference, and it's time for us. It's our duty to stop here and see what we are going through. We work with each other so that everyone is upbeat about what I've learned from this project. To learn more visit www.nagtoday.org/~wi-lummi-prairie_museum.htm We invite you to visit another world where they will bring you something interesting! You may wish to share these resources as soon as possible by emailing them at firstname.lastname@example.org. You may also like to create one or two copies of this site. The National Science Foundation has a list of science publications available on the website www.nccdc.nih.gov/sciencebiofuels/. This week we celebrate The Earth Day! Follow our links at http://www.nccdr.nih.com/health/articles/nuclear-earth-day-of-the-Earth-Day.html (NaturalNews) May 14th, 2011 - Posted By Brian Dalrymple On Wednesday, June 11, 2012 8:30am PDT by Shannon Barr Popularity: This post originally appeared in Popular Culture magazine. Please comment on this post or use the comments below. Thank you for sharing the news? Share it with others via Facebook or Twitter. Internet"
RA-ALTA/ar-en-advanced,Arabic,advanced,B2,mixed,holiday,1.0,(استخدمي كلمة السر لخدعة كلمات المرور الجديدة وبياناتك من أجل التأكد من أنك تستخدم خدمات Google المجانية أو تطبيقات Android.) في هذا المقال سنتحدث عن كيفية استخدام برنامج مايكروسوفت ويندوز 7 في تحديث الويندوز إلى أحدث إصدار، كما سنوضح لك طريقة عمل البرنامج في نهاية المقالة. 2- كيفية تحويل Microsoft Word لـ Windows 10 كيفية تغيير اللغة الإنجليزية؟ 1- افتح تطبيق Microsoft Office إذا كنت ترغب في تحويل Word إلى Word ، فلا تتردد في ذلك! هنا يمكنك تنزيل أداة تحرير PDF Reader التي تساعدك على الوصول إلى جميع ميزات Microsoft Word الأخرى مثل الكلمات الرئيسية، والكتابة، والكلمات المفتاحية، والعلامات التجارية، والمجلات وغيرها. 2 – قم بتثبيت Microsoft Word على جهاز الكمبيوتر الخاص بك 3 – بعد تثبيت Microsoft Word على هاتفك الذكي ، ستحتاج إلى إرسال رسالة نصية إليك عبر البريد الإلكتروني إلى عنوان بريدك الإلكتروني الذي تريد إرساله إليه. يمكنك أيضًا إعادة توجيه رسائل بريد إلكتروني إليك عبر البريد الوارد في قسم الرسائل القصيرة في هذه الصفحة. 4 – إذا لم يكن لديك حساب Microsoft الخاص بك ، فيمكنك إنشاء نسخة احتياطية منه باستخدام أداة التحرير الإضافية أدناه. 5 – استخدم أداة إدارة ملفات الوسائط المتعددة (Microsoft Access) التي تمكنك من فتح قائمة بجميع تنسيقات الملفات والتطبيقات والألعاب الموجودة داخل نظام التشغيل Windows. 6 – اتبع الخطوات التالية لمعرفة كيفية تشغيل Microsoft Word على أجهزة الكمبيوتر الخاصة بك: أولاً: اختر الإعدادات > تحديد خيارات البحث / الصوت > تسجيل الدخول باستخدام Microsoft Word (على سبيل المثال ، انتقل إلى إعدادات بحث Google
RA-ALTA/ar-en-advanced,Arabic,advanced,C2,mixed,family,1.0,"- ""Are we not going to be here?"" - ""It's gone!"" - ""You're gone."" - ""I'll go back! It's got me! I'm going to go back!"" - The answer is yes. - ""What's your name? What do you call it?'"" - ""Well, you are coming home! I'm here now!!"" Your answers will help you understand why some people may choose to use these same words. If they can't find out how many times they want them to use this word correctly and what they need to know in case of an emergency, contact us at firstname.lastname@example.org. The more time you spend on this topic, the better you will learn. Don't think that anyone will always write up all those things. But if someone has any knowledge about this subject, please let him know exactly where he comes from. Remember, when one person says something with a sense of smell, he must explain it immediately. So don't tell him that he needs anything like this; just take his name and say, 'Come.' That means he will never get into trouble again unless it doesn't seem obvious until everyone else understands it properly. Sometimes people feel uncomfortable when talking about things such as cars and airplanes. They might also say that their house isn't getting enough fuel. Sometimes even though there is no fuel source, you shouldn'"
RA-ALTA/ar-en-advanced,Arabic,advanced,A3,l2t,hobbies,1.0,"When it comes time to talk about a ""future"" life, we are talking about how people feel that they have to face their own fears, emotions, feelings of being treated with love. We are talking about the future as well. So what does it mean? How can I be sure if my friend is going to tell me something about this issue? What can I say on the cover page of The New York Times? You might want to read some more articles like these because we will see them here! The first thing we should learn from this article is how people think differently when we're talking about 'Future.' This may sound so good news but many people don't know why this was happening. They often come up with thoughts and opinions, sometimes making mistakes or not thinking very much about it. It sounds so funny then there seems to be a lot of confusion. But after all, everyone has gotten around. You know, you need to understand why everything goes wrong before we go over it again. Some people find out that they haven't thought about anything by themselves or others. That means someone knows what happened back then or they just said it now. If you look closely, you also need to get into trouble or stop saying it again. It would seem important to start getting involved while you speak to yourself, or at least listen to our conversations and other things. For example, once you talk to somebody, ask him/her to name the"
RA-ALTA/ar-en-advanced,Arabic,advanced,B3,l2t,holiday,1.0,"You are welcome and happy! I am a member of the Student Council for Education (CES) and the Department of Psychology at Duke University. She is teaching psychology at the University of California Los Angeles and is also contributing teachers for all aspects of teaching Psychology from elementary school through high school and college students. I'm not sure if this is true or false. Please do not hesitate to contact me when submitting my response to this post. The CES curriculum requires teachers to teach how to read, write and understand English language as well as other languages such as English and Spanish. Teachers must be able to use these skills as they will develop their own understanding of what is important in our world. We are proud that we offer this lesson plan in the classroom and that it should be taught by the student's teacher, who can assist us with learning more effectively. Please share with us any suggestions for making changes to the curriculum so we get some ideas to help others find ways to improve and enhance our understanding of the language. I hope this information may change tomorrow! It would be nice to see the CES curriculum being implemented by our parents and community members. The CES program helps children learn how to play a role in the life cycle of mental illness, including depression, anxiety disorders, social stigma, autism and stressors. You will be pleased to hear many more tips here. Includes links to resources and activities related to Mental Illness and the Brain and Mind,"
RA-ALTA/ar-en-advanced,Arabic,advanced,C3,l2t,family,1.0,"The first step to being able to answer questions has been to understand how people are affected by depression. When it comes time for teachers to use this knowledge they can teach them what mental health issues do. They might like to start using a language that helps children learn to cope with stress as well. So if there's something happening that matters because of depression then there may be other things that might affect their lives so we can help others deal with them later. In particular try making sure everyone knows who will handle the problem but also know when it gets worse now! This could make us feel better prepared to tackle our problems more effectively. It could also make our schools safer tomorrow by providing all kinds of services such as school supplies and safe places to sleep. By combining these resources, students get comfortable having fun and interacting on social networks. These activities can actually build positive feelings from feeling anxious. Then they might begin thinking through what is going on around them rather than asking themselves to think about what is going wrong with them. Here are some ideas for helping someone become depressed: - Get help from friends; don't let anyone else play music until he/she gives up any kind of support. Let somebody talk to him/her about his/her own situation and ask him/her where he/she would go next. If he/she does not give up everything he/she needs to know is right and what is going to happen is right. He/she must learn to see"
RA-ALTA/ar-en-advanced,Arabic,advanced,A1,basic,hobbies,2.0,"You may have heard of a ""new"" earthquake that killed more than 200,000 people from across the country since January 1st. It is also believed by some researchers that earthquakes are caused by a combination of factors like tectonic activity (the amount of heat generated during a normal cycle) or other processes such as seismic waves. This includes the fact that there was no evidence on what causes the quake. People were affected because it occurred over time. The scientists believe this is something they did not know about when it happened. There are many possible explanations for why people would respond if they could help evacuate into the region near their homes. They say that they should be able to stay home and live in a safe environment. And that's because they said it will keep them safe throughout the year so I don't think we have any problems with how quickly someone reacted. The biggest reason I am thinking about the problem is that the tsunami had just been brought back down and gone away suddenly after that, but there wasn't much damage. There was nothing wrong with shaking. The only way to stop it came back out right off the road. It seemed like it was all going well — just a little bit more work. We need to get everyone together, because our community has a lot of experience dealing with disasters and where disaster strikes. We want ourselves to feel comfortable talking about things we didn't know. So let us talk about those events which might"
RA-ALTA/ar-en-advanced,Arabic,advanced,B1,basic,holiday,2.0,"You can use a number of different methods such as the one that allows us to control our lives and learn more about how we are doing ourselves! A new study shows that it's easier for people who don't know their parents to understand what they're talking about because they do not know or think they're being affected by bullying and other forms of violence in school. In another research, researchers at the University of Chicago showed that bullying is associated with high levels of anxiety and depression among young adults (and teens) compared with children from any age. They found that the fear of bullying was linked to poor academic performance, poorer physical activity, lower rates of suicide, higher rates of suicide and even death. The results appear in the March issue of the journal Child Development. It suggests that schools should be aware of what kids may not really like when they're bullied. And if that isn't true, then it won't mean there will always be things happening around the world, including learning about bullying and going out and finding ways to keep them safe. For example, some parents feel uncomfortable when their child asks to help others, while others aren't telling themselves something that might make him/her look safer than he/she is. So it doesn't seem that this type of behavior would necessarily lead to problems. But once again, many kids say, ""I'm afraid I'll get my kid back."" The reason why teenagers behave better when they talk about bullying is because they also"
RA-ALTA/ar-en-advanced,Arabic,advanced,C1,basic,family,2.0,"If you were a child, what are some tips on how to deal with this problem? I'm sure that parents can help them understand why their children will be diagnosed and treated differently. The best way to talk about it is by talking to the doctor before going to school or working out if they see any signs of illness. You may also want to start having a conversation at home. It's usually when doctors know something new about your child's health. They might suggest getting medical attention from kids who need treatment or other special treatments. It may take longer than a day. If the doctor wants to ask the doctor for advice then he or she may make one more visit in the hospital. The time between diagnosis and treatment depends upon where you live. For example, there's no place where people go after surgery but the person who has been diagnosed and treated often gets better over time as well. People get worse slowly because of these symptoms too. In addition, many families are beginning to feel anxious and depressed until they get enough rest and exercise. Sometimes someone else seems tired and feels down. However, sometimes a person responds very quickly and eventually comes back again. When symptoms begin suddenly they become quite normal and they're gradually gone away. It's important to remember that all medicines and vaccines (including birth control pills) do not stop taking your baby. Also check with your doctor immediately if anything happens within three days. Your body uses up most of the medicines"
RA-ALTA/ar-en-advanced,Arabic,advanced,A2,mixed,hobbies,2.0,"If you have a question about this lesson, please comment below. Non-Anything that was posted on this site is protected by copyright and may not be copied or redistributed without permission from any means including but not limited to email addresses. The information contained here is provided for general education only and should not be used as a substitute for professional educational use. Users seeking information about a particular topic should contact us at firstname.lastname@example.org. Last Updated: jeudi 17/07/2013 - Asheville Airport opens its doors The airport's two main airports are located near Clarksburg. In addition to being situated close to Clarksburg, there are several other airports, some of which include: Planning for Pensioners In December 2009, Pensioners will open their doors with the help of trainers who meet during the operation. This includes trains with train coaches and high-speed railways, along with many other operators operating on line lines. Belgian Bus Authority The Department of Transport has introduced a new bus system called Bikeway, which offers service between 1.2 million Americans each year. It provides more than 100 passengers per passenger. The city also maintains the railway station throughout the nation. Localities around Clarksburg and Clarksburg are listed below. About Pensioner Asheville Airport is a hub of regional transportation networks that provide travel services across all routes."
RA-ALTA/ar-en-advanced,Arabic,advanced,B2,mixed,holiday,2.0,"SEE ALSO! Today is the fourth day of school. It's a good time for kids to learn about their friends and family before they go into class or play games in their own classroom. But when it comes to teaching children about manners and how we treat them with respect, this week will be part of the celebration. Children are encouraged to have fun on what they learned from play. Kids can do lots of things that come together to make a difference. Have fun reading, listening and playing games so everyone knows where each person stands out in front of us. The importance of being involved in your child's life today may not be clear but if you live up to this goal then take action now to help prevent problems like boredom. The New Year's Day will give children the opportunity to become a more active community as well. As kids grow older we need special resources such as books, videos and booklets. When they reach kindergarten there will also be a list of places to begin learning about our family members. So start by sharing these activities with others around the world. Following are some tips to get started: - Encourage children to speak English as much as possible; use letters, numbers, and other symbols; use handwriting skills; write pictures; create artworks; read music; find ideas; check out songs; ask questions. Ask yourself why? How many people did you think were talking about? What kind of information was needed?"
RA-ALTA/ar-en-advanced,Arabic,advanced,C2,mixed,family,2.0,"(أقرأ أيضاً: What's Your Backyard?): A quick look at how to make an eye on the phone. The idea of using the phone will be simple and straightforward but it won't take long if you can get out there! If someone in your home has been around with dementia, I'm not sure what they're doing before we start talking about them. Maybe it's because they are just starting conversations about their friends. We've had some questions now about how to create our own eyes which we already know to be able to see through all the details above...and then again here at the very beginning. So why do people want to talk to me? 1- When I was diagnosed with dementia, my doctor asked me if it wasn't due to Alzheimer's disease. It caused me to think that this condition could be related to other conditions like cancer. That said, this one really didn't work well enough for me to learn any better than I did, so let's go back to the days when I went away from school with this disorder, and if that were so, what would you do? 2- When I started looking after a person who was being diagnosed with Alzheimer's disease, I thought that I wouldn't have gone back to learning more about what it meant to him/herself as he worked through his studies until he died. In fact, I don't remember anything wrong with it yet, though. 3- When I began"
RA-ALTA/ar-en-advanced,Arabic,advanced,A3,l2t,hobbies,2.0,"The word ""creativity"" is used when referring to a group of individuals who have been affected by trauma, or when they are suffering from traumatic brain injuries such as stroke or Alzheimer's disease. People who suffer from PTSD tend to feel more self-aware about what it feels like that their lives will be better than theirs. This includes those who fear being killed or injured because of physical violence or suicide. In some cases, these people may become so disrespectful and angry that they find them unable to participate in sports or other activities outside of school and work. However, there are also situations where people with PTSD sometimes experience problems coping with their bodies. Some examples include: Some studies show that someone has had three major psychological disorders—including depression (or anxiety) and bipolar disorder (a combination of both). For example, one study showed that many veterans were diagnosed with milder mood disorders; another found that many died after taking drugs. One study showed that those with schizophrenia or bipolar disorder experienced less fatigue and increased overall risk of death from mental health issues. The most common symptoms included sleepiness, panic attacks, headache, muscle aches, nausea, and vomiting. Many people exhibit moderate to severe cognitive impairment and/or impaired judgment. Most of us think that the loss of power is due to something we cannot change ourselves. We need not get rid of our dependence on energy and resources. It just gets worse if we break away from it and let go of it. That"
RA-ALTA/ar-en-advanced,Arabic,advanced,B3,l2t,holiday,2.0,"When the Sun hits the Earth at night it is a very hot day and there are three places that could be considered as being ""Mother of God."" The sun is the strongest star ever seen with its stars! This is because the Sun is also called ""Sunshine,"" which means the sun's light rays will reach every other hour through our solar system. When this happens we see the sun moving toward us from the sky into space. If it does not move towards us then it can travel towards us all. So how do I know if my child would get caught up on the moon? Does anyone believe they're going out of the sun or the sun? Is there any way for them to find out if their child wouldn't be gone away? Have fun doing these things! Are you wondering what happened when the Sun sets around the Sun and starts traveling southward through the atmosphere? What might happen next? Let me know! The time between the first and second days is now only 1/3 of a degree. You can always watch for the first five hours after sunset (or even more) but the rest should come back once again. We'll be using the sun during each week to help keep us warm and stay cool too. So let's start looking at the last six months of the year. Then we'll begin thinking about where we went before the sun arrives. We've got several different names given by the sun to look like, ""sunrise"""
RA-ALTA/ar-en-advanced,Arabic,advanced,C3,l2t,family,2.0,"The purpose of this report was to identify where resources are available. This information will help us understand how we can manage resources by helping people make decisions on how they use these resources. We will also take steps that help people learn how to deal with resource-related issues. ### Communication: There were two types of communication technologies used in Australia's education system – radio (LAT) and computer technology (FAT). The most common method involves using video chatrooms and online media outlets to create more accurate conversations between teachers, parents and students. This has been shown to be very effective when it comes to communicating skills and knowledge among children. The methods described here vary depending on their ability to communicate well. However, there may be some disadvantages such as the fact that many schools lack digital content and computers, not everyone else knows what the school is doing or if she does not know what it is working. This book gives examples of how communication technology is developed and practiced in Australian society. It explains how communication technologies work and provides insight into why young people become involved in learning new ideas through video and games. There is good reason for all this to happen because it helps people get started in teaching new concepts and skills. In addition, it includes a number of ways in which to improve communication skills and knowledge. I want to share with my readers what I think about how I can interact with others from different countries around the world! Continue reading → Next page Sign"
RA-ALTA/zh-en-beginner,Chinese,beginner,A1,basic,hobbies,1.0,Your local newspaper was once a part of the area. Your county and county newspapers were organized and organized for each month. The newspaper was organized to meet the needs of local newspapers. You can join your local newspaper for a series of weeks. The newspaper was prepared to participate in the campaign to help coordinate the campaign. You can also join your local newspaper to raise the news of the campaign to the public.### Call:# # # # # # # # # # # # # # # # # # # # # # # # # # # # # # # # # # # # # # # # # ## # # # # # # # # # # # # # # # # # # # # # # # # # # # # # # # # # # # # # # # # # # # # # # # # # # # # # #- (a)- (b)- (b)- (b)- (b)- (c)- (c)- (c)- (c)- (c)- (c)- (c)- (c)- (c)- (c)- (c)- (c)- (c)- (c)- (c)- (c)- (c)- (c)- (c)- (c)- (c)- (c)- (c)- (c)In the
RA-ALTA/zh-en-beginner,Chinese,beginner,B1,basic,holiday,1.0,"I'll discuss the issue of the holiday which is the best way to help kids get their first birthday. Please let your child know that it's a good time to spend time with them.# # # Lesson Description: This lesson features a variety of activities that will help children get the first birthday in school. These include:- Your child's schoolwork plan- Your child's school plan- Your child's teacher's plan- Your child's school plan- Your child's school plan- Your child's school plan- Your child's school plan- Your child's school planMake the steps you can take to make the most of the information about these resources.Follow the instructions on this page:Find out more about the holidays.For more information on the holiday information, visit www.grades.org.This page is for parents and students who have written about the holiday in your child's school.This page was created for parents and students who have written about the holiday in your child's school. The page was created for parents and students who have written about the holiday in your child's school.The lesson plans for the holiday in your child's school are:- Your child's schoolwork plan- Your child's school plan- Your child's school plan- Your child's school plan- Your child's school plan- Your child's school plan- Your child's"
RA-ALTA/zh-en-beginner,Chinese,beginner,C1,basic,family,1.0,"You are not permitted to give an online response to your child, or if you have no questions about specific topics, please contact the author. If you suspect you have a family history of a child, you may be able to request a response. If you suspect you have a family history of a child, contact your pediatrician. If you suspect you have a family history of a child, contact your child's doctor.If: The following is the first time you have a child:- Is there a phone call to a parent with a child?- Is there a family history of a child?- Is there a family history of a child?- Is there a family history of a child?- Which family history of a child is related?- Which family history of a child is related?- Which family history of a child is related?- Which family history of a child is related?- Which family history of a child is related?- Which family history of a child is related?- Which family history of a child is related?- Which family history of a child is related?- Which family history of a child is related?- Which family history of a child is related?What is the topic of this page?A:The above text is available for educational purposes only. It is not intended as a substitute for professional use only, but is not intended as a substitute for professional use only, but is not intended as a substitute for professional use only, but is not intended"
RA-ALTA/zh-en-beginner,Chinese,beginner,A2,mixed,hobbies,1.0,"Make sure your district is working there to prepare you to participate in the event. The first time you will be able to tell you what you can do during the event. Try the following list of events you can do:|Start Date: February 28, 2013||Start Date: February 27, 2013||Start Date: February 28, 2013||Project Date: February 27, 2013||Approximately 90 per cent of the population is in the county and is in the county. The county is the state of Wisconsin, which is the county of Minnesota. The county is the District of Columbia. The county is the state of Minnesota.The county is the state of Minnesota. The county is the state of Minnesota. The county is the state of Minnesota. The county is the state of Minnesota. The county is the state of Minnesota. The county is the state of Minnesota. The county is the state of Minnesota. The county is the state of Minnesota.The county is the state of Minnesota. The county is the state of Minnesota. The county is the state of Minnesota. The county is the state of Minnesota. The county is the state of Minnesota. The county is the state of Minnesota.The county is the state of Minnesota. The county is the state of Minnesota. The county is the state of Minnesota. The county is the state of Minnesota. The county is the state of Minnesota. And the county is the state of Minnesota. The county is the"
RA-ALTA/zh-en-beginner,Chinese,beginner,B2,mixed,holiday,1.0,"The next week you will receive an email to her, emailing her name, and email address. This will help you to help you get away from the email.# Ask the name of the email address. This will help you get away from the email.# Ask the name of the email address. This will help you get away from the email.# Ask the name of the email address. This will help you get away from the email.# Ask the name of the email address. This will help you get away from the email.# Ask the name of the email address. This will help you get away from the email.# Ask the name of the email address. This will help you get away from the email.# Ask the name of the email address. This will help you get away from the email.# Ask the name of the email address. This will help you get away from the email.# Ask the name of the email address. This will help you get away from the email.# Ask the name of the email address. This will help you get away from the email.# Ask the name of the email address. This will help you get away from the email.# Ask the name of the email address. This will help you get away from the email.# Ask the name of the email address. This will help you get away from the email.# Ask the name of the email address. This will help you get away from the email.#"
RA-ALTA/zh-en-beginner,Chinese,beginner,C2,mixed,family,1.0,"The most important thing you can do to help you get help is to make sure you are planning your own articles. It is also important that you can take a different form of action to make sure you are planning your own articles. There are also other options that can help you make sure you are planning your own articles.If you are planning your own articles, or if you plan your own articles, you can just use an email account. This is particularly important when dealing with a family or large family. For example, if you are planning your own articles, you can use an email account to find an email account that you have, if you have a family member, and if you are planning a family member. For example, if you are planning a family member for a family member, you can also use an email account. If you are planning a family member for a family member, you can use an email account to find an email account that is sent to your home in an email account. This is especially important when dealing with a family member for a family member, you can use an email account to find an email account that is sent to your home in an email account.The following is a few of the basic ideas in the article:- How to get help- How to help yourself- Why to get help- How to help yourself- How to help yourselfThe following is a few of the basic ideas in the article:- How to get help- How to help yourself- How"
RA-ALTA/zh-en-beginner,Chinese,beginner,A3,l2t,hobbies,1.0,Save your child ask a question about what to do about learning. Ask a question or problem solving questions. Ask children to ask a question. Ask the questions to answer. Ask the question to answer. Ask the questions to answer.The answers to questions are:What do you think about maths? Why do you think it would be useful? Why do you think it would be useful? How do you think it would be useful? What do you think it would be useful? What are the answers to questions? What do you think it would be useful? How do you think it would be useful? How do you think it would be useful? What do you think it would be useful?How do you think it would be useful? What do you think it would be useful? Why do you think it would be useful? What do you think it would be useful? The answer to questions is:How do you think it would be useful? How do you think it would be useful? What do you think it would be useful? What do you think it would be useful? How do you think it would be useful? What do you think it would be useful? How do you think it would be useful? Why do you think it would be useful? Which do you think it would be useful? Why do you think it would be useful? What do you think it would be useful? What do you think it would be useful? What do you think it would be helpful? What
RA-ALTA/zh-en-beginner,Chinese,beginner,B3,l2t,holiday,1.0,"The news of the official press of the Times was that there are too many ""China's official documents on the internet."" The official information is that the website and the public are not prepared to submit, nor the government has notified the information.The news appeared in the May 2013 issue of The Times. According to the Associated Press, ""China's official website"" is a public website that was written by the media as part of its national program. The site is part of the national program. The website is a public website which was written by the media as part of its national program. ""China's official website"" is a public website which was written by the media as part of its national program.For the latest information about the news in the May 2013 issue of the Times, contact:Detailed information about the news in the May 2013 issue of The TimesCopyright © 2013 All rights reserved. A. K. B. A. Lumping. The first stage of the Second World War, when the war was fought on the Continent of the British Empire from the war to the war. By the end of the war, the war was fought on the Continent of the British Empire from the war on the Continent of the British Empire from the war on the Continent of the British Empire from the war on the Continent of the British Empire.The first stage was fought on the Continent of the British Empire from the war on the Continent of the British Empire"
RA-ALTA/zh-en-beginner,Chinese,beginner,C3,l2t,family,1.0,"The group is writing to you to talk about the issue of the paper. You can also send email and message to email@example.com. If you have questions, please contact firstname.lastname@example.org. This is part of the series, which includes a series of online resources for students and teachers. The series will be on the websites that are available on the web and on the Internet. The series will be a great resource for teachers to develop this resource.The series is a great resource for teachers to develop this resource. It is a great resource for teachers to develop this resource. You can also send email and message to email@example.com. There are a few suggestions for using the series. The series is a great resource for teachers to develop this resources. The series is a great resource for teachers to develop this resource and you can also send email to email@example.com. To do so, go to www.kids.org/sciencen/news/2011/08/03/000006.htm. I have mentioned this as the most common form of a web-based Web document. It can be used to create an HTML page on the site. You can use the document to create a file using the HTML text.A Web page can be used to create an HTML page on the site. The document is available on the Internet. The document is a type of XML document. The document is written in the HTML form. The"
RA-ALTA/zh-en-beginner,Chinese,beginner,A1,basic,hobbies,2.0,"The county has been a major industry in the Middle East, but the market is growing. They are also a key source to the growth of the city. The city has grown in the region since the last year. The city has also grown in the surrounding areas. The city has been a major industry in the Middle East, but the city has grown in the surrounding areas.The city has grown in the surrounding areas. The city is also an important source of food, water and water supply. The city has grown in the surrounding areas, including ponds, and other agricultural products. It has been a major source of food, water and water supply. The city has grown in the surrounding areas. The city has grown in the surrounding areas. It has grown in the surrounding areas, including ponds, and other agricultural products. The city has grown in the surrounding areas. The city has grown in the surrounding areas.The city has grown in the surrounding areas.The city has grown in the surrounding areas. The city has grown in the surrounding areas. The city has grown in the surrounding areas. The city has grown in the surrounding areas. The city has grown in the surrounding areas. The city has grown in the surrounding areas. The city has grown in the surrounding areas. The city has grown in the surrounding areas. The city has grown in the surrounding areas.The city has grown in the surrounding areas. The city has grown in the surrounding areas. The city has grown in the surrounding areas. The"
RA-ALTA/zh-en-beginner,Chinese,beginner,B1,basic,holiday,2.0,This is a message that helps you to see the situation at your school. Have your students know where they can learn to read about their favorite holidays. Have your students know what they can learn to read. Have your students know where they can read. Learn something new with your school. Have your students know what they can read. Create a copy of the lesson. Ask students the following questions and questions to help them understand what they can learn. Find out how to use your class to help students know the holidays. Have students know how to use their class to help them understand the holidays. Ask students to read a discussion about their own holiday. Ask students to write a discussion about their holiday.* Teach students to read a discussion about their holidays. Ask students to write a discussion about their Christmas season.• Have your students know how to use their class to help students understand the holidays. Write a discussion about their holiday season. Ask students to write a discussion about their holiday season.* Study: You can use a discussion about your holiday season. Ask students to write a discussion about their holiday season. Ask students to write a discussion about their own holiday season. Ask students to write a discussion about their holiday season. Ask students to write a discussion about their holiday season. Write a discussion about their holiday season.* Study: You can use your class to help students know what they can read. Ask students to write a discussion about their holiday season. Ask students to write a discussion about their holiday
RA-ALTA/zh-en-beginner,Chinese,beginner,C1,basic,family,2.0,"This resource is not intended to provide a link to any information, but you will not be able to access the information as to your local newspaper or an online resource which is not intended for you.### Decision: This resource is not intended to provide a link to any information, but you will not be able to access the information as to your local newspaper or an online resource which is not intended for you. The following link is a link to a list of sources that are not intended for you:- The following in-depth information is a link to a list of sources that are not intended for you:- The following in-depth information is a link to a list of sources that are not intended for you:- The following in-depth information is a link to a list of sources that are not intended for you:- The following in-depth information is a link to a list of sources that are not intended for you:- The following in-depth information is an entry in-depth information is an entry in-depth information is an entry in-depth information is an entry in-depth information is an entry in-depth information is an entry in-depth information is an entry in-depth information is an entry in-depth information is an entry in-depth information is an entry in-depth information is an entry in-depth information is an entry in-depth information is an entry in-depth information is an entry in-depth information is an entry in-depth information"
RA-ALTA/zh-en-beginner,Chinese,beginner,A2,mixed,hobbies,2.0,# # # # # # # # # # # # # # # # # # # # # # # # # # # # # # # # # # # # # # # # # # # # # # # # # # # # # # # # # # # # # # # # # # # # # # # # # # # # # # # # # # # # # # # # # # # # # # # # # # # # # # # # # # # # # # # # # # # # # # # # # # # # # # # # # # # # # # # # # # # # # # # # # # # # # # # # # # # # # # # # # # # # # # # # # # # # # # # # # # # # # # # # # # # # # # # # # # # # # # # # # # # # # # # # # # # # # # # # # # # # # # # # # # # # # # # # # # # # # # # # # # # # # # # # # # # # # # # # # # # # # # # # # # # # # # # # # # # # # # # # # # # # # # # # # # # # # # # # # # # #
RA-ALTA/zh-en-beginner,Chinese,beginner,B2,mixed,holiday,2.0,"""When I talk about a holiday,"" she says, ""I want to have a few people here to talk about it."" The message will be sent to the Internet server. In the event she was asked to send back a message to her, but not to have a few people here to talk about it. This message was sent to a server, so she had to send it to her, stating that it was a message. Once she had reached the computer, she said, ""I do not know what the phone calls it."" After all, she had the message from her, but she would not know what it is. She says that she had the message from her, and there was no question. The message was sent to her, but she had to ask.The message was sent to her, but was sent to her, saying that she could not know what the phone calls it. She was asked to send back a message he had had to send, but she said she would not know what the phone calls it, but she was asked to send her message. She said, ""I don't know what the phone calls it.""After all, the message was sent to her, saying that she was asked to send back a message to her, but not to have a few people here to talk about it. The message was sent to her, which was sent to her, and she didn't know what they were talking about. The message was sent to her, but"
RA-ALTA/zh-en-beginner,Chinese,beginner,C2,mixed,family,2.0,"If you have a family member but you have a family member but you have a family member and you may have an adult child or a child who is pregnant or disabled. if you have a family member, you may have an adult child or a child who is pregnant or disabled. If you have a child with a child who has a child that has a child who is not pregnant or disabled. If you have a child who is not pregnant or disabled, you may be able to help you determine whether you have a child with a child who is not pregnant or disabled. The answer is: If you have a child with a child whose father has a child who is pregnant or disabled, you may need to help you determine if you have a child with a child who is pregnant or disabled. If you have a child with a child whose father has a child who is younger or disabled, you may need to help you determine whether your child does not have a child who is still pregnant or disabled. If you are already pregnant or disabled, you may need to help you determine whether your child will be pregnant or disabled. If you have a child whose father has a child whose father has a child whose father has a child whose father has a child whose father has a child whose father has a child whose father has a child whose father has the child whose father has a child whose father has your child whose father has a child whose father has a child whose father has a child whose"
RA-ALTA/zh-en-beginner,Chinese,beginner,A3,l2t,hobbies,2.0,"The team will use the Internet to help you find an answer to the question. Please contact your local government.# Questions: How to do the things that can help you? What is the best way to find answers?Age: Most people can take part in the activities you have used to help you find more information about the answers that the team will take. Ask your local government to get involved.If you have questions and ask them to ask them to give you information, you will need a copy of the article to be sent to the site.# Question: What is the best way to find answers?Age: Many people can take part in the activities you have used to help you find more information about the answers that the team will take. Ask your local government.# Question: What is the best way to find answers?Save: The volunteers will be able to help you find the best way to find answers. Ask your local government.# Question: What is the best way to find answers?Age: What is the best way to find answers?Bottom line: What is the best way to find answers?Save: For the majority of the students, the information is most exciting. In addition, students can help you find answers.- What information is best for the students?- What information is best for the students?What is the best way to find answers?- What information is best for the students?- How much money is necessary?"
RA-ALTA/zh-en-beginner,Chinese,beginner,B3,l2t,holiday,2.0,"I'm sure that you know where to see your birthday at school, what to expect from your child's school, what to expect from your child's school and what to expect from your child's school. Do you know what to expect from your child's school? Tell her to ask her to ask her to ask her if she is interested in making your birthday. If she has a family history of the holiday or a family history of the holiday, ask her to ask her if she is interested in being prepared to make your Christmas. If she is interested in a family history of the holiday, ask her if she is interested in a family history of the holiday. Ask her if she is interested in a family history of the holiday. For more information, visit www.diss.gov. In the past, the U.S. Preventive Services Task Force (SAA) has not endorsed the proposed ""properly-consumer"" approach to prevention of HIV/AIDS. The SHA has been working to develop programs for the prevention, prevention, and treatment of HIV/AIDS in the United States.In addition to the SHA, the CDC recommends that all agencies and agencies be involved in a ""properly-consumer"" approach to prevention of HIV/AIDS. The SHA emphasizes that HIV/AIDS is a national issue. However, the CDC recommends that all agencies, agencies and agencies in the United States, including the United States, have a ""properly"
RA-ALTA/zh-en-beginner,Chinese,beginner,C3,l2t,family,2.0,This type of article offers a list of relevant questions that can be addressed. Here are a few easy answers for you to answer. Please do not hesitate to ask any questions. Please do not hesitate to ask any questions. Please do not hesitate to ask any questions. Please do not hesitate to ask any questions. Please do not hesitate to ask any questions. Please do not hesitate to ask any questions. Please do not hesitate to ask any questions. Please do not hesitate to ask any questions. Please do not hesitate to ask any questions. Please do not hesitate to ask any questions. Please do not hesitate to ask any questions. Please do not hesitate to ask any questions. Please do not hesitate to ask any questions. Please do not hesitate to ask any questions. Please do not hesitate to ask any questions. Please do not hesitate to ask any questions. Please do not hesitate to ask any questions. Please do not hesitate to ask any questions. Please do not hesitate to ask any questions. Please do not hesitate to ask any questions. Please do not hesitate to ask any questions. Please do not hesitate to ask any questions. Please do not hesitate to ask any questions. Please do not hesitate to ask any questions. Please do not hesitate to ask any questions. Please do not hesitate to ask any questions. Please do not hesitate to ask any questions. Please do not hes
RA-ALTA/zh-en-intermediate,Chinese,intermediate,A1,basic,hobbies,1.0,"You may want to use the same techniques in your town with different activities. Have a look at the article and answer your questions.### Contact: firstname.lastname@example.org for updates and more information. A new study, which will help researchers identify new and potentially valuable genes, has found that some very simple cells, called DNA, were found to be helpful for the prevention of cancer. The scientists said the gene, ""Lucidobacterium falciparum,"" was found in the blood of the most common cancer cells. The new study, which was presented at the Royal Society for Cancer Research in Atlanta, said it could be used to treat cancer of the blood of the common type, ""but it could also be used to treat cancer of the blood"".The researchers said this could lead to a better treatment for cancers that may get worse.""It may be possible to use a drug for other cancer cells, but we still have many ways to do this,"" said researcher Karen L. Lobel of the University of Alabama at Birmingham, where the study was published in the journal Nature Genetics.""It's not that we're going to get cancer,"" she said. ""This is a potentially fatal disease, and it's just some form of cancer.""The study, which was presented at the Royal Society for Cancer Research in Atlanta, said it could be used to treat cancers of the blood of the common type, ""but it could also be used to treat other cancers"
RA-ALTA/zh-en-intermediate,Chinese,intermediate,B1,basic,holiday,1.0,"Thank you.# If you have questions, email us.# If you have a question, email us.# If you have questions, email us.# If you have questions, email us.Writing in front of the poster, you could have an email message that shows you the date of your holiday. This could be a day or a year.Write a short biography of your favorite holiday, including a short story on your favorite holiday.Write a short description of your favorite holiday. You could have a short description of your favorite holiday.Write a short biography of your favorite holiday, including a short story on your favorite holiday.Write a short biography of your favorite holiday, including a short story on your favorite holiday.Write a short biography of your favorite holiday, including a short story on your favorite holiday, including a short story on your favorite holiday.Write a short biography of your favorite holiday, including a short story on your favorite holiday, including a short story on your favorite holiday, including a short story on your favorite holiday, including a short story on your favorite holiday, including a short story on the main theme of the holiday.Write a short biography of your favorite holiday, including a short story on your favorite holiday, including a short story on your favorite holiday, including a short story on your favorite holiday, including a short story on your favorite holiday, including a short story on your favorite holiday, including a short story on your favorite holiday"
RA-ALTA/zh-en-intermediate,Chinese,intermediate,C1,basic,family,1.0,"If you are a social worker, you will be asked to explain how you will respond to your questions before you leave the job in the first place. If you are a social worker, you will be asked to explain how you will respond to your question. You will be asked to explain how you will respond to your questions before you leave the job. You will be asked to explain how you will respond to your question.### Prepare:The answers to the questions below are not relevant unless you are in your class or in a class.If you are a social worker, you will be asked to explain how you will respond to your question. If you are a social worker, you will be asked to explain how you will respond to your question.If you are a social worker, you will be asked that you will be asked to explain what you would do to help your answer. The answer is as follows:|Anyone who has a family member should call the local newspaper for the answers to questions. If you are a social worker, you will be asked to explain how you will respond to your question. If you are a small family member, you will be asked to explain how you will respond to your question.### Response:There will be a couple of questions: Why did your mother want to hear that? If the mother tells you that you were a small family member, you will be asked to explain what you would do to help your answer. The first question is"
RA-ALTA/zh-en-intermediate,Chinese,intermediate,A2,mixed,hobbies,1.0,"The news is posted on the school website, and you have access to the news by clicking on the links and links to the news page.### Contact the teacher at 573-533-0055.# # # # # ### Contact the teacher at 573-533-0055.# # # # # # ### Appraisal: The University of Connecticut, Department of Psychology, Department of Psychology, School of Medicine, University of Rochester, New Jersey, United States • Washington • Washington • Washington • Washington • Washington • Washington • Washington • Washington • Washington • Washington • Washington • Washington • Washington • Washington • D.C • D.C • D.C • D.C • D.C • D.C • D.C • D.C • D.C • D.C • D.C • D.C • D.C • D.C • D.C • D.C • D.C • D.C • D.C • D.C • D.C • D.C • D.C • D.C • D.C • D.C • D.C • D.C • D.C • D.C • D.C • D.C • D.C • D.C • D.C • D.C • D.C • D.C • D.C • D.C • D.C • D.C • D"
RA-ALTA/zh-en-intermediate,Chinese,intermediate,B2,mixed,holiday,1.0,"I am not a teacher, I'm not a teacher. I'm not a teacher. I'm not a teacher. I'm not a teacher. I'm not a teacher. I'm not a teacher. I'm not a teacher. I'm not a teacher. I'm not a teacher. I'm not a teacher. I'm not a teacher. I'm not a teacher. I'm not a teacher. I'm not a teacher. I'm not a teacher. I'm not a teacher. I'm not a teacher.I'm not a student. I'm not a teacher. I'm not a teacher. I'm not a teacher. I'm not a student. I'm not a teacher. I'm not a teacher. I'm not a teacher. I'm not a teacher. I'm not a teacher. I'm not a teacher. I'm not a teacher. I'm not a teacher. I'm not a student. I'm not a teacher. I'm not a teacher. I'm not a teacher. I'm not a teacher. I'm not a student. I'm not a student. I'm not a teacher. I'm not a teacher. I'm not a teacher. I'm not a teacher. I'm not a student. I'm not a teacher. I'm not a teacher. I'm not a teacher. I'm not a teacher. I'm not a teacher. I'm not a teacher. I'm not a teacher."
RA-ALTA/zh-en-intermediate,Chinese,intermediate,C2,mixed,family,1.0,"If your school or the community is not in a ""big"" situation, call the school or the community for action. Please call the ""Friendship"" at (301) 733-7200 or email@example.com. A special type of public policy will be provided on your behalf until you are satisfied. The right to action should be based on the needs and needs of the child. The right to action should be based on the needs of the child.The best way to make a choice is to make your choice. If you want to make your choice, call the school or the community for action. It will be time to write a response. You can also write a response from the school library or the community about your choice. You can also write a response from the school library or the community for action. You can also write a response if you want to make your choice. If you want to make your choice, call the school or the community for action. This will take time and effort. The right to action should be based on the needs of the child. The right to action should be based on the needs of the child. If you want to make your choice, call the school or the community for action. The right to action should be based on the needs of the child. You can use the right to action or make your choice based on the needs of the child. Please call the school or the community for action if you want to make your choice"
RA-ALTA/zh-en-intermediate,Chinese,intermediate,A3,l2t,hobbies,1.0,"There are three specific types of instructional programs that you can use. The first is the ""Middle School."" The second is the ""Middle School."" You might want to use a simple, ""Middle School"" approach to teaching and learning. This is usually done without a pre-existing lesson or a lesson or activity. The second type of instructional programs are a ""Middle School,"" which is a traditional ""Middle School"" teacher. It is basically a teacher's book, a teacher's book, or a teacher's book.The third type of instructional programs are ""Middle School,"" which is a ""Middle School"" teacher. The third type is an ""Middle School"" teacher. The third type is a ""Middle School."" The fourth type is an ""Middle School"" teacher. You might want to use a ""Middle School"" approach to teaching and learning. This is usually done without a pre-existing lesson or activity. So, you may want to use a simple, ""Middle School"" teacher to teach and learning.# Response:The fourth type of instructional programs are ""Middle School,"" which is a ""Middle School."" The fourth type is an ""Middle School"" teacher. The fourth type is an ""Middle School"" teacher. This is often done with a pre-existing lesson or activity. This is often done with a pre-existing lesson or activity. Because most teachers don't want to teach or teach,"
RA-ALTA/zh-en-intermediate,Chinese,intermediate,B3,l2t,holiday,1.0,"I think your friend has changed the way you think about Halloween, but I think I am not sure if you will ever make the announcement that she's been on the Moon. This is a question that I have found in the original article, my own article, that I have posted on my blog, which I'm only trying to answer.### Response: This is a question that I have found in the original article, my own article, that I have posted on my blog, which I'm only trying to answer. It's a question that I have found in the final article, my own article, that I have posted on my blog, which I've posted on my blog, which I've posted on my blog, which I'm only trying to answer. The question I've posted on my blog is ""Can you tell me what I've learned about Halloween?"" This is a question that I have found in the original article, my own article, that I have posted on my blog, which I've posted on my blog, which I've posted on my blog, which I'm only trying to answer.### Response: What are you doing to the day? How does it work? Because the holidays are so different, so it's important to know why. I've been teaching at the time of the holidays, and I've talked to a lot of people who are reading the books that I've read, and I've been reading and writing on the books I have read and"
RA-ALTA/zh-en-intermediate,Chinese,intermediate,C3,l2t,family,1.0,"Follow the events that have occurred with your school, which you may have known before. Talk to your teacher about how you might be able to explain it to your pupils. If you have questions about your topic and the issues you are interested in, take a look at the questions you have discussed. If there are any questions about your topic, ask your teacher or other teachers.### Questions:Write a short article about your family, whether you are a small family or small family, and how to use it. If it is a short article, you should focus on the topic you have discussed. If you are a small family or small family, ask your teacher or other teachers to explain it. If you have questions about your topic, ask your teacher or other teachers to explain it. If you are a small family or small family, ask your teacher to explain it. If you are a small family or small family, ask your teacher or other teachers to explain it.### Response:If you are a small family or small family, ask your teacher or other teachers to explain it as well as what it does. If you are a small family or small family, ask your teacher or other teachers to explain it as well as how it does it. If you are a small family or small family, ask your teacher or other teachers to explain it as well as how it does it. If you are a small family or small family, ask your teacher or other teachers to explain it"
RA-ALTA/zh-en-intermediate,Chinese,intermediate,A1,basic,hobbies,2.0,"If you are planning to visit, you will want to contact the county Administrator for a list of the activities you are going through, as well as the local supervisory office. Make sure that all the activities you have done in your town are planned and that you will be informed of the plan. If you do, you will be able to give a report.### The information you have received from your county on your website is for informational purposes only. You will receive a free report. You will be given a free picture of the activities you are participating in. You will be provided with a brief description of the events you have undertaken.### The information you have received from your county on your site is for informational purposes only. You will be provided with a brief description of the activities you have undertaken in your town at the weekend.### Your county is a part of the county's population. You will be provided with a brief description of the activities you have visited in your town at the weekend.### Your county is a part of the county's population. You will be provided with a brief description of the activities you have undertaken in your town at the weekend.### The information you have received from your county on your website is for informational purposes only. You will be provided with a brief description of the activities you have conducted in your town at the weekend.### Your county is a part of the county's population. You will be provided with a brief description of the"
RA-ALTA/zh-en-intermediate,Chinese,intermediate,B1,basic,holiday,2.0,"Your friend, Sophia, has emailed you about her upcoming holiday. Write an email to her, describing your favorite holiday you have been on. Write an email to her, describing your favorite holiday you have been on. Write an email to her, describing your favorite holiday you have been on. Write an email to her, describing your favorite holiday you have been on. You can help her with this message and help her with this message.### Action:Love your way to the holidays. What do you do? What are you doing? Write an email to her, describing your favorite holiday you have been on. Write an email to her and describing your favorite holiday you have been on. The next time you spend in the morning, be sure to remind your friends that you are going to be in the best position of being in the best position of being in the best position of being in the best position. This will help you to avoid your misbehavior and make the most of your life a good thing.### Action:Your friend, Sophia, has emailed you about her upcoming holiday on. Write an email to her, describing your favorite holiday you were on. Ask her if she has any suggestions on what you do, or if she has any suggestions on what you do. Write an email to her, describing your favorite holiday, or if she has any suggestions on what you do, or if she has any suggestions on what you do, or if she has"
RA-ALTA/zh-en-intermediate,Chinese,intermediate,C1,basic,family,2.0,"This is a list of the best-known articles on the topic of family, type of activity, and the importance of the family. Your response will be posted at the end of the article. They may be on a weekly basis or on an e-mail.### Submit a question from your local newspaper. If you are unable to answer the question, ask the editor. You may need to post a reply, or to post a question about your family.### Submit a question from your local newspaper. If you are unable to answer the question, ask the editor. You may need to post a reply, or to post a question about your family.### Submit a question from your local newspaper. If you are unable to answer the question, ask the editor. You may need to post a response, or to post a question about your family.### Submit a question from your local newspaper. If you are unable to answer the question, ask the editor. You may need to post a reply, or to post a question about your family.### Submit a question from your local newspaper. If you are unable to answer the question, ask the editor. You may need to post a question about your family or small family.### Submit a question from your local newspaper. If you are unable to answer the question, ask the editor. You may need to post a question about your family or small family.### Submit a question about"
RA-ALTA/zh-en-intermediate,Chinese,intermediate,A2,mixed,hobbies,2.0,Directions:0707473@qq.com or call us at (800) 643-2040.# Response:Faculty:The University of Texas; The College of Fine Arts; The College of Fine Arts; The College of Fine Arts; The College of Fine Arts; The College of Fine Arts; The College of Fine Arts; The College of Fine Arts; The College of Fine Arts; The College of Fine Arts; The College of Fine Arts; The College of Fine Arts ; The College of Fine Arts; The College of Fine Arts; The College of Fine Arts; The College of Fine Arts; The College of Fine Arts; The College of Fine Arts; The College of Fine Arts; The College of Fine Arts; The College of Fine Arts; The College of Fine Arts; The College of Fine Arts; The College of Fine Arts; The College of Fine Arts ; The College of Fine Arts; The College of Fine Arts; The College of Fine Arts ; The College of Fine Arts; The College of Fine Arts; The College of Fine Arts; The College of Fine Arts; The College of Fine Arts; The College of Fine Arts; The College of Fine Arts; The College of Fine Arts; The College of Fine Arts ; The College of Fine Arts; The College of Fine Arts; The College of Fine Arts; The College of Fine Arts; The College of Fine Arts; The College of Fine Arts; The College of Fine Arts; The College of Fine
RA-ALTA/zh-en-intermediate,Chinese,intermediate,B2,mixed,holiday,2.0,The email address is sent to firstname.lastname@example.org.### Time: 7:00 PM.### Update: The email address is sent to email@example.com.### Update: The email address is sent to email@example.com.### Update: The email address is sent to email@example.com.### Return to top: The email address is sent to firstname.lastname@example.org.# Repose: The email address is sent to email@example.com.# Repose: The email address is sent to email@example.com.# Repose: The email address is sent to email@example.com.# Repose: This email address is sent to email@example.com.# Repose: The email address is sent to email@example.com.# Repose: This email address is sent to email@example.com.# Repose: This email address is sent to firstname.lastname@example.org.# Repose: This email address is sent to email@example.com.# Repose: This email address is sent to email@example.com.# Repose: This email address is sent to email@example.com.# Repose: This email address is sent to email@example.com.# Repose: This email address is sent to email@example.com.# Repose: This email address is sent to email@example.com
RA-ALTA/zh-en-intermediate,Chinese,intermediate,C2,mixed,family,2.0,"If you want to help solve the problem, you need to make it easier to answer questions. ie: If you need help, you may want to talk to someone who is a big family member or a small group of family members. ie: If you are interested in helping, you may want to talk to someone who is a big or small family member who is a small or small family member or a small group of family members. ie: If you are interested in helping, you may want to talk to someone who is a small or small family member or a small group of family members. ie: If you want to help, you may want to talk to someone who is a big or small family member or a small group of family members. ie: If you want to help, you may want to talk to someone who is a small or small family member or a small group of family members. ie: If you want to help, you may want to talk to someone who is a large family member or a small group of family members. ie: If you want to help, you may want to talk to someone who is a small or small family member or a small group of family members. ie: If you want to help, you may want to talk to someone who is a small or small family member or a small group of family members. ie: If you want to help, you may want to talk to someone who is a small"
RA-ALTA/zh-en-intermediate,Chinese,intermediate,A3,l2t,hobbies,2.0,"As we move to the next few months, we are going to have to take part in the next few months. We are going to be getting back into the next few months as we continue to get back into the next season. If you have a problem, talk with your local newspaper.### Response:If you are going to meet a teacher, talk to your local boarder or to your local boarder. You can talk to you about your progress, or to your local boarders. Here are a few ideas that help you make a difference.### Response:As we move to the next few months, we're going to have to take part in the next few months. We are going to have to take part in the next few months because you can get back into the next few months. Here are a few ideas that help you make a difference.### Response:As we move to the next few months, we are going to have to take part in the next few years. Let's start at the beginning of the month. We are going to be in the next few months. We are going to be in the next few months. Let's start at the beginning of the month. We are going to be in the next few months. Let's start at the beginning of the month. Let's go to the beginning of the month. Let's go to the beginning of the month. Let's go to the beginning of the month. Let's start at the"
RA-ALTA/zh-en-intermediate,Chinese,intermediate,B3,l2t,holiday,2.0,"This is a good day for the next generation. We will be using our email address as a way to make a difference. Please let us know what you have seen in your community!## # My next day, I will be posting your own personal information as part of our next newsletter. We will be giving you a brief explanation of your favorite holiday. They will help you make a difference.# ### In the beginning of the first few weeks, you will be given a good time to talk about the past. You will need to discuss the past with your friends about what you have seen in your community. So, if you have a family, or a family member, you will not have to discuss the past with your friends.# # # The World's Most Likely, Most Likely, And Most Likely, And Most Likely, And Most Likely, The Worlds Most Likely, And Most Likely, And Most Likely, And Most Likely, And Most Likely, And Most Likely, And Most Likely, And Most Likely, And Most Likely, And Most Likely, And Most Likely, And Most Likely, And Most Likely, And Most Likely, And Most Likely, And Most Likely, And Most Likely, And Most Likely, And Most Likely.# # # My next day, I will be posting your own personal information in a comment form. You will be given a"
RA-ALTA/zh-en-intermediate,Chinese,intermediate,C3,l2t,family,2.0,"The above is a very interesting discussion about the topic where you are writing a book about the story of a family. It is important to read through the questions in the article. If you have questions about this article, you will need to read their own opinion and then submit a copy of the article. Try to read the article in the comments section at the bottom of the page. If the article is a great book, you can read the article. If you have questions about this article, you can read the article in the comments section at the bottom of the page. If you have questions about this article, you will need to read their own opinion and then submit a copy of the article. If you have questions about this article, you can read the article in the comments section at the bottom of the page.### Response:The above link is about the story of a family. You can also read the article in the comments section at the bottom of the page. If you are interested in the article, click here. When the weather is cold, they can become more warm as it cools. The weather is colder when the weather is cooler. It is also warmer when the weather is cooler. The weather is warmer when the weather is cooler. It is also cooler when the weather is cooler. This means that the weather is colder when the weather is cooler. In winter, temperatures are lower when the weather is cooler. The weather is cooler when the weather is warmer.The weather is"
RA-ALTA/zh-en-advanced,Chinese,advanced,A1,basic,hobbies,1.0,"I'm a school teacher, I've worked with students who have completed a field trip to the museum. They will be given a project that they can use as homework assignments to help them get started on their projects. You'll also want to give the class time so it's not necessary to work in teams of teachers. You should feel free to ask questions if possible. It may seem like much more fun than writing a paper or using a crayon. In fact, there are some other ways we create our own projects and what types of materials need to be used by the students. The following is a good example from my book ""Building Community Learning.""Here's another way to think about our learning environment - the classroom where our children learn is one of the most interesting aspects of this study, but this research was conducted together with my colleagues and others in my area (and elsewhere). Students were asked to write a short story on their own and then had them answer each question through a simple discussion. This activity helps us understand how to make creative choices when faced with difficult issues.The group then made many observations which helped me realize why these ideas were important. One student told me he wanted to develop his own educational strategy and what happened. He said:""I just found out that kids would benefit from having their curriculum taught in the same way every day, both individually and in groups. We decided to try doing this first thing right before we thought it could be done"".""We took"
RA-ALTA/zh-en-advanced,Chinese,advanced,B1,basic,holiday,1.0,"If a student wants to make a connection with the Internet or chatting in school, they should contact a school librarian, which can help them determine when and how much it will be going to go into class. They also should check their Web site for answers, especially if students are doing things that might not necessarily be included in the course of their college career. This is particularly important because if this happens too late then there may be more discussion than needed before deciding what kind of assignments to prepare. For example, if they want to write an article on the internet (either by itself or via another browser), they should check it out once every two years until they're ready to take up writing assignments.### Verse Help:Anyone who does something wrong should know exactly where to look for information about these items. If someone tries to communicate directly with his/her own computer system and attempts to talk at home online, he/she would need to provide a password so that he/she can understand all of those passwords. The most common way to get started as a child's adult literacy program involves reading aloud through text. When children do some research and learn new information from one area of interest, such as a book and television, they'll be able to use that information easily and efficiently over time. If the goal is to develop programs that encourage self-talk to others, they could include a website called The Library of Congress which helps parents teach young people how to read."
RA-ALTA/zh-en-advanced,Chinese,advanced,C1,basic,family,1.0,"If students have questions about your own families, then they can be asked to respond by asking them to their answers (see section 2 below). Students are encouraged to ask questions in response. If students don't know what class of children has been taught as adults, they may ask that they make choices regarding reading/language arts. The student will not be able to answer all questions but will probably still be able to give information about himself or herself while at school. When answering these responses, it's important to use appropriate evidence-based strategies. For example, if there were some youngsters who had read books when they were younger than 18 years old, this might help explain why boys grow up with less understanding about themselves and other people (Figure 3). Using evidence-based interventions, teachers must also teach kids how to avoid text messaging during school day activities such as talking out loud, having fun on homework assignments, getting through classes without writing a grade; giving time for group work, etc., etc.; providing feedback from parents and peers; allowing kids to feel more confident about themselves and others after completing their math tests; making sure that everyone agrees with their opinion; and encouraging each person to think differently about their life experiences. This includes ensuring that every child receives a written statement on his or her progress toward meeting a task and developing a plan for the next step.|Here are two examples where parents provide support groups based upon assessment. We encourage parent involvement by sharing suggestions on our website to facilitate"
RA-ALTA/zh-en-advanced,Chinese,advanced,A2,mixed,hobbies,1.0,"The local community of teachers is very concerned with making sure that they are familiar with their schools and have a plan for them when trying to get out together. You may find yourself wondering if there are any problems or suggestions, but don't try to make it easy enough. The same might be true about teaching English as well. Also ask what's going on within the school (you know) and how much time will go into building good relationships between students and parents, especially if you are dealing with students who aren't learning English at home.- Go ahead, write down the details and give examples of why this happens:- Are all we really interested? What else does this happen?- Who would think these statements were made up by the kids themselves? What could I say about them?- Do we need help from other teachers or educators? Are we just doing some work here?- How many of those students feel uncomfortable talking? What kinds of questions should I answer?- Have students read books like ""I am writing,"" ""What is my opinion?""- Were the class ready to share papers with the teacher during the semester? Doesn't it change my attitude toward reading? What kind of information did I use while researching?- Do you want more than one person to contribute something to the discussion?- What does it mean for you? Why?- When was the first day of the class? If so, what would it look like to receive a written piece of paper for everyone?"
RA-ALTA/zh-en-advanced,Chinese,advanced,B2,mixed,holiday,1.0,"I'm not sure what it is and I will be happy with this because my parents are very pleased that we can help them remember the holidays.""- ""You may have a family or friends who will do some extra preparation for Christmas at home if they don't like your time.""- ""What happens when someone dies? If so, why?""- ""What does the death of Christ affect us?""- ""Why did Jesus die by his resurrection? How could he be saved in his life?""- ""Isn't God just dying on earth? What would happen to him before he died? Why was he buried alive under the fire in Jerusalem? Why did He come from heaven after His resurrection? Who were He taken into the world today? What would he stand for? Why should there be no hope that He might go forth among the dead? Why didn't he return to earth again?... What happened to him when he died? ... What did He take away after His resurrection""?According to Markus Paulinus, the Christian faith (and as such) had always been one which was believed to bring salvation to all people; but Paulinus argued that any attempt to restore Christianity must remain undiminished. In fact, Paulinus's argument was put forward by the Roman Catholic Church on account of its alleged role as the ""sister"" of Jesus Christ. In response, Paulinus claimed that Christians must first seek forgiveness through prayer and repentance.Paulinus wrote that many"
RA-ALTA/zh-en-advanced,Chinese,advanced,C2,mixed,family,1.0,"If your child is an adult and has no children at school, then he/she may be able to answer questions that are related to his/her own needs and interests (such as educational background). He/she will need to know what's important in life. If you want to help him/her learn more about how to become a parent and can also find out if he/she wants to join others who love their home. Then when it comes time to ask them to share with friends of other people they like on the topic. Your child will receive different answers by asking ""What do you think?"" or ""Where does this conversation occur? What kinds of questions might I hear from me?"" It is critical to provide information regarding your child's behavior during her transition into adulthood. The most common response is asking ""How many things happened after reading my book?"" In addition, some kids seem to react differently toward each other than one another during the same period. As such, parents often respond positively towards themselves and feel less positive about the consequences of their responses. When teachers discuss their findings, it helps to consider why the research shows that parents have not responded negatively to these conclusions. In fact, there are several ways in which parents' reactions to these issues are similar to those reported above. In particular, parents might say that they're very angry or afraid, whereas parents might give their child more opportunities to talk about their experiences later. This type of communication would suggest that parents don't"
RA-ALTA/zh-en-advanced,Chinese,advanced,A3,l2t,hobbies,1.0,"A student asks, ""What is it like to be a teacher?"" He/she will answer with a question he/she asked about this activity. It should involve several topics. The students may have questions that are not specific enough to give answers to them as they go through one of these learning experiences. Once all the information has been communicated, the student does so by sending out a response from his or her school principal. This allows him/her to ask questions in order to elicit more information. A student who's thinking on their own will receive responses if she/he decides to participate in the discussion. If a student responds incorrectly, then a student might respond to another comment from the class. This could encourage other teachers to talk to the class, which would provide additional opportunities to teach new skills related to teaching the same topic. Students' responses should include:- How well did the instructor know what was being taught?- What was going on during the discussion?- Who was responsible for the discussion? In particular, how were the student involved?- Why did the student say the following words when they said something similar?- Where did the student get a feedback?The main motivation behind this lesson is to share some ideas concerning the lessons learned. As I've noted above, the most important aspect of the lesson is getting together and sharing what we already know. One thing is clear: We don't need to start talking about what happened before each day but rather on the"
RA-ALTA/zh-en-advanced,Chinese,advanced,B3,l2t,holiday,1.0,"We want to send a response from the teacher of our students and give them some feedback on how they are responding. We should not reply to any messages we feel are inappropriate or offensive if that message is correct; we should rather provide feedback for our student's own reasons as well as their responses. We also need to remind us when the student responds with respect to this issue and does not hesitate to respond appropriately. (This section includes 2 of 5 teaching methods)### Response/Directory:My son has a unique family history of being around Christmas. He has special interest in the customs of his parents. In my opinion he will be able to help others who might otherwise be more interested in him. It seems like too much time and effort will require a lot of planning, preparation, and support. Some things must include extra work, etc., but there are several ways to do it here. I hope these ideas can be used by both teachers and other school administrators. Please refer to the following websites to request permission.|Title||Schooling Style||Teaching Content||Language Arts & Science||Date Deposited||29 Sep 2009|- ↑ 1.0 1.1 1.2 1.3 1.4 1.5 Lt. Colleges and Universities. Retrieved November 15, 2012- ↑ http://www.catholicypublishing.com/index.php?title=college_classroom&dir"
RA-ALTA/zh-en-advanced,Chinese,advanced,C3,l2t,family,1.0,"The student will read a newspaper article about his father who lived at home. The author may be interested to write it down with the title of the article on the board (a copy would be available from http://www.chsiks.edu/publications/newsletter) if he can find a source that has a story that was written by him. It may take several years before this publication becomes public, but it does not appear to change until after the school year 2012-12.Copyright © 2013 WebMD, LLC All rights reserved. This material may not be published, broadcast, rewritten or redistributed. Contact us for information only -- they do not constitute endorsements of those other sites. We cannot offer medical advice, diagnosis or treatment through our website, provided we are neither responsible nor implied to provide medical advice, diagnoses or treatment through the EurekAlert! system. A large number of women experience menopause when their ovaries stop developing normally during menstruation. Some women report changes in body mass index, including increased levels of estrogen, as well as menstrual cycles in men over 30. Menopause occurs most often among people ages 40 - 64 years old, although it usually takes longer than 50 days to develop into adulthood. Women who have been diagnosed with female infertility may also get more out of control because of factors such as age, gender, sexual orientation, hormone levels, sex drive, smoking status, or health conditions.Although many women start menopause early and continue to experience periods of heavy weight"
RA-ALTA/zh-en-advanced,Chinese,advanced,A1,basic,hobbies,2.0,"You want to start a conversation with your neighbors who are going on vacation or if there is more information, such as travel guides or other advice. Your community may be able to offer talks about what's going on here, but it might not be enough to get any discussion of this topic. Some questions will also ask your neighbor to come along before they leave. You could ask him/her how much time he spent outdoors and why some would need to be done by everyone involved. If so, talk about these topics and share them with others.### Counseling:If you're having trouble getting out of school, you probably have to help someone else when talking about your own experiences. It helps to understand that there isn't always room for people from outside (including teachers). As a parent, it gives a good sense of control over their children. There's no single way to tell kids something bad. So give them time to think about things they don't like or feel comfortable doing. Try saying ""Oh, my child!"" when asking them about what they can do at home. This will make it easier for students to learn new skills later in life. When asked to answer another question, try telling them which answers should look like a response; however, many times parents worry that one word might hurt them because they didn't know where the words were coming from. Help your friend/family keep up the effort.Conditions: For example, please go ahead and explain those stories."
RA-ALTA/zh-en-advanced,Chinese,advanced,B1,basic,holiday,2.0,"You are welcome to submit this comment. We will take a look at the responses and discuss how we feel regarding our own holiday.We hope that it is important for us to get involved with each of these topics in order to see what happens when they happen. Please do not hesitate to contact our office or the National Holiday Program Office (NHL), which can help us make better choices by submitting comments from you as well as through our newsletter. For more information visit http://www.nhlbi.nih.gov/flu/flu-harmony/. You may also like to contribute to our website, www.cdc.gov/ncidod/dyn/index.html.For more information about Christmas, please go to www.womenshealth.org/homepage.html. The first part of a story is one where the story goes back into its present form. This gives a glimpse into the past before it becomes known to the reader. As I understand most of my writing work during the last half of the nineteenth century was published around 1800, but the following chapter presents some of the earliest writers who were written there. It would be helpful if you had any background knowledge of the writer's life, especially his style of writing.The third part of a book comes out of the original edition. In addition, a few people write about their lives, but some readers find them too uncomfortable. They tell stories that show things that happened when"
RA-ALTA/zh-en-advanced,Chinese,advanced,C1,basic,family,2.0,"If you are writing a response to my blog post on The Big Family, I would like to thank your friends who were going through this process of posting comments. We do not endorse opinions that may appear in our posts. Please contact us if we feel uncomfortable talking with them.### Report:Click here to return to ""What's New"" below.You must login to report your responses. If it isn't possible to record your responses, please send a blank letter (you can also take another form) to email@example.com. Thank you! The second part of the lecture is devoted to the study of social interaction, and examines how people interact with each other. For more information, see the book ""How Social Psychology Is Not Working.""Describes how social interactions affect individuals' behavior toward their parents as well as society from all perspectives. Topics covered include those of family members, parenting styles, and relationships among adults.Describes three aspects of social interaction:- How does one relate to others?- Why does one communicate differently?- What factors influence different forms of communication?- Are there multiple ways to engage someone else?- What questions do people ask?- What answers did they answer?- Where did they go?- Which answers did they fill out?Finally, students will be asked to solve problems related to their own lives. Students will present a discussion of how their interests impact individual behaviour towards themselves. Students will learn about personal relationships and friendship"
RA-ALTA/zh-en-advanced,Chinese,advanced,A2,mixed,hobbies,2.0,"We have a plan for organizing that we want all of us to participate in this activity. We are doing our best with each member and not with any other group. We hope you will make sure they are participating in it.- The student community has been working on some projects which offer opportunities for students to join as they work on their own.- Students need to be able to attend public school systems or schools, where there is no option but to give them time to complete their own learning tasks.- For more information about how to start the project please refer to http://www.pwr.org/~cq/dlg/. In addition to providing educational resources to teachers of English proficient speakers who wish to learn from others, I also provide links to websites designed specifically for teaching English language.- There are many Web sites offering Internet access (which would require a visit) which allow students to download e-books online at different rates. Some websites have offered free internet access such as Amazon, Google Books etc. Most Internet site providers may even use e-book content to purchase books from parents.- Students should receive permission from teacher boards if they wish to open the website. It is important to know what's available so that the web pages will get updated when possible.- For additional assistance to those interested in making changes to the course syllabus using various strategies including a list of courses on grammar and pronunciation, or a checklist by instructor.- Please contact me"
RA-ALTA/zh-en-advanced,Chinese,advanced,B2,mixed,holiday,2.0,"The kids are going to go back and forth over the holidays with a message that they will be happy if their parents have it. This is not necessarily your child's Christmas or a vacation. Your children may come home from school for another year after Christmas, but this time of year could mean something different. For example, she might get a gift card from someone who was in bed while attending dinner at Thanksgiving weekend because of what happened when he died on April 3rd. If he went out, he would go into his room and tell him how many gifts were made by people outside his family during these weeks (or so). He'll also ask questions such as ""Do you think we should give up our Christmas cards?"" and ""How many things would happen? What kind of activities would occur before those events occur? Why do you need them?"" And then he can reply.The best way to help your students learn new information is to let them know that there is nothing wrong with them. They don't really understand how much more important information they are talking about than anything else. So what does it take to say ""Say me"", rather than saying ""I am sorry"". We use all types of communication skills, including writing fluency sentences. Here's a simple sentence like ""Let me die."" I'm actually asking my question ""Is it okay"" instead of ""Is it right""? You can write an answer using one of two approaches:- Give examples that seem obvious - but can't"
RA-ALTA/zh-en-advanced,Chinese,advanced,C2,mixed,family,2.0,"The author will discuss how to respond with your children in this post and why you might be able to provide an answer if they are too young. The response will help them decide what to ask if they want to see something else.Includes all of our responses on the blog. We will share their comments and suggestions with others who may wish to comment on us at firstname.lastname@example.org/blog/2011/02/14- What's New? How does it happen? It's important to understand that there are many situations where people can use these resources as input rather than being used as evidence or argumentative information. But we need to know when and how those scenarios are interpreted. This is not just a case study; it is also an example study and a demonstration study.As always the most basic questions about child safety are listed below:1) Is your child safe from harm?2) Are your child still exposed to a substance?3) Is there any chance he or she has been given an appropriate treatment?4) Does your child require special attention after completing his or her own diagnosis?5) Do you think someone would be willing to pay more attention to other kids in general?6) If so, do you consider taking steps to reduce your risk?7) Does your decision suggest that you accept or reject the matter?8) Should I request assistance?9) How much time does my decision affect me during pregnancy?10) How much"
RA-ALTA/zh-en-advanced,Chinese,advanced,A3,l2t,hobbies,2.0,"If you have a question about what is going on, contact your county's board of education or the District Board of Education (DCE) at 515-575-4625 ext. 4042. If you are not sure where to find information regarding the course of action that will be taken, please contact DCE at 314-584-8656 ext. 201.This section contains a list of instructional strategies and recommendations related to teaching and learning in the district. It includes examples from various schools as well as suggestions for improvement programs; guidance concerning the use of resources; recommendations relating to materials presented by teachers and students; suggestions supporting their assessment techniques, including student feedback; and suggestions concerning teacher assessments and other forms of educational instruction. A few pages may include additional material from the State Department of Education website www.nacc.gov/research/docs/projects/evaluation_support.htm.In addition to providing opportunities for participation with our public school system, we also provide specific links to online community resource guides. We encourage parents who work closely with us to provide access to these resources at home or elsewhere in the district to help children develop social skills and to support them during classroom hours when appropriate. These resources should give parents the opportunity to consult with each child individually before setting up their own classrooms. For more information on how to get involved, visit http://www.ed.gov/dynamed/.The following sites contain"
RA-ALTA/zh-en-advanced,Chinese,advanced,B3,l2t,holiday,2.0,"There are many websites that have a URL for the holidays. You may be able to do this if it's not enough and there is no way of knowing when the holidays will start to occur. You can also help by adding the ""tags"" (in the case of a word or phrase) in the URL.### Other web sites include:Banning, The Internet, The World Wide Web, The Microsoft Internet, The Science Center, New York City Health System, and The Washington Post.Mobile phone numbers in particular appear as well-known for their use in the United States. Many mobile phones come with different types of names - including Google, Twitter, and Tumblr, which all have separate nameings. A number like Yahoo would generally contain several words. Also called'mobile telephone' because they're similar to the one used today.These terms mean different things: people who share computer networks or use computers on their computers; individuals whose network location does not support the user from another person; or someone who has never been online while still having trouble browsing through other computers on its own. Most of these terms refer only to those groups within which a particular group exists. For example, some people might say they have just had three friends. Some people might say you've lost two friends at once but you don't know why so many people aren't really online, and others might ask whether you should have five friends at each time. It could seem quite confusing"
RA-ALTA/zh-en-advanced,Chinese,advanced,C3,l2t,family,2.0,"This essay will be published by our editors. Please send it to firstname.lastname@example.org. A group of scientists has announced the discovery that a protein called C-reactive protein (CBF) plays a key role in brain development, according to a new study from researchers at Yale University School of Medicine in St. Louis. The finding was reported today in the Journal of Molecular Genetics.""We think this discovery could help us understand how genes play such important roles,"" said lead researcher Dr. Michael Hauck, PhD, professor of pediatrics at Stanford's Department of Neurosurgery at UCLA Medical Center in New Haven. ""We believe this research may provide insights into how these proteins are involved.""The findings were presented online July 18 in the journal Nature Communications with senior author Jorge Luis Borges, MD, associate director of the Harvard Medical School Brain Imaging Program, who led the study.""These results suggest that cBF also plays a critical role in cognitive processes when studying neural circuits during sleep,"" he added.In addition to CBF, some investigators argue that it has potential as a mechanism to develop more powerful signaling pathways, including synapses and other types of sensory information. The work suggests that the protein's function might contribute toward developing functional neurodevelopmental disorders like Alzheimer's disease and schizophrenia.CBF can cause Parkinson's and Parkinson's diseases but not all cases occur after the activation of CBF protein. Previous studies had found CBs associated"
