model_name,language,proficiency,prompt_id,prompt_style,prompt_topic,run_id,generated_text
lilygoulder/ar-en-beginner-learner-english,Arabic,beginner,A1,basic,hobbies,1,"I want people to take a break with their friends. In this week, I will go out together when we are going to visit our country. It is my favourite sport.It starts in June.I like playing soccer,playing football and playing computer games.We have many things to play around us.In addition,we can go swimming or watching TV but we're very tired.The other thing we can play in any kind of public transportation.You can dance music, sing and dance. We can play it on television and watch movies.There is also good news about our country.Also we can play the guitar.So, I'm not sure what happened to me. Thanks. Good bye! Abdulaziz. Hassan Youssef. Hamoud. Sreejith. See you soon. Khaled. Mohammad. Saleh. Aisha. Imamah. Nasser. Bassim. Ahmed. Ahmad. Saeed. Almaat. Faisal. I hope you are all. Dina. Sahar. Mohammed. Khalid. Ranaghad. Abdulazin. Abeer. Khalid"" Bye!! Mohamed."" Abdulazil"""
lilygoulder/ar-en-beginner-learner-english,Arabic,beginner,B1,basic,holiday,1,"""Hi, I'm so sorry that I will be in the same place as my friends. My favorite season is spring and winter it's cold and sometimes rainy but i like summer because its hot. It's really exciting and interesting. I wish you can come!"" We are staying there every year. Good bye"" Sahar."" we are waiting you for your invitation."" We are staying in a big city with our friends and I hope we can stay in hotel there. Yousef"" Sahar"" Sahar. Thank you and Nada"" Saad."" Sahar"" Al-Khaled."" I hope we are enjoy from my trip to visit the beach and see the beautiful beach. I'm happy if you go to the museum. Bye"" Sahara"" Abdulrahman"" Saudi Arabia."" Thank you. Ahmed Youssef"" Sahat"" is very nice and fun. I hope you'll enjoy the great weekend. See you soon! Khalid"" Sahar!"" E-mail"" Sahar,"" Sahar"" is very beautiful. Thanks al-Khamed"" Sahar, Sahar"" are beautiful and beautiful. Best wishes for you too. Fahad"" Sahar'a"" is a wonderful place. Thanks ali"" Sahar"
lilygoulder/ar-en-beginner-learner-english,Arabic,beginner,C1,basic,family,1,"Hi, I am writing to tell that some people are not very thin. This is true of our children. The same thing is with my own father. He has long, straight brown hair. His mother is called. She's tall and slim. They're happy but sometimes they're smaller than me. They are both hard-working and smart. Their brother likes reading books and watching TV. They love eating bananas and fish. They like shopping because they're very happy and funny. They can't play any musical instrument. They can swim in the park but they're so tiring and friendly. They don't like singing music. I hate playing chess because it's too dangerous. Best regards, Abeer. My son : Youssef Aladdin. She's an engineer. He loves swimming and listening. They are very interesting. I hope they come together and see you soon. Nasser. See you soon. Abdulrhman. Ahmad. Khaled. Ahmad. Mohammed. Bassam. Dadah. Ebrahim. Ahmad. Abdulrhmi. Ahmed. Sahar. Ebrauf. Mubal. Abdulrahman. Abullah. Faisal. Abdulrahma."
lilygoulder/ar-en-beginner-learner-english,Arabic,beginner,A2,mixed,hobbies,1,"I am going to make a big difference between my town and its. It is beautiful city with a spectacular variety of activities, it is very exciting for all different reasons including tourism and fun. In addition to the many other things like cooking, playing tennis and dancing, but we can also go shopping on the beach. We are looking forward to hearing from you later. Thanks for reading soon. Yours sincerely. Hamed Nasser. Thank you. Wahtab Al Ghada. Thank you alot. Hamoud. Hassan. Sreejith. Mashdhil. I hope you all coming! Mohammad. Ahmad. Ahmed. Abdullah. Khaled. Fahad. Faisal. Dammam. Rashed. Mohammed. Abdullah."" Faisal"" Regards, Faisal Hassan. I am going for a tour of Saudi Arabia, it's exciting enough to be involved with the international community. I have a great experience here at this time as well as traveling through Dubai or another country. I am staying with our family. I hope they are amazing. Your friend Abdulkader"" Faisal."" Faisals. E-mail. I hope that you will come. See you soon, Bye"
lilygoulder/ar-en-beginner-learner-english,Arabic,beginner,B2,mixed,holiday,1,"Hi Anna! My name is Bashayer. I'm from Syria. I live in Damascus. I am a student at the University of English. In addition to my studies I like reading and singing. Bye! Bashayer! Bashari. Bashayer... A-Saudi Arabia. I am so happy for visiting Egypt. I have a nice vacation with me because I hope to see you soon. Best wishes Bashayer. Bashayer.. Bashayer""!! Bashayer.""!! Bashayama""!!! Bashayer!""!! Bashader""!! BBbid. Nice to meet you too! Bashuler""!! Bthak""!! Bisha""!! Bkhalid""!! Bassam""!! Bshitr. Bashan""!! Bzalem""!! Bjob""!! Bread""!! Bsala""!! Bma'ah ""!! Bada""!! Badis""!! Bmar""!! Btihad. Bharbi""!! Bmin""!! Bharbi. Bmary""!! Bnan""!! Bdiman""!! Bssam""!. Bsmokey""!! Bragla""!! Bgauwait Bkara"""
lilygoulder/ar-en-beginner-learner-english,Arabic,beginner,C2,mixed,family,1,"""Hi, I'm looking forward to hearing from you. Let me tell you what I've found in your article. I'd like to answer my question. The first point of view is that you are not very good and your children's name is Ali Al-Khalid. This essay will give you an idea about how people live and want to be more healthy than them. It was just recently published on a magazine online edition of The New York Times. Actually, I would love to hear about myself when we see things happen with our kids. I hope this essay will make you feel better. Best wishes to you Ahmed Youssef"" Huda"" Abdulaziz."" Abdulazil"" is writing in the newspaper. Thanks again for your response. Ahmad Youssef. Your friend Mohammed."" Thank you for your time. Youssef."" Abdulajiz"" doesn't mean that there are so many different types of families living together. In fact, there are some families where there are no single family or similar but they're as big family. I think the main reason for giving you such questions is that they are not good at all. But there are different kinds of families who depend on their parents' names. If you find any thing, please call us soon! Hassan"""
lilygoulder/ar-en-beginner-learner-english,Arabic,beginner,A3,l2t,hobbies,1,"I like swimming, sailing, dancing, playing tennis or football.I don't like soccer but i hate it because its interesting.I can play basketball or watch movies on TV.I like listening to music, dancing and listening to music. I like watching sports in my country. I can dance and sing. I love playing the guitar and music. I dont like playing the violin and I also like playing the drums. It's dangerous, so we could use it by some things.  Best regards Abdulrhman, Mohammad. Ahmad Youssef. Ashrak Al-Khalid. Favorite Seasonal games in the city. I cant go shopping, eat out with friends and always have fun. I don't like running, cooking and cooking. I can speak English and French. I can cook and swim but i can't drive. See you soon. Khaled. Favorites Seasonal Music: Animal Animal: Animal Animal Time: Animal Day: Animal Day Number: 1 Starter : Animal Day Number : 8 Animal Day Number of Animals Number of Animal Day Numbering Number of Animals Numbers: Animal Number of Animals Type: Animal Time: Fish Day Number: Animal Day Color: Animal Day Date: Animal Day Size: 3 Animal Time: Animals Number: Animals Number Number of Animals Time: Animal Lives: Animals Number of Animals Location: Animal Day Time: Animal Number: Animal Time Number of Animals Temperature: Animal Time : Animal Time: Eggs Number"
lilygoulder/ar-en-beginner-learner-english,Arabic,beginner,B3,l2t,holiday,1,"""Hi! This is my birthday. I'm a little bit excited because of the weather and its very hot. In winter it's cold but not too wet. I've dinner at one o'clock. On Sunday I like eating cake, eat cake and watch movie. It'll be great to visit all times."""" I hope you can come!"" Regards,"" Regards"" Thank you for giving me some details. Best wishes, Jody"" I wish you enjoyed with us. Bye! Abdul Aziz"" Your friend Alajmi"" I'm so happy to bring your party. See you soon, Hassan"" But, I'm sorry I can't come. My best regards, Rashed"" I'd like you to know that I was really tired when we got back from home. Thanks for your time. Goodbye Abdul Azil"" I'm fine thank you. Ahmed Youssef"""" Your friend Mohammed"" Khaled"" I hope she will enjoy with you. I wish you love this party. I would like you very much because it's exciting enough. Mohammad"" bye Abdulaziz"" Hamed"" Youssef)"" Thank you Ahmed Yousseff"""" Ossama"""
lilygoulder/ar-en-beginner-learner-english,Arabic,beginner,C3,l2t,family,1,"I am from Saudi Arabia. I live in Jeddah. There are four people in my family : my mother,my father,my sister and i. My mother is very tall and slim. She has long brown hair and big green eyes.My brother is very thin and fairly thin. He is not happy and hard-working.I'm very smart and I hope to see it soon. See you soon! Abeer. Mina Kiriakos. Your friend. Abdulaziz. Thanks, Abdulazil. Mohammed Youssef. Khalid Hassan. Thank you. Abdulajjah. Abdulzallah. Abdullah Hassan. I hope to be here. Best wishes, Mohammad. Abdul Aziz. Sahar Khaled. I love TV and computer because it's exciting and easy to read. Abdulamad. Ahmad. Khader. Ahmed. Abdulkhaled. Abdulakhmah. Abdelrahman. Ahmed. Sahar. Abduldhamma. Abdulrhman. Abdulshadi. AbdulRahman. Abdullah. Abdulghad. Abdulhaddin. Ahmed. Mohamed. Abdulakal. Abdulrahman. Abdelijan. Abdulrak. Abdulkobah. Abdurrak. Ahmad. Abdulhadrak. I wish you can come to contact me for"
lilygoulder/ar-en-beginner-learner-english,Arabic,beginner,A1,basic,hobbies,2,"The weather is very hot. I don't like going surfing because it's not exciting enough to go out alone but I like doing yoga. In my country there are many things near me, but my culture is usually cool and fun. Sometimes, I go to shopping with my family and I play soccer in the park. It was great place. It's a beautiful city. I hate eating too much food and drink lots of water. I want to buy some foods and drinks that will be expensive. Regards, Abdulaziz. Ahmed Youssef. Abdulazzo. Thanks for your letter. Thank you for sending email. Best wishes, Fahad. Abdulrahman. Khalid Youssef! Abeer. Mina Kiriakos. Faisal. Alya Youssef. Ebrahim. Mohammad Youssef."" Thank you for your time. Ahmad Youssef"" Faisal"" I'm from Sudan and I'm an accountant in Saudi Arabia. I hope you enjoy the trip and visit my friends. Abdulakhit"" I'll send this message. Yousef."" Aziz"" I'll make sure you know what happened. I wish you come."
lilygoulder/ar-en-beginner-learner-english,Arabic,beginner,B1,basic,holiday,2,"""Hi How are you? My name is Sara. I am a student at university. My favorite country in the UAE it's not so beautiful but its very hot and sunny. In spring, my friends like to go to park with my family. It's exciting, we will enjoy in our restaurant. We're here at our house."""" Thank you for giving me some suggestions regarding my trip. You can come! Sara."" I hope this great holiday you'll be well. Good luck. Nour"" Bye Sara"" Your friend, Sara"" Alya"" Diana"" Hichame."" I look forward to hearing from you soon, See you soon. Thanks, Sara!"" Hichame"" Hichames"" E-mail"" E-mails"" I hope you all again. Best regards"" Ahmed Youssef"","" Khalid"" Ossama"" MY"" Riyadh"" TALK"" BIRTHDAY"" AND KSA"" WATCH"" ENGLISH"" TODAY"" WRW"" FIVE"" BA"" JAMESDAY"" YOU"" GOOD"" JERSE"" THISC"" WHENN'S WRITE"" PULP"" DO"" WASHINGTON"" HEAD"" ALJOR"" WRICE"" BEK"" ME"" WRI"" SMALL"" DA"" HOW"" WO"" WR"" LINK"" HE"
lilygoulder/ar-en-beginner-learner-english,Arabic,beginner,C1,basic,family,2,"I'm so sorry because I think this idea doesn't mean that you are really very thin and not as tall as me but also it's good to live with your family in order to meet all of the family members. So, we can argue that they're too hard-working and easy-going. I believe that these people do not care what they want to do and I think they like going out on a street and getting them back home. I love this idea because I don't like the police authorities. Also, my best wishes, Sahar Youssef. Rashid. Hatemah. I would like to see you soon. Best regards Abdulrhman. Alya. Sahar Yoteef. Nice to hear from you. Your friend. Sahar. Goodbye! Sahar Yosef. Sahar"" :) Thank you. Amal. I hope you enjoy your time. Best regards Ahmad. Ahmed. Bassam. Aishad. Khaled. Aishab. Mohammed. Rashedoud. Hala"" etc. Komla. Abdullah. Sahar."" Dilpa. I am happy if you like this idea, please tell him later. I will be proud if you liked it. I'll encourage you to read anything new and you'll find more news. Best regards. Sahar"
lilygoulder/ar-en-beginner-learner-english,Arabic,beginner,A2,mixed,hobbies,2,"I am a city leader. It is located on my street, and it's not very difficult but there are many restaurants. There are lots of different types of events, such as sailing, volleyball,traveling,and. In addition to that I like going to swimming with friends or even watching movies. I don't have any reason why we should start thinking about the importance of sports programs in our country. We need to make sure that we can play the games as well. The main reason is that this sport will encourage us to enjoy our culture by using them for entertainment which allow us to choose where they can play at their own time. Finally we need to be more creative when we can go to visit one another site and consider taking some courses in order to give you an opportunity to see what kind of music might mean if you want to learn new things, it will help me to learn new ideas and find new ways to use your life. My friend Ahmed Youssef Alghadhi has a good experience in the field of learning from the school so we can try to get fun. I believe that this sport may bring great benefits for my family and its families. Best wishes Abdulaziz. Youssef aljohr"
lilygoulder/ar-en-beginner-learner-english,Arabic,beginner,B2,mixed,holiday,2,"""Hi! I'm a housewife. I'll stay in the park with my family and I'm very happy.""I'm so sorry that I'll be better at staying in my home. If you want to visit me or go to the park and please call us immediately. Thanks for your help. Hassan"" :)"" Thank you very much."""""" I hope you can come. Bye!"" Your brother, Alitr.""""."" Khalid""!!"" I'm very angry because I'm very tired, too. See you soon! Ahmad.""!! Yours sincerely, Abeer"".""."", I'm very glad that I have a nice time in my work. You are here to meet you later. Abdul"","" I'm so sad and friendly and beautiful. Good luck. Ahmed""!"" I hope that you are well. Bye Abdul"""".."", I hope to see you again. Best wishes,"" Sahar""!!"", Im going to be great pleasure to read the book in this museum. See you later."" Ariba"",, Hi Ahmad""."" and Amail""""!!""."" E-mail"". E-mail."""
lilygoulder/ar-en-beginner-learner-english,Arabic,beginner,C2,mixed,family,2,"There are three people in my family. I'm going to live with them and I want to tell me why they're so happy. The first one is that my father who lives with him has a long time to be married and he always takes care of his mother. He has a hard time for me to change her self to become very kindly and she doesn't like it because she's really difficult too.  My brother is very thin and smart but he looks sad when he does not go out alone at night. He's funny and scary but he will make mistakes. My sister doesn't like her job but she's not good enough. She likes her job and she always makes changes by herself. The third reason why do not let ladies help them. They love her. They think the same thing as the girlfriend or her husband. The fourth reason why don't let ladies help someone else. That's how we can stay together on the street. See you soon! Bashayer. See you later. Goodbye! Bashay. See you again. Bashay."" Ashuah"" Yourself. Bassam. Mina. Faisal"" Diana. Emaa. Faris."
lilygoulder/ar-en-beginner-learner-english,Arabic,beginner,A3,l2t,hobbies,2,"Hello, I'm so sorry that I will be able to hear from you soon. I want to talk about some of my favorite sports in the city. It is very exciting but it's not too boring. The sport is a great place and there are many places on my land. On Monday night, I like to play tennis. In evening, I watch movies, and I go shopping all afternoon. In summer, I play soccer with my friends in the park. Finally, I don't have any fun because I prefer playing football or basketball. So, we're going to go to the museum to see lots of things. See you soon! Bye. Hamoud. Mashir. Al-shareq. Thanks Abdullah. Khalid. Nasser. Sahar. Riyadh. Aubal. Mohammad. Hassan. Eklaled. Faisal. Danaa. Huddah. Riyad. Youssef. Jeddah. Ghaif. Fahad. Shamdi. Khatia. Shilpa. Ahmed. Ahmad. Ebrahim. Abdulaziz. Ali. Ahmed. Abdulamman. Dina. Abdulajan. Khader. Abdulrahman. Aubmida. Mohammed. Khalid and Ahmad. Abdulrajani. Khalid."
lilygoulder/ar-en-beginner-learner-english,Arabic,beginner,B3,l2t,holiday,2,"""Hi, I'm very happy for visiting you because it's really exciting and great fun! There are many things that we can visit from the sea. The weather is sunny and cool, but there're also a lot of flowers and some fruits. I hope you will be well. Best wishes to you"" Ahmed Youssef"" Bye!"" Bye! Ahmad Youssef."" I'm so sorry I'll find it nice. I wish you enjoy with us all night. Goodbye Ahmed Yousseff."" Thank you. Mohammed."" Your friend Ahmed Yousseef"","" I hope you come with me soon. Hassan Youssef."" See you soon. Sahar"" E-mail. Khaled."" Sara"" Wassim"" E- mail. Khalid"" Wassam"" Ashra"" Nasser"" Abdul Rashed"" Tarek"" Forsy"" Youssef"". Kobah"" Sara"" I'm very friendly. Well, I'll love the weather. Goodbyes"" Wasspm"" Abdul"" G-mail. Kobah."" Diana"" Youssem"" Omar"" I'm short and fatty. See you later. Hammad"""
lilygoulder/ar-en-beginner-learner-english,Arabic,beginner,C3,l2t,family,2,"There are many reasons to ask my friend if I want to explain some of what's happening at home from that time when I was young. Firstly, there are people who had been born before 20 years ago. The second reason for this is the fact that there are lots of children left now. If they were living together, then they will be able to live with them. This is not true for me because I'm so happy now. To illustrate that there are many things that I've learned before reading books. It has been proven to increase our understanding of the different kinds of cultures and to improve our knowledge skills. Finally, I urge you to consider a few ways to get better than ever. Yours sincerely, Hamed Sara. Date: 1st May 2nd 2009 Dear Sara, Thank you very much for giving me the opportunity to apply for a new book that we all know more. Please find it easy-to-read essay. See you soon. Abdullah. Abdullah, Saudi Arabia Favorite Seasonal Number:555000, Spring 2008, Spring 2010. Drinks: This essay will discuss the types of topics related to childbearing age. Finally, please do not hesitate to contact us directly."
lilygoulder/ar-en-intermediate-learner-english,Arabic,intermediate,A1,basic,hobbies,1,"""Hi, I'm going to visit my country's new city. It will be very interesting in our area. The main thing is it's a great place on the sea. We like it because we don't have enough time to go there all day.""  In addition to that I'll be happy with my friends. My favorite food is rice, vegetables, meat, juice. There are many things near me such as restaurants, restaurants, schools and even bars. Thank you for helping us. Best wishes"" Regards"" Hassan"" bye!"" Hassan"" I'm really excited about the amazing events of my town. Let me tell you what happened when I was on this beautiful beach. My friend Alonem Ali and his wife were killed in a terrible accident last week. They're looking forward to hearing from you soon! Thanks."" Bay"" bye,"" Hassan"" Hassan."" Abdulaziz"" Hamed"" bye"" Abdulazid"" bye Abdulazida"" Ahmed"" Abdullah"" bye Abeer"" Abdulzah"" Ahmad"" Mohammed"" Mohammad"" Mohammed"" Hussain"" Khalid"" Mohammad Bye"" Abdullah."" Mohammad"" bye Eman"""
lilygoulder/ar-en-intermediate-learner-english,Arabic,intermediate,B1,basic,holiday,1,"Hi, I'm very happy to tell you what's my favorite holiday in the country of Egypt. It is a great holiday for me. I love swimming and reading books. In the day it starts at 7 o'clock.I am so busy today because i am going to visit many places like Cairo or Alexandria but i don't like go shopping when i go to shopping. i need to go to bar to go to park. And i want to enjoy the beautiful beaches and can play with my friends in the sea. The weather will be warm and sunny. It'll be hot then i should wear a shirt and shorts. Thank you. See you soon. Ahmed Youssef. Mohammad. Khaled. Thanks. Good bye. Mohammad. I hope that i'll give you some information about my family. Best wishes Ahmad. Bye. Abdullah. Hajj. Rashid. Eshragmi. Nourai. Ashraf. Yousa. Nasser. Shaikah. Mohammed. Kwanza. Faisal. Youssef.. Youssef"" Ahmed Youssefa"" Rashed"" Faris. Mohammad."" Mina. Mansour. Youssemah."
lilygoulder/ar-en-intermediate-learner-english,Arabic,intermediate,C1,basic,family,1,"My name is Abdulaziz. I am from Saudi Arabia. There are six people in my family. my father, my mother, my brother, my sister and I. My mother is fifty-eight and my father is forty-one. My grandmother lives with me at King Saud University. She studies computer science in school and she likes reading books. She likes listening to music but doesn't like eating out. I can speak Arabic and English. I love listening to pop music. Bye! Abdulazil. Abdulazal. Abdulwader. Abdulzah. Abeer. Abdulrahman. Abdulrhman. Abdelmohammed. Abdelhamid. Abdelrhman. Ahmed. Abdelghtab. Abdelhammad. Abdelkhaled. Abdelrahman. Khalid. Abdelnader. Abdelammamad. Mohamed. Abdelija. Abdullah. Abdelkhaed. Abdelsefer. Abdelrdman. Abdullan. Abdelbahtab. Ahmed. Faisal. Abdelbrahim. Abdelma. Abdelbaed. Abdlani. Abdeliefs. Abdelbrookey. Abdelcomements."
lilygoulder/ar-en-intermediate-learner-english,Arabic,intermediate,A2,mixed,hobbies,1,"""In my country, we can play soccer and volleyball. In the past there were many things near our city. On the beach there is a beautiful river, the park is very interesting. There are so many restaurants on the beach.""  I can't go out alone at night because it's too difficult for me to get together. The weather also has been hot but sometimes rainy it will be very hot. I can sing and dance music and playing with us.""  I like swimming and dancing but i don't like doing yoga. I like eating out or playing football and tennis. Thank you all. Thanks. Khaled.""  Yousef Abdul"" Aladah"" Sahar"" I am happy that you have enjoyed your vacation. Thank you for your time. Khaled"" Mubada"" I hope you come! Ahmed Youssef"" I'm sorry I'll try this thing again because it's not easy to get together, but I hope you can enjoy it if you want more fun.""   Mohammed Youssef Ali"" I think I love playing the guitar because I could sing. See you later"" Sahar,"" Mubada. Sahar"" Omar"" I hope to see you soon."
lilygoulder/ar-en-intermediate-learner-english,Arabic,intermediate,B2,mixed,holiday,1,"Hi! I'm so sorry that I'll be fine. My friend's Amal. He is a student in school and the student at University. She's a teacher who lives with her. And she's very happy because I'm going to go to university every day. So, I hope this wonderful trip will help me. I love your country and I can't come again! Best regards.. Ahmed Youssef. Faris. Goodbye. Bassam. See you soon! Sahar. Thank you for your time. Regards.. Aziz. Abeer. Youssef... Rasha. Abdulaziz. Fathi. Abeer.. Mohammad. Khalid. Abeer..... Al-Mahdi. Nice to meet you too. Bye! Sahar.. Sara. Abdullah. Ahmad Youssef.. Hassan. Abdulrahman. Fathidy.. Huda. Abeer.. Mohammed. Abdulziz. Mina.. Ahmad. Ahmad Yasser. Im a good friend and great regard.. Ahmed Yader. Ali Youssef.. Ali Yousseff. Ahmad Yumeff. Abdulrajah.. Khalid. Sahar.."
lilygoulder/ar-en-intermediate-learner-english,Arabic,intermediate,C2,mixed,family,1,"""Hi I would like to see you with my own opinion. The answer has been mixed. I believe that all people can understand their mother and father's words. In fact, some of them are more intelligent than others. This essay will discuss both sides. I hope to summarize your views. Your sincerely, Ahmed Youssef"". I am writing in a new book on home culture and our lives. See you later."" Date : 11/11/2011. Time : 6 p.m Dear Ahmed Yousseff I hope to hear from you soon! Mahmoud"". Thanks"". Bye. Mohamed"". Thank you very much for giving me my personal opinions. Best wishes, Sara Yousseff""."". Thank everyone. Ahmad Yousseff,""."" bye Abdulrhman""."" Abdullah Youssef."" Thank you too. Good luck, Sahar""."" Mohammad""."" by e-mail""."" Ahmad Youssef,""."" Azzlov""."" Aishah""."" Mohammed Youssef"".."" E-mail"" AK-1""."" Bassam"" ""."" Omar""."" Ebrahim""."""
lilygoulder/ar-en-intermediate-learner-english,Arabic,intermediate,A3,l2t,hobbies,1,"Hi! I'm terribly sorry that I am going through a lot of my country with my friends, but I don't know why? It is very difficult too.I want to go to my country with other people, so I will tell you what it's like to be in my city today. I hope that all those things are fun. Bye! Khaled Alrhmana. Your friend. Abdullah Alrhmanas. Yousef. Hussain. Yours sincerely. Abdullah alrhmanas.. Nice to meet you soon. See you later. Mohammad. Bashar. Mina Kiriakos. Riyadh. Thanks and see you soon. Aishah. Amal. Sahar. Yasser. Mohamed. Huda. Mohammed. Shilpa. Sara. Ahmed. Dola. Fazen. Ahmed. Faris. Ahmad. Ahmed. Khalid. Ali. Saleh. Sahar.. Ahmed. Ebrahim. Abdel-Roussef. Omar. Fahad. Kader. Abdulqaleed. Ahmed. Fahad.. Aishah, Saudi Arabia. Bassam. Riyada.. Mina Kirikson. Ahmed. Fatima. Riyad. Jafaa. Ahmed. Ahmad.. Aisha. Ahmed. AbdelRoussef.. Bassam.. AbdelRoug. Abeer."
lilygoulder/ar-en-intermediate-learner-english,Arabic,intermediate,B3,l2t,holiday,1,"""Hi, I'm fine. How are you? My name is Nahda.I was born in Jubail.There are five people in my family:my mother and father,my sister and I.My mothers three brothers and two sisters.They are both happy and friendly. They're very kind and beautiful."" Bye! Nahda"" reads from your phone. See you soon! Nahdha"" reads again."" see you later."" Yesterday, My wife Anna.She's so happy. She is one of the most loved women in my family.She lives with me at Riyadh city. We all know that we were born in Jizan city in 1985.We lived in Jizat town until 1988. It's a famous city in Saudi Arabia. We can speak Arabic and English. We love sailing. I hope to see you soon. Yours sincerely, Sahar"" reads again. See you later! Sahar"". Best wishes, Mohammad"" reads again"" Yasser""!"" Thank you. Good bye."" Thank you. Ahmed"" Hi, Sahar. Youssef"", Hii,"" Fahad"". Thanks. Yasser"" -----------------------"" Abdulaziz"""
lilygoulder/ar-en-intermediate-learner-english,Arabic,intermediate,C3,l2t,family,1,"Dear Sarah, There are many reasons why you shouldn't talking with me at home. The first reason I want to discuss with you is that if I am very happy with this story. We all live in the same country. However, I do not believe that we will be very happy in it because people sometimes get out of families or when they come back from their lives, but I think that is just the way of thinking about what I would like to tell you today. If I'm going to talk on the phone then please take care of my family so let's go ahead. I hope you find useful advice. Yours sincerely, Ahmed Youssef, Saharah. Youssef. Your friend. Yousseff. Abdulaziz Youssef Mohammad. Yousseven. Yousseves. Youssevef. Ahmad Youssef Youssef Abdulazio. Ahmed Yousseff Youssef Alsariy. Yousseppi Youssef Nasser Youssef Ahmed Youssefs. Youssepshani Youssef Fayelow. Youssefer Youssef Khalid Youssef AL-Saudi Youssebah Youssef Fatima Youssef Fahad Youssef Ali Youssef Faris Youssef Elhi Youssef Omar Youssef Eclipse Youssef Sahar"
lilygoulder/ar-en-intermediate-learner-english,Arabic,intermediate,A1,basic,hobbies,2,"Hi, I'm fine, but there are a lot of things in my country that we could do around us today. I like this opportunity because it's exciting and exciting too. The most important thing is watching TV on television or at night. In my country, the weather is hot and sunny. I don't think about it if you need more than one day. So let me tell you why i will be able to go with my friends. Thanks. Hamoud Abdulkader. iam alshahy. i love music and reading. I am so happy. I hope you come soon. Best wishes. Khaled. Fahad. I hope all of you enjoy our trip. bye! Ahmed Youssef. Huda. See you later. Ahmad Youssef iam from Saudi Arabia. See you later, Ahmed Youssemah. Mohamed Youssemhara. See you soon. Ahmed Youssems. Alshahy Khaled. Ali Nasser. Mohammad Youssemamah. Ahmad Yumemamah and I am very glad to meet you. Ahmed Yumemah. Ali Youssemams. Amal Hussain. Abeer Ahmad Youssemed. Ahmad Yosemamah. Im going to be in a good city. I hope they'll see you tomorrow. Good luck, Ahmed Yosemah"
lilygoulder/ar-en-intermediate-learner-english,Arabic,intermediate,B1,basic,holiday,2,"""Hi, I'm fine. My name's Ahmed. I'm twenty-nine years old. I'm from Egypt. I live in Riyadh. There are three people in my family:my mother, my father and I.My mother is sixty-five. My sister is fifty-one. She is forty-six. We're live in Kuwait. I hope all of you come.""agsh""in""I hope you can come!"" reads you soon. Yousef"".""Yousef"""", I love the holiday too much because it's so exciting and fun. see you soon Abdul""fahad"""".""/>I like the party with my friends but we don't know what's going to do next time. I wish you happy.""fahdah"", I hate it because they are beautiful and nice. See you later! Ahmed"".""fawada""."" Thank you for your interest. Yours sincerely, Ahmad""fahmad. Your wife"".""Hello Mohammed"", I really want to tell you about my favorite holidays. Good luck, Shaikah"""". Best wishes Ali""fahshman"""
lilygoulder/ar-en-intermediate-learner-english,Arabic,intermediate,C1,basic,family,2,"Dear friends. I want to tell you why you should talk with me in this issue. Firstly, my parents need to learn some language skills to help them find a better place to live and work together and they can get more jobs at home. This will be great because of that. My father needs to make sure that he has a lot of money to spend on projects as well. Another thing you can do is read emails and send it to me for a long time. That is very exciting and fun. The last one I am going to discuss was the question Why don't we choose this job? It's really important because I think people are happy now but what I'm going to see is that I can't take care of them if I have any problem. So I hope this helps me. Yours sincerely Abdulaziz. Aisha Youssef. Ahmed Hassan Mawdan. Dina. Fahad. Jone. Faye! Abdulazia. Mohamed Hussain. Khalid. Kendall. Nasser. Abdulazin. Mohammed Youssef, Ahmad Youssef Ebrahim. See you soon. Goodbye Abdulazen"
lilygoulder/ar-en-intermediate-learner-english,Arabic,intermediate,A2,mixed,hobbies,2,"""Hi! I'm Ali Al-majran, a teacher from Saudi Arabia. My favorite sports is football and soccer. We have lots of fun with my family and friends. We like playing chess because it's relaxing for me. The sport is very interesting but its not exciting enough for me. I don't like playing basketball or tennis. I don't play any musical instruments because it's too difficult."" Bye!"" Huda""...I hope we are going to go out together. Ahmed""......... I am happy to see you soon"".... Thanks! Ahmad""...I would like to tell you about my favourite sport. Good bye! Fahad""..... I hope everything will be good and helpful to you. Mohammad""..... I wish everyone who likes sport I feel great, so I love swimming, watching and playing tennis. Best wishes, Abdulaziz"",, Mohammed""... Thanks"".... Thank you"" Faris""..... Im sure that the best thing I can do in my city, maybe we could enjoy dancing in this sport, because I can play any instrument. I hope you can come back again when you visit your town, it'll be nice time for you. Yours sincerely, Hassan"""
lilygoulder/ar-en-intermediate-learner-english,Arabic,intermediate,B2,mixed,holiday,2,"""Hi, I'm fine. My name is Sara. I have a cold and warm. I can't cook and drink coffee but I don't like it because its too dangerous. I like watching movies on TV. I want to see my friends in the next month.""'. I hope everything will be nice. Bye"" I wish you good luck with your vacation. Best wishes. Sara"" Nice to meet you. Goodbye! Sara"" Your friend, Sara"" bye!"" Hii"" Khalid"" bye"" Hi Sara. Thanks for that, and I'll tell you soon. Sara."" Kareem"" Thank you. Yours sincerely. Sara. Bye Sara"" Khalid."" bye!"" Khaled"" bye."" Dina"" bye,"" kareem"" bye. Khalid"" Bye"" Khalid,"" bye. bye"" Khader"" bye.. Sara"" Bye. bya"" Khadouf"" bye-Sama"" bye... Kareem."" bye."" Mashamed"" bye! I love going surfing or listening music. See you later. Sara"
lilygoulder/ar-en-intermediate-learner-english,Arabic,intermediate,C2,mixed,family,2,"Hi! I would like to discuss my opinions regarding your opinion. This essay will be discussed in a few days. The answer is yes and no doubt that it is against the law because of parents. However, I believe that our children are very thin and healthy. This argument is not true but the only reason why we should focus on their families. We need to look at this issue as well. Please share with me the best wishes. Yours sincerely, Jeddah. Good luck. Favorite to hear from you. Hassan Nasser. Yours faithfully, Mohammed Youssef. Hassan youssef. Youssef.. See you later.. Youssef.... xxx@hotmail.com. I hope you help me. Bashayer. Yousseff.. Yousseff.. Yousseff. Yousseffe. Yousseves.. Yousseppo.. Yousseffe. Thank you for your time. Wish more you soon. Ahmad Youssef."" bye"" Mina Kiriakos. Yousseven"" bye"" Aljoumadi"" Yousseff... Youssef.. Yousseffe"" bye!"" Ahmed Yousseff"" Yousseveldah. Youssepo.. Yousepo.."
lilygoulder/ar-en-intermediate-learner-english,Arabic,intermediate,A3,l2t,hobbies,2,"There are many things in my city, such as, swimming pool, surfing the internet, dancing and playing tennis. I like football. In my town there is a good restaurant. In my town it's very beautiful. It's fantastic. I don't like sailing but I love watching TV in my city. Thanks! Ahmad Abdulkader. I'm terribly happy to hear from you. Your friend Ali Alqafari. I like dance music because it's fun and exciting. You can play the guitar, rock instruments and some of my favorite sports. See you soon. Khaled. Mohammed. Alqafaris. I love football. I don't like listening to pop and dance music. Thank you all for your time. Fahad AL-Rahman. Abdulkamal. Youssef Mohammad. I love basketball. I don not like going shopping or eating out, but I like doing yoga. I like going to movies and singing music. I hate playing the drums, but I don't want to go too late when I'm finished. Bye Ahmed Abdulkhamal. Yasser. Saharullah. Yousseff Mohammad. Nassim. Yousseef Mohammad"
lilygoulder/ar-en-intermediate-learner-english,Arabic,intermediate,B3,l2t,holiday,2,"""Hi, I'm fine. My favorite festival is the summer and spring holiday. The weekend is very hot. It's very relaxing and fun too. The weather is sunny but sometimes it rains a lot of times."" Yours."" Yours. Hamed Abdulrhman. ""Hi! My friend Nadey. We are so happy. Your friend Jalal."" Dola."" Sara. See you soon. Mohammed"" I wish you enjoy your vacation. Bye!"" Bey"".""Kathar. I hope we can stay with us soon. Best regards Kathar"" Hammad. I love going to visit my friends because they're not like me. I think that maybe they'll be very funny for our trip. See you later."" Dina."" Walaq"" Aisha"" Nadey"" I'm very tired. See you again. I am sure you will enjoy your time. Thanks"" Rasha. Abdulrhmen"" Khaled""."" Bashir"""" I want to invite you to this party. Best wishes Kathar."" Hassan"" I don't miss you soon. Mohammad"" Shaikah"","" Ali"""
lilygoulder/ar-en-intermediate-learner-english,Arabic,intermediate,C3,l2t,family,2,This is my opinion. I think our culture will be different than today. In my opinion there are people who are not married and they live with me. I believe that the whole world will change because of their families and families. I also believe that our society has become smaller now as we learn new skills to learn new things. We can talk about our own family more than before. I mean by listening to pop music and watching movies. I am really happy. Good luck. Bye! Abeer. Abdulrhman. Alitrbah. Youssef. Ashraf. Nice to meet you. Goodbye! Abelrahim. Sahar. Khaled. Bassam. Fahad. Saifah. Dina. Yousseff. See you soon. Bye. Ahmad. Mansour. Alya. Kareem. Bassams. Hamed. Khalid. Youssem. Rashed. Kareed. Ghada. Fazan. Sana. Shilpa. Lama. Doha. Talaat. Shirtl. Sahar.. Nasser. Faris. Mawdh. Jaber. Youssemba. Rashid. Khalid.. Sana. Rashed
lilygoulder/ar-en-advanced-learner-english,Arabic,advanced,A1,basic,hobbies,1,"My city is very busy because it's relaxing. In my country, I like football. There are many sports, games, sports and tennis. I don't like dancing but i love doing yoga. The weather is hot and sunny. The morning I go to cinema. In evening I watch a movie on TV. At night I go shopping and swimming. I usually play computer games. I sometimes surf the internet. I never sleep in bed. Bye! Mohammad. Hamed. Aziz. Abeer. Mohammed. Youssef. Mubarak. Dola. Ahmad. Yousseef. Ahmed. Shilpa. Mohammad. Noura. Rahman. Abdulaziz. Faris. Huda. Bassam. Ghada. Ahmad. Khaled. Saleh. Ahmad. Ahmad. Ahmed. Mansour. Ahmad. Alhamdouf. Ahmad. Shaikha. Ahmed. Khalid. Abdulmohail. Bassab. Ahmed. Bassams. Fathi. Ahmad. Maher. Khalifaa. Ahmad. Khedr. Fahad. Ahmed. Abdulghani. Abdulkader. Abdulrhman. Abouzehra. Izeler. Abdul-Zoon. Fajar. Abirim. Ahmed. Ahmad. Abdulma. AbdulRaid. Ahmed. Loudy. Ahmed. Ahmed."
lilygoulder/ar-en-advanced-learner-english,Arabic,advanced,B1,basic,holiday,1,"""Hi How are you? My birthday is Friday 6th may. I get up at 7 o'clock in the morning and i have my breakfast with my friends. In the afternoon i go to the park then eat out. At night i go to bed"" Ahmed Alkadi"" I'm from Egypt. I love my family."" Ahmad"" I'm happy for this trip. I hope we can enjoy it too. Best regards Mohammed"" Ahmed AlKhalid"" bye!"" Khao"" Khaled"" I'm very happy that you enjoyed this vacation. Your friend, Sahar"" I wish you all a nice time with me. Bye! Mohammad"" Bayha"" Sahar"" Aziz"" Ahmed"" I want to tell you about my favorite holiday I had just finished my vacation in Egypt. See you soon. Maha"" Khao,"" Abdul"" khaled"" Nice to meet you. Goodbye! Khao. Khao."" Khaled"" Khaled)"" Osama"" Khaled."" Khao!"" Abdul"" bayi"" Bayha. I'm very glad that I'll visit you again because I will be so lucky that you have the chance to travel around the world. See you later. Safwan"""
lilygoulder/ar-en-advanced-learner-english,Arabic,advanced,C1,basic,family,1,"Hi! How are you? I think my parents all of them are very nice people, but they're very old so many things are good for me to meet with us and we can meet some friends. It's just too interesting for me to tell their stories to be honest, but in my opinion it's not good enough to talk on this phone or go out alone at night. Also I like talking on television and watch movies, but in the end it'll be difficult to read any book that you want. My sister doesn't care if she has a big family but she likes reading books and playing football with her friends. She likes going to bed every day, I don't know how much money does you buy? What about you? The first one is the question 'How long do you think when you start work or I'm working?'  In conclusion, i guess i will never forget that because i hope everything goes well for me. Thanks for your reply :) Good luck. Mohammed. Ahmad. Aishah. Youssef. Dina. Komorow, Khalid. Noura. Huda, Fahad. Ali. Abdulquran. Ahmad. Abdulkimah. See you soon."
lilygoulder/ar-en-advanced-learner-english,Arabic,advanced,A2,mixed,hobbies,1,"""Hi, I am writing this about my city. I like playing football with my friends and they are fun for me. There is a swimming pool near my house. The main course is swimming pool, it's very beautiful and fun too. In fact, there are many good restaurants next to my house."" Bye."" reads the article. Thanks Abdulrhman"" I'm thinking that my country will be famous as a place of activity and sports. Thank you"" Faris"" bye! Faris"" Youssef"" Abdulrhmen"" I hope you enjoy your time together. See you soon. Mohamed. Rashed."" Khaled"" Yousseff"" Youssej. Best wishes Abdulrhs"" Abdulrahman"" MYousseff"" I wish you enjoy all these things : - 1- Playing games at home 2- Skating games at the beach 3- Not smoking in any public building 4- Likes shopping 5- Looking for another place on our site 6- You don't have enough money to pay anything you want. It'll be great if we could buy something for sale in addition to the fitness benefits, it will help us get more freedom from disease and sickness."""
lilygoulder/ar-en-advanced-learner-english,Arabic,advanced,B2,mixed,holiday,1,"Hi, I'm fine. I went with my wife and I got back from Dubai,and the weather was good. The weather is cold in Dubai but we are staying at home for a long time. I don't have to travel because it's too difficult! I haven't seen any thing here. Hope you can come. Mahmoud. Sahar. Ahmad. Ahmed. Abdulaziz. Mohamed. Abdul Aziz. Alhamdi. Mohammad. Abdulrahman. Mohammad, Im very happy now and i hope you can see them again. Bassam. Mohammad Youssef. Mohammad Qadi. Mina Kiriakos. Khalid. Dola. Hassan. Khaled. Sara Rahman. Saleh Rashid Nasser. Ahmad. Ali. Bassams. Alya. Fahad. Walaerd. Mohammad Alya, Im sorry that i'm so busy. Bye! Abeer. Bassab. Mohammad Rashed. Ahmad. Mohammed Youssef. Abdulazin. Ahmad. Ahmad. Bassal. Ahmad. Mina. Nasser. Khedr. Ahmad"
lilygoulder/ar-en-advanced-learner-english,Arabic,advanced,C2,mixed,family,1,"My family has a lot of problems that I want to solve. Firstly, my mother and father are very happy and they live in a fairly short time but can't stay too long. Second,I think she like my daughter because it's always beautiful so let me talk with her about her problem. The third point of this problem is my sister,she will be unhappy if she wants to make herself happy. Finally,I don't care what I'm doing to help someone. Thanks, Alqahla. MY DAMA. LIMITIC HEALTH AND HIS BIRTHDAY PARTY. YOU! Rashed. Fahad. Noura. Rashed. Huda. Fahad. Greeting your message. Bye! Mohammad. Aljohary. KSA. Abdulaziz. Youssef. I hope to see you soon. Good luck. Sahar. Sana'a. Fawzi. Abdulrhman. Faris. Ahmed. Egyption. Eshrag. Nice to meet you! Mohamed. Mohammad. Egyn. Abdulrahman. Farid. Mohammed. Hiiam. Khalid. Abeer."
lilygoulder/ar-en-advanced-learner-english,Arabic,advanced,A3,l2t,hobbies,1,"Dear Dad, I'm very busy in my city, I like doing yoga but I don't play tennis or soccer. I want to go shopping with my friends because it's too difficult. The activities are exciting but I need to listen to music and dance so I would love playing soccer. I wish we can enjoy all things we have around us. Thanks for reading this article, Thank you. See you soon. Ahmed Youssef Abdulrhman. I hope that you will come here tomorrow. Your friend, Sahar. I am very happy to hear from you soon. See you later. Sahar. Abdulrhmoud. I hope you are well. Bashayer. Alya. Abdulkader. Khedr. Emyra. Nice to meet you. Ahmad Youssef. Khaled. Abdullah. Jalalah. Hussain. Riyadh. Hassan. Emyras. Mina. Saleh. Youssef Youssef Hajj. Abdulaziz. Nice for hearing from you. Mohammad Youssef Bye. Abduldouh. Mohammed Youssef Hi Sreejith, Thank you very much. Nice. Mohammad."
lilygoulder/ar-en-advanced-learner-english,Arabic,advanced,B3,l2t,holiday,1,"""Hi! I'm fine, but I am very happy that we are here. The best holiday in English. It's by far the most beautiful place in England and it is wonderful. In the summer its cold and sometimes cloudy. We eat out every night. We go to the park and watch a movie. In the evening our friends play soccer with us. I hope everything goes well.""  Bye"". Bye."" reads Herman. Ahmad Youssef"" See you soon. Bye!"" Wael."" --------------------------------------- Herman"", Herman"" ; Lama"" ---------------------- Dina. Mohammad Youssef. Ahmed Youssef."" ----------------------. Abdulrhman"" -------------------------- Nasser. Mohammed Youssef.. Nasser. Ali. Khalifa. Abdullah"" ------------------------------------ Jaberah. AbdelrAlbany. Abdulrahman"" ---------- Fathi. Abeer. Abdullah. Abdullah."" -------------------. Abdullah Youssef.... Abdulrahmood. Abdullah Qader. Abdullah Albany... -------------------------------------------------------------------. Ahmed Yosef. Abdullah Rahman. Abdullah Bassam"""
lilygoulder/ar-en-advanced-learner-english,Arabic,advanced,C3,l2t,family,1,"I am Abdullah. I'm from Saudi Arabia. I live with my mother. There are six people in my family: my father,my mother, my sister, my brother and I. My father's twenty-six and my mother's forty-five. My mother's seventy-one and my father's sixty-three. My sister's thirty -one. My sister lives with me on Riyadh street. I like this job because it's exciting and interesting. How about working? I love these activities. I hope to be in good place. see you later. bye Abdullah. Noura. Abdullah. Alqahla. ALjazeera. Beside you there can learn more about them. See you soon! Abdullah. Ahmad. Abdo. Sahar. Ahmed Youssef. Abdullah Youssef! Abdo. Abdullah Alkhaer. Moued. Mohammad. Abdullah Hassan. Ahmed Yasser. Abdullah Khalif. Sahar Abdullah Yousuf. Abdulaziz. Alya. Ahmed Yussain. Mohammed Youssef Hassan. Abduldan. Mohamed Youssef Alya"
lilygoulder/ar-en-advanced-learner-english,Arabic,advanced,A1,basic,hobbies,2,"Hi, I'm writing about my country's most exciting place for me. In this week, I'll travel from Saudi Arabia to Dubai. It is very beautiful city. It's relaxing with wild animals and a good opportunity to play soccer or football. I like sports, dance and dancing. The best sport that I can get is basketball. I want to join another international clubs, but it is difficult too. I hope everything goes well for you. Best regards. Mohammad. Alya. Ahmed Youssef. Abdulaziz. I'm very happy now because of all my friends. See you soon! Ahmed Youssebs. Ahmed Yosef. Ahmad Youssebs Abdulazit. Abeer. Bassam. Mohammed Youssebs AL-Farsi. Ahmed Yossaf. Mohamed Youssebs Al-Rashidy. Ahmad Yosuf. Ahmad Yousmah. Ahmad Yassan. Abdulzani. Mohammed Yasser. Abdullah Youssebs Hassan. Khalif Nawra. Abdulzejith. Mohammed Yussuf. Ahmad Hajar. Abdulzoz. Abduldouf Anaslikha. Abdulkader Jed. Fahad. Im a housewife. Ahmed Yasser. Wael Youssebs Abaya. Faisal Hajar"
lilygoulder/ar-en-advanced-learner-english,Arabic,advanced,B1,basic,holiday,2,"""Hi, I'm very happy that we are in the.I was in Dubai in 2010. It's my favorite holiday for the year! It is so fun and relaxing. There are many things in Dubai such as restaurants, shopping and drinks. We also like to visit it. I hope that I can enjoy a wonderful holiday."" Faris"" Faris"" Bay"" Bay. See you soon, Goodbye Faris"" I love this trip too much. I am sorry because i missed your vacation. See you later. Good bye Faris."" Faris,"" Faris"" bay"" I hope you find me there next week. I wish you all the best of luck. Faris"" Beach"" Bay. Sara"" Bay. Yours truly, Ahmed Al-Aziz"" Faris. Hamed Khaled"" Bay. Abdul-Anwar"" Faris."" Bay"" Bay"" bay. Nice to meet you. Bye!"" Faris"" Date: August 4rd, 2009 Dear Ahmad. My friend Ali. I don't forget that I went to Dubai but I will be happy if you go here to see it again. Best wishes, Ahmed"" Faris"". Faris"""
lilygoulder/ar-en-advanced-learner-english,Arabic,advanced,C1,basic,family,2,"Dear Ms. Mahmoud, I'm really glad to hearing from you in my emails. There are many reasons why we need to make our family happy with this issue of money. Firstly, because we all live together on a long time. It's easy to find any thing that we can think about and imagine it. Another reason, because we have to talk on phone with each other. If someone like us, then he will be able to listen to us. This is not only true but also people who don't want to spend much time with them. Finally, there are lots of ways of thinking around these issues. Firstly, we must draw attention to what we've seen in our present life. We'll try to give back the facts and understand how we can deal with them. We'll see that the most important thing is that we can use our own tools and technologies without having any problems. Also, we can do more activities by using computers and keyboards instead of doing things they want. The second thing we can do is create new clothes and get a new logo in order to look at it. Finally, we could try to buy some clothes as well. So, we're going to buy a lot of items and maybe we will just wear a blue shirt. Best wishes Mahmoud"
lilygoulder/ar-en-advanced-learner-english,Arabic,advanced,A2,mixed,hobbies,2,"I am planning for my own city, but it is not a good idea if we are going to play soccer or tennis and maybe will be too boring. The most interesting thing about me is that I have many different kinds of sports such as swimming, running, basketball and scuba diving. In addition, I like playing football because I don't know how much time I need. We should go out together when there are lots of people. However, I'm going to listen to music. It's important to get enough time to do yoga and meditation. Thank you and yours. Wael Alitr. Youssef. Fakhad. Bassam. Riyadh, Saudi Arabia. Dammam. Ghaidaa. Alya. Ahmad Saleh. Sreejith. Nice to meet you. Bye! Abdulrhman Mubarak. Hassan Mohammed. Kathy. Abdullah Saleh. Fakhalid Hamza. Bassams. Ghadaa. Khaled Alitr Anasbah. Ahmed Shoumi. Hudyat Ahed. Ahmed Fazen. Ahmad Salehal. Mohammad Abeer Alitr Saleh. Lola. Jouder Bajal. Ahed Alitr Faris. Mouma. Sreejaa. Khader Ahed Hani. Ahed Hijad. Falaat Ahed Hana. Fatima Hassan."
lilygoulder/ar-en-advanced-learner-english,Arabic,advanced,B2,mixed,holiday,2,"""Hi! I'm very happy to get married and have a great day! This is my favorite holiday in the world. It's really exciting. It will be fun! So, I hope you are well. Best wishes"" bye."" Bay"" bye"" Bay. Hani"" Bay. I'm very pleased with your visit me and I wish you all good wishes, Omar"" Bay. Yours sincerely, Ahmed Youssef"" bay. Bye!"" Bay. Haney"" Bay. Wael"" Bay. Sahar"" Bay. Mohammad"" Bay. Noura. Nice to meet you too. Your friend, Sahar"" bye! Bay. Youssef. Rashed"" Bay. Omar"" Faris"" Bay. Goodbye!"" Bay, Abdulaziz"" Bay. Khalid"" Bay. E-mail, Rashid"" Bay. Kendall"" Bay. Ahmad"" Bay. Im sorry. Sara"" Bay. Mohammed"" Bay. Abdulazin"" Bay. Jaber"" Bay. Fahad"" Bay. Dina"" Bay. Huda"" Bay. Azher"" Bay. Tala"" Bay. Ghada"" Bay. Lola"" Bay."
lilygoulder/ar-en-advanced-learner-english,Arabic,advanced,C2,mixed,family,2,"Hi my friends and I hope you are well. Well, we need to know more about your family. My wife has short brown hair, she likes reading books and she like playing soccer with her. She doesn't like any kind of music but she likes listening to pop and dance. She loves eating chocolate, but she doesn't like cooking or dancing. They love watching TV or listen to music. Good luck in your town! Best wishes. Abdul Rahman. Thanks. Mohammad. Bassam. Sara. Noura. See you soon. Yours sincerely, Mina Kiriakos. Shoud. Youssef. Abeer. Sahar. Yousseffes. Faisal. Hussain. Jeddah. Mohammed. Nice to meet you too. Ahmed Yousseffs. Faris. Faisals. Ali. Sahar.. Yousseffers. Wael. Bassams. Ahmed Yumef. Ahmed Yotey. Yousseves. Ahmad Yousseffer. Hussen. Ahmad Yosef. Khalid. Abdulaziz. Ahmad Yousuf. Sahar."" Thank you very much. Good bye!"
lilygoulder/ar-en-advanced-learner-english,Arabic,advanced,A3,l2t,hobbies,2,"""I'm busy now I'm traveling on Friday afternoon, but I'll surfing because it's too hot and sometimes cloudy then go sailing, so I hope they will come tomorrow."" I like football but my favorite sports is basketball and soccer. The weather is sunny, and rainy. Hope we can enjoy together. Bye!"" Youssef"" bye"" Youssef."" Youssef"". Youssef. Youssef."" Youssebs"" Youssews"" Yousseb"" Yousseba"" Youssebejob"" Youssebrother"" Ytees"" Ytab"" Youssegos"" Ytayeb"" Ygehoke"" Yousseya"" Youssez"" Yepub"" Youssey"" Youssedoo"" Yteas"" Youssengehoke. Youssegoat"" Youssekok"" Yzeghit"" Ytea"" Youssegoah"" Ytousegos""Ytousegom"" Yvez"" Ychening"" Ysegehoke."" Youssecko"" Ytekok"" Yellow Street"" Ytribun"" Yousseshoke"" Ytoukan"" Ytavehoke"" In Ytounget Ytree"" Ytreq"" Yteer"" Ytueka"" Ytai"" Ytomexia"" Ytier"" Ytreyw"""
lilygoulder/ar-en-advanced-learner-english,Arabic,advanced,B3,l2t,holiday,2,"Hi! I'm so happy for that.I went to the beach and it's very nice and I can't go out alone at night because I don't like watching tv or TV but it is beautiful. In my best wishes, Nada. My favorite holiday is spring.I am a teacher. I love winter,but I live in Riyadh with my family. See you soon, bye. Anna. Bye! Nana. Hamed. Ahmad. Kadim. Youssef. Dina. Sara. Sahar. Favorite Season : Winter is Summer and Autumn.In summer we eat cake, some tomatoes, some apples and some vegetables. I hope all of us enjoy this season. Best wishes, Mohammad. Mohammad. Khalid. Malak. Jalal. Nasser. Ahmed. Abdulkader. Bassam. Ghahman. Saif. Abdulrhman. Dalia. Yousseff. Mawzi. Namer. Aziz. Ahed. Abha. Abdulmoud. Lama. Kareem. Abhaida. Abdulhamid. Yousseef. Shilpa. Abdulaziz. Noura."
lilygoulder/ar-en-advanced-learner-english,Arabic,advanced,C3,l2t,family,2,"Hi my friend, I am writing to ask how are you? I want to talk on this topic. My mother likes her job because she loves the books but she doesn't like going out with me because it's not expensive. She always talks on phone. I love reading books and listening to music. In English it has no effect. I don't like my little brother, who likes studying very much because he doesn't like them. We also don't like any kind of books that we enjoy at home. So if you love books and I can write about our favorite book. See you soon! Hamoud Alitr. Hassan Mohammed. Noura. See you again. Abdullah. Abeer. Khalid. Abdulkader. Youssef. Mohammad. Abdulmohdah. Ahmad. Ahmed. Abdulrhman. Abdel-saudi. Rashed. Abdelrahman. Abdulmaaubah. Ahmad Faisal. Abdulbaya. Abdulaziz. Abdulziz. Mosaubah. Aziz. I hope to speak good news about your daughter. see you later. bye. Hamoud. Sahar. Dina"
lilygoulder/zh-en-beginner-learner-english,Chinese,beginner,A1,basic,hobbies,1,"There is a lot of things we want to do in my village. I like this sport but it's too dangerous for me, there are many kinds of sports that can help me to swim in the sea. My hometown is very beautiful, too, there are lots of restaurants on HuaJing road. In the evening, there are some interesting places for park, such as the beach, swimming pool, etc. The most important thing is that I'm going to go to a park with friends. That's my dream! I think it'll be better to learn more about other culture. I hope that will help others. Yours sincerely, David Zhao! Wang XiaoXiang. HaiJing. YiZhou. Best Regards, Jacky! Guo Guo Liang. I look forward to hear from you soon. YiJin Yuqi! Thanks for your help! YiJian Zhang Jiahua. ShiQin.com. We are looking forward to see you again. YiQin Jinan. I really enjoy these holiday every day. YiFeng. We are doing sports so much, such as basketball, tennis and soccer. I'm going out into the countryside and playing tennis, dancing and badminton. You can enjoy yourself while travelling."
lilygoulder/zh-en-beginner-learner-english,Chinese,beginner,B1,basic,holiday,1,"Hi,Paul. I am fine thanks for giving me the chance to visit my hometown! It's a beautiful city and we can see the landscape of the day when there are many flowers in our home. We usually go to the beach and eat at one of the great restaurants. It is very exciting and great fun. If you come here, please let us know if you like it. Whats more, we will travel all over the world. Hope you could enjoy this holiday soon. Best Regards, Lucy. Jane Wang. Thank you for your reply. Yours sincerely, Linda. See you again. Juliet. Christine. Amy. Maylee. Nice to meet you! Maggie. Jing. Daisy. 2011-4-20. Love, Jack. Zhang 2011-6-14. How long do you want to visit? Jessica. Li Lai. HuangZhou. Yang Zhao. Wang 2012-1-18. Love, Jing. Liu. Chen. Liu. Huang. Wu. Wu. Huang Zhui. Wang. Fei. Yang. Mao. Yang. Wang. Wang. Liu. Guo. 2011-3-15"
lilygoulder/zh-en-beginner-learner-english,Chinese,beginner,C1,basic,family,1,"There are three people in my family.My father,my mother,brother,sister and I.We are both a very tall and slim person.I am short and fat,sometimes have long black hair.I love it, but it's very difficult to see me.My father has short straight hair and big eyes.He also likes eating fish.My sister is a farmer.She works hard.She like her job,but she doesn't like it too.My brother is called Hang. He lives in Shenzhen.I don't like this job because he never do business on his job.I think they work long hours.I believe that you can get better salary! Yours sincerely, Xiao Chen. Sincerely yours, Wanjian. Jingdong. 2011-1-9,2011.2.8.6.10.2011.4.12.2011.11.14.17.16.19.20.2011.12.13.21.22.26.27.27.29.30.36.36.38.36.40.36.33.43.36.67.68.78.70.67.98"
lilygoulder/zh-en-beginner-learner-english,Chinese,beginner,A2,mixed,hobbies,1,"There are many kinds of things that I need to do on my home. This is a park which is beautiful and peaceful. Everybody has some fun places, such as camping, swimming pool or beach. In this park there is a lot of things they want to do. You will learn about their culture, so please remember them. The water is always very hot. Sometimes it's not fresh. We usually go swim in the sea when we have no time. It's also very interesting. There are lots of different types of sports and music during the weekend. In spring it's sometimes cold, so we don't like it because we have never wear suits or dresses. What about the other sport? In winter it's too difficult for us to ride a bike or going out with our friends. It's a good choice for everyone. But it's really cool! Welcome to my hometown! Yours sincerely! Huang. XiYu.Xiaoyun. Zhangjing. 2011-7-17 11:00 PM YUHAN INVITES YOU TO HER BIRTHDAY PARTY YOU TO HIS BIRTH, TK. Xiyu. Tianjin, China."
lilygoulder/zh-en-beginner-learner-english,Chinese,beginner,B2,mixed,holiday,1,"Hi, Sophia! I'm so glad to receive your letter. It's very exciting and fun. My birthday is coming, so I can go to the beautiful beach. The sea is blue, it's very hot and sunny. The temperature of the weather is 108 degrees Fahrenheit. The temperature is 180 degrees Fahrenheit. And the temperature for my family is 108 degrees Celsius. What do you think? I hope we will have a happy life. Yours sincerely, Lucy Wang. Sincerely yours, Nicole. Wei. Love. See you soon! Jessica. Yours faithfully. Best regards, Ying xiao Xiang. Selly Zhang. Lily. Huangdong. See you again! Jack. Levy. Your friend. Freddy. Yuqi.com. I look forward to hearing from you. Yiyi Chen. Thanks for your mail. Yuyao.cn Lily. Wang. Wang. Peng. Huang. Zhang. Lii. Nice to meet you. Yuki. Zhang. Jioxin. Yang. Liu. Chou. Wang. Guo. Hong. Zhang. Zhang. Wu. Zhang. Fan. Yang."
lilygoulder/zh-en-beginner-learner-english,Chinese,beginner,C2,mixed,family,1,"1. The only thing I would like to do is the first one I have been living in. 2. If there were any other children, but my wife had a lot of them and I thought that they would be poor and am not good enough to take care of them. 3. For example, some people prefer to live in a few years; this is because I couldn't control my child. 4. In general, if someone has a little bit of money, the parents would give me much credit. 5. But I think we can get married next time. 6. There are many things that I want to do. 7. They will bring their baby. 8. They will make up their old son in future and look after them. 9. When you are free, please tell me what happened before us. 10. Then you can find your own company and work here. Thanks for your help! All the best, Yours sincerely, Shawn. Best wishes, Xu Yi Yang 2011-8-23. Sincerely yours, Selly. Shawn. Cindy Zhang 2011-4-27. 2011-9-10. Wangyiyi 2011-5-11. Yangyiyi"
lilygoulder/zh-en-beginner-learner-english,Chinese,beginner,A3,l2t,hobbies,1,"In my town, I usually go to park with my friends, then they play football, playing chess and so on. My favorite season is winter because it's very hot and sunny. I don't like summer but I love snow. So I sometimes go swimming, swiming, surfing the internet, go shopping or watch TV. It's a great sport for me. In this city there are many kinds of sports such as basketball, tennis, football, soccer, volleyball, baseball and so on, we also have some music CDs for free. We also have some games, such as dance, dancing, dancing, football and so on. I think it will be interesting when you go to park. In that day, if you want to know more about our culture and cultures, please contact us! Thank you for your time! Yours sincerely, Xuang Hui Wang 2011-3-7 11:35 PM. Thanks for your interest! Yuki 2011-4-26 22:00 PM, Jul 1,2011 Dear friend, I'm a student, I am very happy now. Hope you have a nice weekend too. Yuki 2012-5-29 17:30PM, May 3rd,2011"
lilygoulder/zh-en-beginner-learner-english,Chinese,beginner,B3,l2t,holiday,1,"Hi Sophia I'm very glad to receive your letter. Im really looking forward to having a great trip! My birthday is coming! It's the festival that I've had in last week, and we can't wait for one day, but it will be very exciting and great fun. Let me tell you some details about my holiday. First of all, I need to visit China from my home, so I haven't seen anything. Secondly, I want to go back home when I was 18 years old. In this time, I think my house should be beautiful. After that, we could see many beautiful places, such as Beijing, Shenzhen, Ningbo and Tianjin, where I saw some famous buildings, such as Shanghai Castle and Pingpang Guaneti, which were beautiful in Japan. The most important thing is there are also many pictures and art gallery. We can enjoy the whole life with our friends. Finally, I'll come back to work at New York office on Thursday 9th May. See you soon! Yours Sincerely yours, Emily Zhang. Thank you for your invitation! Best wishes, Helen. Cheers. Mike. 2011-10-20. Your sincerely!"
lilygoulder/zh-en-beginner-learner-english,Chinese,beginner,C3,l2t,family,1,"There are three people in my family. My mother, father and I. They live in Changsha with me, but there are lots of people in this country, they can't speak English and English. My brother has been living in Changshan, he lives in Shenzhen with me. He likes watching TV on TV and he like listening to music very much. But I don't want to be good at hearing from other people. I think it's not only good for my sister, but also a little bit poor. So I must care that we would rather not change things. It's really interesting! What's more, I think it will be true if you dont see my wife. Yours sincerely, Diana. Zhangyang, Liuyang, Yang. Wangjing. I'm a student in the university.I love my parents, but I am afraid they do what I hate, so I can't accept it. I hope we can still be friends! I believe we could find another better place to learn English. Best wishes, Shawn. Xiaoli. Wu. Peng. Hui. Your sincerely, Kathy. Wanghao. We are all kind of kids. I look forward to your reply soon."
lilygoulder/zh-en-beginner-learner-english,Chinese,beginner,A1,basic,hobbies,2,"Dear friend, I'm glad to see that my village is very popular in China,it's a beautiful place which is very exciting and fun.The park of HaiZhou has a lot of friends who are in the park.I usually go to the beach because it's too hot when we're sleeping.It's very interesting because we have no time to play football with them.We can play soccer and watch TV.It's fun and great fun. I also like swimming and dancing. The weather is warm but not bad. Hope you can come here again! Your sincerely, Zhao Ying  Yangyun. I can't wait to share with you soon.Yours sincerely, Xiao Guo Wu 2011-11-24 Chenjingly, Liang Wang 2011-9-16, Jiangmin Zhang 2011-12-21, Liuyan Chen 2011-8-15, Zhangyan Chen2011-3-7, Wuyan Zhang 2009-10-20, Zhangyan Ma 2011-4-6, Wuyan Linqi 2011-2-5 Wuyan 2011-8, Zhangyanhaoyan 2010-8 Zhangyanhaikao 2011-8 Zhanghaoyan 2011-8 Liizhan 2011-8 Nanjingjianjie 2011-8 Zhongxiaoli 2011-8 Maojiaoyan 2011~10 ZhangLiizhen 2011-8 Shenzhui 2011-8 Wei"
lilygoulder/zh-en-beginner-learner-english,Chinese,beginner,B1,basic,holiday,2,"Hi, Sophia I'm very glad to hear from you! I know you are really nice and happy that day.I think we can go back home with my family next month. It's a wonderful vacation for us. My father is in the city of Shanghai China now, we had a lot of fun things before those days. I always let the travellers go there at night, because it was so beautiful! But this trip was so exciting. We were shocked by their beauty and enjoy them everyday. It will be a great holiday.I hope everything goes well for you!See you soon! Yours, Emily.Jenny. Zhang. Huang. Your friends, Jim. Bye! Amy. Xuanyi. Best wishes! Jacky. Zhou. Wang. See you again! Jessica. Chen Jianmin. Guo Liu. Ryan. Wang. Zhang. Guo Yang. I am looking forward to hearing from you. Yours sincerely, Julite Wu. Liu. Qingdao. 2011-3-6-2011.8.06.20.2011.7.11.04.2011.12.14.02.2011.13.23.15.17"
lilygoulder/zh-en-beginner-learner-english,Chinese,beginner,C1,basic,family,2,"It seems that the family can be different from my mother. The brothers like living in their hometown but he always don't like their parents because they are very smart and interesting. My father's name is Tina. He's tall, fat. He has long black hair, brown eyes and a big mouth. I'm not happy with this one. I think it might be a good idea to say that there are so many people here who live in the same city. But we know each other. People also are much more careful than men. If I am a little poor-age boy, I will call him. The only reason why I want to do is to study English. This is a good choice for me. Do you have a lot of time? What can you do? I look forward to hearing from you soon! yours, Linda. I'm looking forward to seeing you soon. Your sincerely, Helen. Yours sincerely, Shawn. Yang. Wu. 2011.11-20.9.2011.3rd eddy. Zhangjing.Joyce.com.cn. I love this story. Yours faithfully, Shawn Huang. Liuqi. Nice to meet you soon. Yours sincerly, Fei Chen"
lilygoulder/zh-en-beginner-learner-english,Chinese,beginner,A2,mixed,hobbies,2,"Dear sir, I am a beautiful city. My local food is very delicious and my friends are like them. We all want to go to park. I like swim because it's fun. I don't like swimming because it's too dangerous. We often go out together when we are playing football with other friends. But sometimes I think that's not important for us. We always wear jeans and shorts. It looks great! Hopefully, Shifu. I'm fine now. See you soon! Yours sincerely, Qi Chen. Jin Xia. Xiang.2011-11-20)Lily Zhang Feng 2011-4-21Yuyi Wangyun 2011-5-10Yuyi Zhangyun 2011-)5-22 Yuyi Liuyun 2011~7-9 Yuyi Yangyun 2011-,3-6 Yuyi Wang yuan 2011-,1-8 Yuyi Wuhan 2011-)8 Yuye Shihan 2009-)2 Yuyi Zhu 2009-)4 Yuyi Jing 2010-)4 Yiyi Huang 2009-)5 Yiyi Li Mai 2012-)6 Yiyi Guoheng 2011-)8"
lilygoulder/zh-en-beginner-learner-english,Chinese,beginner,B2,mixed,holiday,2,"Hi,  I'm glad to hear from you. My friend and me is very happy that you will come back my hometown. I've been visiting this city in the last few days since we are in the Japan. I'll have a good time here. But for the first time, there's so much things to do. As far as I can see, there are some flowers on the beach. We usually go swimming at night. I also like singing and dancing because it's fun. I can't dance but I don't like football because it's too difficult for me. There're many reasons I'd love to visit in the coming year. It's great! The best thing is that you will be able to keep your life healthy. If I miss you, please contact me at xxx@hotmail.com or call me at 709-8590. I look forward to hearing from you soon.Best regards,Edward.Lily.Jane.Caiyong.ZhouXi.Puang.Zhuhai.Shan.YanJianmin.She.Tao Chen.I'm looking forward to seeing you again.Fanny.Jiangshan"
lilygoulder/zh-en-beginner-learner-english,Chinese,beginner,C2,mixed,family,2,"The answer is Why don't you like your family? I think it's a difficult thing to say in my mind. Firstly,  isn't there anything wrong with every other people who live in our hometown.   I really hope that I will help them with their baby's care and stay in the hospital when they are young. Second,  can provide more options for all of us to see and talk on TV. Thirdly, if you want to know the reason why we would do some research, you could find out how to use the technology to watch the news report. Thirdly, I would like to share with each other and give you a chance to get married. It's very interesting and fun to discuss the issues at hand. Finally, I would like keep doing yoga. I hope that I can improve my ability and make friends with others. Sincerely yours, Yuki Ji, Huang Xin 2011-1-11, 2011 Dear Jenny, Thank you for your time. Sincerey! Yuki Jing2011-3-27, 2011 Dear Amin, Thanks for your attention.Yuki Ji.com 2011-4-16. Yuki Jian.com 2012-5-22"
lilygoulder/zh-en-beginner-learner-english,Chinese,beginner,A3,l2t,hobbies,2,"There are many things we can do in my town, such as swimming, singing, dancing, surfing the internet or play tennis. I like going out of park because it's exciting. I also like playing basketball because it's interesting. In the afternoon, I usually watch TV at night, sometimes go to the movies with friends. At night, I usually go shopping on Saturday. I often go shopping in a restaurant at evening. I don't like doing sports but I have to take some breakminton to improve my skills. I donnt like football because it's fun and relaxing. What about you? Have a nice day! Yours, Maggi. Li. 2011-7-24. Allan. Liu. Huang. China. p. 3rd ed. This is a really beautiful city, where I love these days. You can see this city is very beautiful. We all know that there are so many kinds of things we can eat, such as snow, snow, water, wine and chocolate. It's great! I will help them to enjoy our life. Love, Sam. Nice to meet you! Lucy. Hon. Zhang.2011-11-21. Pamela. I'm looking forward to hearing from you soon! Yours"
lilygoulder/zh-en-beginner-learner-english,Chinese,beginner,B3,l2t,holiday,2,"Hi! Sophia is a good traveler and I'm glad that you can go to the Great Wall for vacation. It's so exciting. You know that this holiday was my first time to visit the Great Wall. The Great Wall was just a hotel. There were many different kinds of dishes and restaurants. And there are also some delicious food and drinks. There are also many delicious foods which are great for me. I love it very much. Hope you can come here soon. See you again! Julite. Mike. Joanna.2011-6-23, 14:00am-4pm,and I am looking forward to hear from you. Your friends, Annie. 2011-3-11-28.I will tell you something about your trip. Look forward to hearing from you soon. Best regards, Jessica. 2011-4-10-15.Lovey. Linda. 2012-1-30.Linda Xuyan. 2011-2-8-5.We are going to be back home with us. We'll fly to Santa Monica to have dinner together. It's beautiful city. So we can eat the local vegetables and fruit. My favorite season is spring and winter. Tomorrow, we're going to stay at hotel."
lilygoulder/zh-en-beginner-learner-english,Chinese,beginner,C3,l2t,family,2,"There are four people in my family. My father, mother, sister and me. I am tall and slim. My mother is short but thin. She has long black hair. She looks like a boy, but she likes eating bananas. We eat out together when we get up. I don't know how to do it. The most important thing is that they will help us make friends. I hope we can still be good friends. I would love to read more books on TV with my classmates. If I want to study in university, I will give them some useful advice. But I think it's very difficult for me to learn English at school. And if there were many students here, I must consider learning English. I would like to share myself with other countries like Switzerland. It could be helpful if they speak English fluently. That's all! I'm looking forward to hearing from you soon. Your friend. Yours sincerely. Sincerely yours, Sara 2011-7-9.2011 Dear Friend, Linda. Thanks for your reply. Yours faithfully. Yiyi Wang. I'm an engineer. I work in a factory. I needn't tell you what I want now. I wish everything goes well."
lilygoulder/zh-en-intermediate-learner-english,Chinese,intermediate,A1,basic,hobbies,1,"There are many things around my city, such as swimming, surfing the internet, playing basketball, watching TV or listen to music.I like going skiing because it's too dangerous, but I don't like doing yoga, so we go sailing, sailing is very interesting and fun. I hope everything goes well with me. See you soon! Yours sincerely! Shifu. Huang Yiwi.Zhou Xiaoli.Yoga on Suzhou. Jiangsu.China.Shanghai China. China.Byeyuan Liu Nice to meet you again! Your friend, Wuhuying.Li Zhao.Zhou Cheng Chen.Wenyan Huawei.Nice to see you next week! yours, Yiyi Zhou.Linda Xiao.Mei Guo. Yuyi Li.Peng Jianmin Zhang.Xinhua GaoJianSu.China.Kiki Wang.Yujie Qianmin Li.Li Huang Xi.Qianyou.Jiangsu,China.Bye.Fan Yang.Li Hui.Peng Wang Yiwi,Li Hui Wenqi.Xinjing.China.Fan Shi Luizheng.Xinjiang Fan FuSu.China"
lilygoulder/zh-en-intermediate-learner-english,Chinese,intermediate,B1,basic,holiday,1,"Hi, Sophia! I'm glad that you had a nice weekend for me. My favorite season is sunday. I will go out alone at 7 o'clock in the evening and we eat cake, eat dinner and watch TV. And I can't wait to see my friends and family. They are very cute and interesting. So we must have lunch with us. It's my first time to go there. I think it's really exciting and great fun! Best Regards, Sophia. Yours, Linda. Your sincerely, Sophia Jian, Thank you! David Huang. You are good friend. Best Regards! Amy. Allen. Your sincerey, Alex. yours, Mike. Yours Lily. Bye! Joan Huang. Allen; Michael Rao. Thanks again. Juliet Wang. Your sincere. Sara. Kiki. Hope you enjoy your vacation soon! Helen. Xiaojing. I like going to visit your next vacation. Yours. Yours Grace. Your sincere, Lisa. Love, Gary. I'm glad to hear from you. See you! Annie. Zhangyuan. Yours Lin. Xihui. We are happy too."
lilygoulder/zh-en-intermediate-learner-english,Chinese,intermediate,C1,basic,family,1,"This is my family's name.I'm from China. There are five people in my family:my father,mother,brother,sister and I. My mother is called Yunxiang. She lives in Shanghai with me. She has two brothers:my brother and my sister.They live on Wenzhou Street.My sister is named Xinjian. He lives in Guangxi province,China. We all like this very much! I wish you good luck.Ying xiaowei Wang Chen. I love my family! Yuan xiao is one of my great friends, he works hard to help other people who need help. If you don't want to know what? I am looking forward to seeing you soon! Yuwan Liu. Your sincerely Lily. Tina Yue. Jinghua Feng. Thanks a lot! yours, Ying xiao. Your friend, Yuyao Zhang. Your dear. All right, ZhengXie Jing. Thanks a little! Best regards! Yuyao Li Yang. YuyaoZhou. Yuyijing. Yuyai Chang. Yuyong Yang. Yiyi Wang. Yuyi Shen."
lilygoulder/zh-en-intermediate-learner-english,Chinese,intermediate,A2,mixed,hobbies,1,"Hi, I'm a student. I like going out with my classmates and play basketball at school. It's exciting and fun. My favorite season is spring. I want to go there because it's so interesting. So I am also very busy. It's not too cold but I think it's good for me. I hope everything goes well for me.Hope you have a nice weekend!Yours sincerely,Sincerely yours,Best Regards,Jane XiaoZhou1,Xinhua Xiang2,Pan Zhu3,Qingdao4,QianDong5,QianLiang6,QiZheng8,QiaFeng11,QingDong10,QiuLiang12,QueEu 11,QiWang9,QiHua11,QuanKuan13,QiaGuan15,QiGuan16,QiWei14,QiQiang17,QiMei18,QiTai19,QiMing20,QiJian16,QuFun16,QianMinzhen21,QiFujing23,QiGuoU12,QiSuzhou28,QiYuan26,QiKen28,QinZhaizhong29,QiNing28,QiuJia,QinF"
lilygoulder/zh-en-intermediate-learner-english,Chinese,intermediate,B2,mixed,holiday,1,"Hi! Annie I am very happy that I will go to a new city with my friend.I love the beautiful sea and the wind,but the weather is hot, so I can't swim, but I don't like the bad weather because it's too dangerous for me,so I'll have time to enjoy there.It's so exciting and great fun. I think if I get into a big island, I can see the stars of the sunrise in the sky. It's really exciting too.Sincerely yours Jingdao Yueyong Yuqi Liu Zhou,I'm fine thanks.Best regards.Any.Jenny Wang.FrankHang,CherryZhao Feng.My wife ChenJiang.Nice to meet you!Bye!Lily.Johnson.Milky.Yuki Li.Park.Goodbye.ParkXiao.QianYun,Wei Xinhua.Park,wei Xinjiang.Wei Qingxi,wei Qiheyou.Wei Zhao Feng!Welcome to your hometown!Best regards,JaolinLi"
lilygoulder/zh-en-intermediate-learner-english,Chinese,intermediate,C2,mixed,family,1,"1. The most important thing I'm really concerned with is that the young people who are both intelligent and hard-working are more than 30 years old. 2. What's more, there are so many new things in the world where we can share what they want to do. 3. How about your own life? In my opinion, if you live in a city of China, there will be lots of different kinds of families in the world. 4. If you are living outside of the earth, there will not be any place near you. 5. There is no time to go out alone at night on the road to meet strangers. 7. Where do you like? I think it's a good idea because the best way to visit someone is to take care of them. 8. Are you afraid of being mad? Do you choose some method? See you soon! Wendy Zhang. Jinghua Yun. 2011.6. I'll tell you something about myself. Firstly, I am looking forward to seeing you. This is my first time to discuss this topic. It's very interesting. Your heart has long been trying to change our lives, but now, I still hope I can see you again. Hope everything goes well for me."
lilygoulder/zh-en-intermediate-learner-english,Chinese,intermediate,A3,l2t,hobbies,1,"I like going out,but I don't go swimming and riding a bike.I have to stay there for long time but sometimes I'm not able to swim.It's interesting because it's too dangerous and exciting. It's very fun and fun! There are some sports in my city that are organized by me.The most important thing is that I am playing soccer with my friends.In this sport,you play basketball every morning.I love doing yoga everyday.But I still need to play computer games as well. So I need to change things. In the future, I will be happy if I get back from school again. See you soon! Yours sincerely, Xiaowang Wang. Chinese.Zhou Feng. 2011-10-15. ZhongYing Guo.2011-11-20. Wuhan Wang.2011-08-27. ChenYi Zhang.2012-04-19. LiuYinao.2011-06-26. ZhangYinhua.2011-05-25. LiuYiJianju.2011-12-29. LiuXiangsu.2011-03-22. LiWen.2011-09-24. ChenLiWuqi.2011-07-23. HuHuaSu.2011-02-28. ShenShenYunsu.2011/06-18. YangQian.2011-01-16. ChangQingJian."
lilygoulder/zh-en-intermediate-learner-english,Chinese,intermediate,B3,l2t,holiday,1,"Hi Sophia, I am fine! Thank you for your invitation. My favorite is Spring festival. We are going to the park and eat at one of my favorites. It's a very exciting time too. The weather tomorrow is very hot and sunny. I like autumn because it's so cold. So we go to the beach with our friends and play games together. Hope you can come soon. Best wishes, Peter. Kathy. Sally. Wang. Haii. Ying. Zhuang. 2nd ed. 2011.7.27 See you. Grace. Your best friend. Lisa. Shanghai. 3rd ed. 2009.4th ed. 2010.8.12.2011.10.11.2011.09.05.2009.12.14.2011.08.16.15.2011.06.20.2015.08.04.2011.07.02.2011.01.03.2016.04.28.00.2012.04.21.29.2011.11.23.2011.05.06.30.2011.0.9.17.2011.1.3.6.7.2011.2.5.8.2011.4.6.6.2011.8.10.12.2010.8.0.001.2011.5.25.2011.3.26.2011.9.1.8.11.2012.3"
lilygoulder/zh-en-intermediate-learner-english,Chinese,intermediate,C3,l2t,family,1,"The Big family is located in China. There are four people in my family:my father,father,mother and I. My mother's name is Yukiqi, she is fifty-eight years old, her father's name is Xiangyin. She lives with me. My brother's name is Zhang Guo. He lives with me everyday. My grandfather's name is Jinghua. He is sixty-one years old, he lives with us. We can speak Chinese English. But it has little meaning. So we need to learn how to do some work for our family. It will be very exciting and great fun! I wish everyone can come here this weekend. All my best, Shimai! Yukiqi. See you! Yang Hui. LiGuo. xiaoYukiqi. Yukiqi.. Sanya. Yang Hui, Xiaoyan. Yukixi. Yukiji. Tianjin. Nice to meet you. Yukihao. Yukijing. Wenzhou. Yukixin. Tianchin. Yukiying. Wang Guo. Yukixing. Chenli. Changshu. Wuhan. Niceto. Chenliang. LiuZhou. Qiyuan. Liu Zhou. ZhangJian. Nice."
lilygoulder/zh-en-intermediate-learner-english,Chinese,intermediate,A1,basic,hobbies,2,"I like swimming, so I always have a lot of fun. When we go on the beach we eat some fruits. The main course is sailing, it's very exciting! But when we play the guitar we play computer games. It's very interesting, because we are scuba diving every day. We usually swim in the sea. In the afternoon we surf the internet. It's too dangerous! So I don't like playing football. I think it's very difficult. What about this? What kind of sport do you like doing? Where will you come from? Yours sincerely, Xuqi Huang Li Liu., Huiqi Huang Wang., Zhang Jian., Zhang Zhao., Liu Hai Chen. Best wishes, HuiHai Wu Yang.,LiZhou., Chen Wan. I'm happy that I really enjoy my hometown with my friends. Oh! Thanks for sharing my experiences in our city. Sincerely yours, ShiYun. Lily,XiangWen.I am glad to hear from you.Sincerely,Jie Li.I want to say  about yourself. You're a good man who love me, but also I wish I could help other people."
lilygoulder/zh-en-intermediate-learner-english,Chinese,intermediate,B1,basic,holiday,2,"Hi Sophia, I'm so glad to hear from you. My favorite day is Saturday.On Thursday,I will go swimming and eat out of the sea for breakfast. In the afternoon,I'll be in a restaurant with my friends. At night,I watch TV or listen to music. After dinner,I like to eat cake or play badminton,so I think it's very exciting! See you soon. Linda. Xiang xie Chen. Hello Sophia. How are you? Kathy. See you later. Leo. Lily. Hanyi. 2011-5-15. PDT. Yuki Huang. 1st September,2011.Have fun with me! Best wishes! Lisa. Wang. I'm very flattered by your interest. Yuki. Huang. 4th April,2011.We've got together at the weekend. You can come back home! Good luck! Sam. Sara. 2009-6-20. Thanks for your time. Your sincerely. Diana. Yuki Yang. May 2011-4-17. Tommen. Nice to meet you. Best Regards, Amy. 2005-9-16. Yuki Wang."
lilygoulder/zh-en-intermediate-learner-english,Chinese,intermediate,C1,basic,family,2,"There are three types of my parents in our society. They are very rich but not limited to: 1. White women, 2. Black female, 3. Women who live in China can get married, but don't like me. I think it's more important than living together with them; 3. Female is not just a person who lives in a city or some other cities, but also people who work with their families. As far as my opinion is concerned, there are many things that make me feel happy. One thing I want to encourage myself, if you allow me to marry you will find one. I hope we can improve all kinds of relationships. Best regards! Yours sincerely, Jing Xiao Zhang Lian. 2000.3.27.2011.9.30.Jane Li. 2004.8.12.2012.1.01.2012.11.06.2011.4.6.2011.7.10.2011.11.04.2011.8.0.00.2011.12.09.2011.13.09.2009.10.08.2011.16.20.2015.5.26.2011.5.28.2011.21.08.2015.6.29.2011.23.26.2014.24.2015.25.26.26.2015.36.26.Nielsson"
lilygoulder/zh-en-intermediate-learner-english,Chinese,intermediate,A2,mixed,hobbies,2,"Hello, I'm a manager of our department   this weekend. I'll go on vacation  because I have no time to go.   there, and my friend  come back home,  she says it's very exciting! She also talks about how to make friends with them, then she tells me that she will visit some places for her. My friends are so beautiful and they are like different people and we're going to have fun! So I hope everything goes well together, so please help us!Best regards.JaneZhao. John Tiles Ltd. Thanks, My dear friend! Yuki, Mary! We've got together at the first sightseeing party in Shenzhen,  you know, I am looking forward to seeing you.Kelly.Linda. Wang. Yuki! Xuqi-Li. Yoshi. Wang.Pang. I love you too! Good luck. ShiHaii. Yuki. I'm sorry, but I didn't tell you what happened. See you soon.Timothy. Chen. Thanks for your attention.Yuki! Yuki. Yang. Yunnan"
lilygoulder/zh-en-intermediate-learner-english,Chinese,intermediate,B2,mixed,holiday,2,"Hi Sophia, I'm glad to receive your letter and we have a vacation in the world. The first day is Thursday 6th.I'll go to the museum with my friends.I like visiting the Great Walls.The second day is Sunday 3rd.There are many scenery around the city.The third day is Saturday 7th.We will go back home at 9am everyday. And finally, I'll be back home soon. See you! Sophia. 2011-4-9 pm Dear Sophia, Thanks for your kindly.Here are some things to know about me. You can come here from our local park or visit there on Monday 12th. There is so much fun going on. I love this weekend. So do not forget to share my hometown. It's nice for me. Best regards, Jessica Zhao, Maylee, Linda. Best Regards, Jacky Yuqii. 2011-5-27 am Xiaohua Chen. Sincerely yours, Huang Jianmin. 2012-6-14 pm Your sincerely, Amy.2011-1-20 pm Xinjiang Guoai, Shenzhen. China. 1st week! Xiangsuan"
lilygoulder/zh-en-intermediate-learner-english,Chinese,intermediate,C2,mixed,family,2,"This is my opinion. Firstly, I think it's very important to get your own baby and make sure that she can't go out into the world when she was born. Secondly, if there are many problems in her life, you can use it to help me with things. Thirdly, if there were some problem in her life but now she has not gone to school because of her poor ability. Finally, sometimes he is so unhappy, and they are forced to take care of him and tell his parents what he wants to do. The only thing I would like to encourage is that if I am young I will try to change my job. Sincerely yours, Huxin. Thank you for your time.Lily Best regards!Ryan YueJianjun.2011-06-20.Yu. Wang Xing.2012-12-23.Yu Chen,a businessman.I'm looking forward to hearing from you!Yuki.2011-04-11.Yuki. 2011-09-30.Yuki? 2012-08-14.Xi. LiuYun. 2012-03-24.Yuki,Li Zhao,i Feng,i Fujiao. 2011-01-25.Yuki"
lilygoulder/zh-en-intermediate-learner-english,Chinese,intermediate,A3,l2t,hobbies,2,"Hi,Tim I'm in Shanghai now. There are many activities with my friends there.There are some sports,such as basketball,swimmingball and baseball.They are very exciting and fun.The weather is sunny,so it's not hot, so I want go skiing. The most interesting thing is that they play soccer,sing songs and dance music. In this way,I like my job. See you soon! Yours sincerely, Xuli. ZhangYuan. AllenLi. ZhouXu. TianJiang. YueKai. WuYang. YangLiao. ChengQin. WangZhou. ChenYi. Shifu. Nice to meet you! Yiwu. HuangFeng. GuoDong. FanJun. ZhangShan. WeiHui. Xuli. LiuPu. WangZhong. China. SongPao. JiangSu. ZhangRiu. GuoJiang. WuPu. ShenMina. WangYi. LiDong. YangBan. QinGuo. ZhangWu. WangWeiHua. HuangLiu. HuangWu. WeiWu. Xuli"
lilygoulder/zh-en-intermediate-learner-english,Chinese,intermediate,B3,l2t,holiday,2,"Hi Sophia! I am so glad to receive your letter. I'm very happy now and you? Now, my dear teacher is sending me some photos that show you different types of holidays from the time you visit my parents. We all like a beautiful beach with my family. So, if we can see this picture here, I will go there at 8am in the morning. The weather tomorrow is hot and sunny. It's great for us. See you soon! Best wishes! Sophia! Helen. Your sincerely. Tommy. Bye! Sophia. Regards. David. Jonica. I hope you'll come back again and get a good day.Best regards! Lucy. Yours Sincerely. Steven. Kevin. HuangXiao. Diana. 2011-10-23.Yours Sincerel. Joanne. 2011-08-20.Years, Jason. 2011-09-28.Zhui, Shifu. 2011-11-29.Have a nice weekend too. Allison. 2011-12-24. Yolanda, Jianmin.2011-07-16. Wangli, Xingshan. 2011-06-17. Yangxiang, Zhangxi. 2012-03-27"
lilygoulder/zh-en-intermediate-learner-english,Chinese,intermediate,C3,l2t,family,2,"The story is about a man who lives in a city with his wife. She has long straight hair, a little fat. He like eating vegetables. He likes cooking food but it's not as easy to cook because there are many reasons why she doesn't eat fish. In my opinion, I would like to ask her if they can help me. Why don't you buy one? Because of this, I want to share some good news that I'd love to share in China together. What do you think? See you! Yours sincerely, Xiaolong Liu Lian. Anyway, I'm very happy to hear from you. Best wishes, David Li. Yours faithfully, Wang Qingdao. Jane.Linda Chen. Yiwu Zhang. Johannes Ji.Li Zhou. I'm so glad to receive your letter. Thanks again for giving me more information. Your son! Best regards, Gary Rai. Thanks!Xiao Zhao Yin Zhang. My husband! Yiwun Shi Shi Yang. Thanks for your interest. Yiwu Shi Yang. I will send you your email to me soon.Best Regards, Xiao Huang"
lilygoulder/zh-en-advanced-learner-english,Chinese,advanced,A1,basic,hobbies,1,"Hi, I'm Linda from China.I work in a munan city.It's very exciting. I like playing football or watching TV.But it's too difficult to learn.We are going to go swimming in the morning.At night,the water is very clear and clean. I don't know what we need.So I want to play basketball because it's relaxing.I hope my daughter will come here.See you soon!Jane Wang.2011-08-24.8.27 LTD.Have a nice day!Yours sincerely,Jenny Chen.2012-06-25.7.27 LT.Ltd.I am looking forward to doing my job.Thank you very much!Yiwu Zhang 2011-01-29.4.26 HIS BIRTHDAY PARTY. Bye!Jiegong,Janet Yang,2011-04-30.8.23 Jenny Chen.2011-02-28.6.36 Huangqing.2009-03-11.12 Yiwu Chen.2009-09-10.9 Huangqin.2009-05-20.14 Yiwu Wuhan.2011-11-17"
lilygoulder/zh-en-advanced-learner-english,Chinese,advanced,B1,basic,holiday,1,"Hi, Sophia I'm glad that you will come back from my vacation. My favorite is Tianjin. It's a beautiful city and very great fun! Tianjin is very popular with me so we can go tianjin by car. The weather here is hotter than the beach. In spring it's cold and windy, but it's too wet in winter. I like tianjin because its so lovely and warm. The most important thing is tianjin is a pleasant place. I love this city because it is really cool day for us! Best regards, Alex Xiao. Best Regards, Lisa Liu. Sincerely yours, Kathy Zhang. Love, Selly Wang. Your friends. Bye! Alex Xiao-2011-1-26, 2011.4-6.7.11.12.14.13.14.16.17.18.20.19.21.23.29.31.30.34.38.40.39.70.45.40.60.90. See you soon! Lisa Liu.2012-1-24.9.28.10.02.12.09.36.70.80.90.90.95.99.98.99.99.ok. Best Regard, Mike Liu"
lilygoulder/zh-en-advanced-learner-english,Chinese,advanced,C1,basic,family,1,"There are two people in my family, my wife, my daughter and I. My husband is thin but he is fairly fat. He has short black hair and long legs. He likes wearing pink jeans and white pants. He's very tall and slim. He is always smart and easy to take care of things. But his father doesn't like me so much. He is good at cooking too. We all live together. We both love each other. But when we're young, we don't go out with us. It seems that there will be no time to make it. So we can use our life to do something they want. And we also think it will bring great happiness to children. All these things can happen to each other. So if you would like to discuss this topic with you, please contact me on xxx@hotmail.com. If you agree with your opinion, you'll get more information from my website. Please write to me as soon as possible. Yours sincerely, Linda Lily. 2011-11-27 14:20 AM Hi! I am looking forward to hear from you! Your friends:YJ Chenmei,Linda Li,2011-8-17 19:45PM"
lilygoulder/zh-en-advanced-learner-english,Chinese,advanced,A2,mixed,hobbies,1,"I am planning a weekend holiday this week,it's going to be my favorite season.I like swimming and listening music.My favourite sport is surfing.In the evening,we go shopping with friends.I have dinner at one of the great restaurants.I hope you can come here soon. Yours sincerely,Jenny Zhang Li.2011-8-4)2011-6-2)2011-7-11)2012-9-16)2011-5-25)2011-12-20)2011-11-18)2011-1-28)2011-3-27(with 1 day holiday,there are many things that we want to share our memories).2011-1-)2011-2-29)2011-4-30)2011-0-21)2011-10-23)2011-8/26)2011-09-15)2011-08-22)2011-06-24)2011-02-17)2011-05-14)2011-03-04)2011-01-04) 2011-01-07)2011-04-23) 2011-05-04)2012-04-19)2011-07-06)2011-15-26)2011.06-28) 2011-04-06"
lilygoulder/zh-en-advanced-learner-english,Chinese,advanced,B2,mixed,holiday,1,"Hi! My name is Sunny. I'm from China. There are three people in my family : my father,my mother and I.My mother is seventy-one years old and my father's forty-eight. They live with us.My sister lives in Beijing,China. I can speak Chinese and English.I can cook but I can't dance. Bye! Sunny.Nice to meet you. Yours sincerelySunny.Sunny.2011-06-16. Dear Paul. You know.Yours sincerely,Sunny.2012-11-23. Best Regards,Sunny Zhang 2011-10-25. Bye!Sunny. 2012-3-28. I am glad to hear that you have a wonderful vacation. Best wishes, Sunny. 2011-4-24. Thanks for your time! Bye!Sunny Zhang.2011-1-20. Sunny Zhang2011-5-27. Welcome to our city. I wish you will enjoy it!Lovey. 2011-7-26. Love! 2011-8-22. Sundy. 2012-9-30. Hope you can come!Yours sincerefully,Sunny Liu"
lilygoulder/zh-en-advanced-learner-english,Chinese,advanced,C2,mixed,family,1,"The answer is that I am short and fat but don't like what I did in my childhood. My parents are so taller than me, so they love each other very much, and sometimes I always sit on the chair every morning. But they're too thin to make up their hair when I was young.  It's just one day before I came back from home, because the baby has bigger eyes.   It's not easy for me to see the baby at night. If you want to know more about this issue, please contact me freely with your friends!  Your sincerely, Cindy. Yours,Linda Wang. See you,Lily.Cindy.com Thanks! Jack.Zhou.Nice to meet you.Best wishesKiki.Shi.2011-4-28,6:30amTo:XiaoYi WuMaiDate:2011-1-20,7:00pmI hope we can still live together.Have a good weekend!Lili.2011-3-23,5:00PMI will send you an email to you.Lili.2012-8-25,9:00PMThe phone number is ##########,but no reply,because there are many people in my family. So,we need to get some information about my family. And there are lots of things which are common here in our life."
lilygoulder/zh-en-advanced-learner-english,Chinese,advanced,A3,l2t,hobbies,1,"I like swimming, but I don't have enough time on sea. It's too dangerous. I always go diving because it's interesting.I like playing badminton very much. And it's exciting and fun. The weather is warm and sunny. There are many flowers and fruits. There are some fruit and some fruit. I like cooking and dancing. I don't like doing sports. So I can play football or tennis because I can make music all the day. I love this city! See you soon! Yuki.Yuki.Yun.Yun!Yuki.Ling.Yu.Ling,Ling.Wang.Li.Jiang.2011-11-26,2011.12-17,2011.14-16,2011.21-24,2011.23-27,2011.29-28,2011.30-32,2011.35-36,2011.7-8,2011.9-10,2011.10-20,2011.11-11,2012.09-15,2011.13-18,2011.22-20,2009.8-12.8,2011-11,2014-11-11-10,2015-11-8, 2014-11-2, 2015-3,2016-4,2016-6, 2016-6,2016-5,2016-7,2015-8,2015-7-1, 2014-4,2015"
lilygoulder/zh-en-advanced-learner-english,Chinese,advanced,B3,l2t,holiday,1,"Hi Sophia, I'm fine thanks. My birthday is coming soon! Let me tell you why you should go to the Yifuanyan island in China. It's a beautiful city and I love it so much! But my favorite season is spring, we are very hot. We're having a wonderful time! And it'll be nice to meet you. Best wishes for you! Annie. Helen 2011-5-20.2011-6-11.2011-3-10.2011-4-23.2011-1-9.2011-8-27.2011-2-29.2011-11-25.2011-12-22.2011-14-28.2011-17-24.2011-7-21.2011-09-30.2011-06-26.2011-08-15.2011-02-01.2011-07-05.2011-10-16.2011-04-19.2011-03-20.2012-11-19.2009-12-20.2014-13-16.2015-12-16. 2014-11-16. 2015-11-17. 2014-09-18. 2016-09-25. 2014-10-18. 2014-08-20. 2014-06-20. 2013-07-21. 2014-07-20. 2015-08-16. 2016-06-01. 2014-0-02. 2012"
lilygoulder/zh-en-advanced-learner-english,Chinese,advanced,C3,l2t,family,1,"Hi, I am Sway,I'm forty-six years old,but my parents live in China,and it's very hard to say anything about this issue. There are three people in my family,my father,mother,sister,brother and me.My mother is twenty-five,she likes eating vegetables and milk,so she don't like cooking but I can cook vegetables.We all eat food and drinks.I think if you want to talk with me,you can contact me at xxx@hotmail.com.I also hope that will be great! Hope everyone has a good day! Love, Jenny. 2011.3.28 Chenliuxu. All of you! Yours, Sway.2011.8.27 Sway. I am looking forward to hearing from you again.Thank you for giving me some suggestions. Your sincerely Sway.Shi 2011.9.26 Sway.I hope we can still speak English more fluently.Good luck! Sway. 2011.7.30 Sway.What do you think?Shuang Li 2011.11.29 Sway. What do you think of the future of family? Bye! Sway"
lilygoulder/zh-en-advanced-learner-english,Chinese,advanced,A1,basic,hobbies,2,"I like going swimming, but I don't have enough time. I'm also very busy.I go shopping,and then I get up early,so i will play games with my friends. In the evening,i'll be playing basketball.I hope my dog can enjoy the day! At night,i think it's not too dangerous for me. In the morning,i am going to go to the park with my friend.It's so beautiful that it's interesting and fun. I want to go out together with my friend after a few days. We all love each other! See you soon! Yours sincerely,Jon Wangmin/ShiWei Chen-Shi. I'm looking forward to your reply. Your sincerely,Xin Wang.Yours faithfully,Kindy Xiao. I look forward to seeing you again! Yours, Yuan Zhang.2011.5.30.20,Junelee. Jiangsu Province. Wenxi province, China. It's my first time see you! Bye! Yuqi Liang. 2011.6.21.24,Aprillee. Yuan Yang. 2012.4.11.12,Maylee. Yujian. 2012.9.11.11.14"
lilygoulder/zh-en-advanced-learner-english,Chinese,advanced,B1,basic,holiday,2,"Hiophia! I'm fine.I'll be back in the next two days.My family and I just went to there by bus from Beijing to Tianjin city for my vacation.The weather was hot,we had a lot of food,and we also met many friends.We stayed at hotel for two hours.Tomorrow is coming.I think it's very exciting and great fun.I will take a tent,a sleeping bag, a backpack, some water and bottles of water.I'm going to visit you soon. Best wishes! Sophia. Helen 2011.1-3.30am.Please come with me! Yours sincerely, Sophia.2011.4.28pm. See you, Sophia! 2011.8.20pm.Yours faithfully, Jessica 2011.11.29am. See you! Jenny 2011.10.21am. See your! Sophia 2011.12.16am. Best Regards! Gary. 2011.2.9.17am. Seeing, Kathleen. 2011.6.26am. See You.Jane. 2011.7.27am. See if you like them! Grace 2011.8-23am"
lilygoulder/zh-en-advanced-learner-english,Chinese,advanced,C1,basic,family,2,"The first of all is that I am from China. I live in Yunnan,China. My father is a doctor, he works in a hospital. He likes reading books, so his job is very important for me to study English. If there are many people who want to know more about my family, I would like to read some newspaper articles about him. It will help me understand what she likes. As far as I can see, my sister's name is Lucy. She has long hair and short black eyes.She is both patient and ambitious. She doesn't love wearing a pink trousers and white pants. I think it's not easy to get married. That's why I choose to write this story to her. This is one of my favorites because the new house is full of room, no longer open for new things. And if I had a lot of children, I'd like to tell them something about my family. What do you say? I hope everything goes well with you! Your sincerely.  Your sincerely, Jenny Wang. Your friend, Xiangying Zhang. I'm looking forward to hearing from you soon.Yours sincerely, Lucy.I'll be happy to hear from you soon!"
lilygoulder/zh-en-advanced-learner-english,Chinese,advanced,A2,mixed,hobbies,2,"Hello, I'm David,I'm a senior manager of our project,and we want to tell you something about my local newspaper.In this news release,we will report to me about it on my work time and make some suggestions for us to improve myself.It's interesting to share with other media with others.The story is so funny!I've just got out of it to visit my friends when I was young boy. My daughter wanted to have her first child because she would go into the countryside.And then he asked me if there were any places I like in his hometown or near the beach.It seems that they are very good at cooking and singing.But don't worry,I also know how much food there is,especially fruit, vegetables and milk.So i think the food is very delicious and great fun. And I hope you can come here to enjoy these fantastic dinner and read more articles from them.Best regards,Ren Yang. Frankly,Jessica Wang. Thank you for your attention,Ren Liu. Huang Zhang. We're a little bit afraid of going out together.Bye!Fanny,Wanghai Feng."
lilygoulder/zh-en-advanced-learner-english,Chinese,advanced,B2,mixed,holiday,2,"Hi, Sophia! I am glad to hear from you, and I would like tell you something about your vacation. You can go out alone at night, it's a comfortable place, if you want to see the beautiful beach in there, you can enjoy the sunshine of the sea and relax yourself, also you can go swimming in the sea. It'll be fun when you have a good time. If you are staying in a city with my family or friends, please let me know what I need to do next month. Best wishes for you! Yours sincerely, Lucy. Zhoufang Liu, XiWei. 2011-06-20, 9:00PM PDT Hi! Sophia. Nice to meet you too. Good luck for you! Your friend, Sophia. 2011-08-29, 3:00PM TT, I'm looking forward to seeing you soon! Looking forward to doing business with you! See you soon! YJXiong Liu, 2011-09-30, 2:00 PM YUHEN. 2011-05-27, 6:00PM E-mail. Thanks! Kathy. 2011-11-24, 10:00PM CG, LTD, etc."
lilygoulder/zh-en-advanced-learner-english,Chinese,advanced,C2,mixed,family,2,"The main reason why I want to write this article is that there are many families living in China. There are only two people in my family, My mother and me. They live together with me.My father is an engineer, He works hard as an engineer. He is very tall and thin. His short hair is black and he always like wear his trousers.I love my family and it's exciting. The most important thing is to help others who have no money to do so. As long as you have been involved with someone. We can't change our life. I will keep on doing what you think we need to do. You are a good man. I hope everything goes well for you! This is just a little bit of hilarious information from you. You must be excited about going out into your world. It seems you will find a better job soon.You can see the amazing things happen around you. I am looking forward to hearing from you again! Yours sincerely,Jenny Liu. This is my first time to read this article. You will be happy if you want to share more details. If you would like to discuss these issues with me, please contact me at xxx@yahoo.com. Thank you!"
lilygoulder/zh-en-advanced-learner-english,Chinese,advanced,A3,l2t,hobbies,2,"I like playing football, but it's too difficult to play it because I don't have enough time to learn English well. In my city there are many places I want to go include:  swimming pool, swimming pool, etc. We also can enjoy the wonderful music with our friends. So we need make a lot of friends when they're going through a door with us, this is very interesting experience, so I'm sure that I will be happy if these days come soon. Yours sincerely, HuangHai 2011-4-9 pm, 5pm. Hello! HuangHais2011-5-11 pm, 3pm. I hope you understand and love me! HuangHans 2011-6-8 am, 6pm. I think all of you should keep doing sports everyday. I really enjoyed the day after week. It's a beautiful city which is famous in China. So I am sure you can get some good friends from outside. Best Regards! HuangJian 2011-7-09 pm, 5am. Welcome to my hometown. I'm looking forward to seeing you again soon. Love Yourself! HuangZhou 2012-1-10 am, 2nd, May and Diana"
lilygoulder/zh-en-advanced-learner-english,Chinese,advanced,B3,l2t,holiday,2,"Hi, Sophia! I'm glad to hear from you, I've gone to Hong Kong last year and I am really glad to get your letter. I like the travel too. We went to the Great Wall in China last month, it's very beautiful, but we also had a fun time at the Great Wall. The wall is white and the sea are blue, so the weather was hotter than before. So I'll go back to my home tomorrow night. Best wishes for you! Yours, Jessica! Amy. Jingsong Zhu 2011-6-4 pm. Your sincerely Juliet Jingsong Li 2011-5-2 pm. Yours, Daniel.2011-8-16 pm. Yiwu.2011-7-1 pm. Yiyi Chen 2011-12-20 pm. Yujin Zhang 2011-10-30 pm. Yuki Shifang 2011-11-14 pm. Yuyun Huai 2011-11/28 pm. Yoshichao 2011-3-9 pm. Yixiang Guo 2011-7-21 pm. Yucha Chen 2011-8-19 pm. Yinyi Wang 2011-8/25 pm. Yizhong Shi 2011-8.23 pm. Yudan Huang 2011-8 pm. Xing Tian 2011-8 /26 pm. XiaoYuan Fei 2011-8 10:00 pm. Yuli F"
lilygoulder/zh-en-advanced-learner-english,Chinese,advanced,C3,l2t,family,2,"Hi, my name's Xiaowei. I'm twenty-one years old. I'm from China. There are four people in my family: my mother, father, brother and me. My father's fifty and my mother's thirty-six. They live in Wuhan,Chunqi. My brother's forty-five. He works in Beijing. He likes eating bread,singing to music and singing songs. He doesn't like riding a bike but he has a nice friend. His favorite season is autumn. He can sing but his favorite color is yellow. He also don't like doing yoga. What do you think? Bye! Xiaowi. Yours sincerely, xiaoweiyang. Xiaowesi. Maylee. 2011-3-1 11:24 pm. I look forward to hearing from you soon! yours Jenny, Huangxian. 2012-7-4 9:28 pm. Qi jinping. Xiauxiang Guo. 2011-9-2 11:30 am. Best regards, Xiaowayi. 2011-8-11 10:00 pm. I wish I could speak with you. Yours faithfully, Liuhui"
lilygoulder/es-en-beginner-learner-english,Spanish,beginner,A1,basic,hobbies,1,", I have just one month ago going to visit our town, but I don't know what is dangerous it, because this summer it's cold and sunny, so I'm taking a lot of time to go to my house. But it is interesting to know about the things that we are doing everyday, and we have to take some steps to make sure that we'll enjoy all day. In this moment, I like to play with them, although I think that it doesn't matter if they're playing any musical instrument, or maybe they won't be able to play all music instruments. I think that there is a good idea for the city too, as well as the way we get up to a new place. We need more money and some food for us. It would be great to me to hear from you! See you soon! Best wishes. Esteban Lpez. Juan Carlos. Juan Camilo.   Best regards, Iliac.  Good luck! Hugo.  Isabel.  See you soon. Javier.  Jhonny.  Edgardo.   Regards, Iliacs.   Dario.  Roger.  Oscar.   I love to hear from yourself. Sergio.  Monkeys.   Javier."
lilygoulder/es-en-beginner-learner-english,Spanish,beginner,B1,basic,holiday,1,"my dear friend. I'm very happy because I've been in Mexico City last year and I would like to travel around the world for a visit, so I hope we can see you soon. See you soon! Ana. Luis. You are so beautiful! My favorite city is Santa Monica, it's very nice with sea. I love this place. It's a great place to celebrate. I don't know that is too dangerous but I want to take care of them. Thanks for remember me next week. Regards. Best regards, Javier. Sincerely. Sincerly. Gabriel. Sincerily. Carlos. Sincerally. Daniel. Sincerfully. Sergio. Sincerially. Sergio. He is amazing! Have a wonderful trip! We have to meet at home. Well, I hope we enjoy much more. I'm glad to hear from you! Sandra. Sincerial. I look forward to hearing from you. Let me tell you why I'll be in Santa Monica. Good luck! Sincerily, Manuel. Sincerety. See you tomorrow. Sincerlis. Sincery. Sergio. Don't forget to go out alone. See you later. Sincerris. Eduardo. Sincernes. Sincerys."
lilygoulder/es-en-beginner-learner-english,Spanish,beginner,C1,basic,family,1,"family  Firstly I think that this was an excellent day to learn how to make changes in my life. In other hand, when I was young I would like to go out to study English because it could be very interesting if you could improve your skills. However, I am not able to use myself to practice with my family. In addition, I can take a lot of time to travel around the world and also have some activities where to visit my friends and family. For example, I can help people who need work so much as possible to move from home to another country to another country. Finally, I really believe that this is the most important thing about my family. It could be dangerous and I will try to find out more ways to meet others but this isn't necessary.   Nevertheless, I think that learning something new every day allows me to get up faster than to learn anything new. What I mean about going out to studying?  My main point is that I don't know what I want to do to solve the problem that I have. Also, I hope you can learn a better language in this moment, so I really recommend to me to read and write this book.   In conclusion, I have been reading many books so far to say that I've got a great job. This is an important topic because I look forward to being able to get a good job. And I'm sure that you'll understand and appreciate this opportunity."
lilygoulder/es-en-beginner-learner-english,Spanish,beginner,A2,mixed,hobbies,1,"in this moment is a city that has been organized since last year, it's called 'El Dorado' It is located on the north of Mexico City. In spring I'm going to go to the beach because it's so dangerous and relaxing. The weather in winter is very cold but sometimes it's hot and cloudy, I like them, they are very cool and friendly, I love them too. They are beautiful animals and play with them. At night there are many things for me. In summer it''s not an exciting place because we have had fun, maybe it could be dangerous. In autumn we play football or tennis and they are very friendly, I like playing soccer and basketball, it''s very interesting and rewarding. I don't like playing badminton, it''ll be dangerous but I think it''ll help us. So, I need to talk to people who speak English as well as Englishmen. I hope see you soon! Sincerely. Luis Ramon. Geralt. Alejandro Galviano. Iliac. Javier Ortiz. Eduardo Robles. Fernando Padilla. Carlos Garza. Francisco Cruz. Rafael Cabrera. Edgardo Aguirre. Gerardo Medina. Alex Ruiz. Mario Soto. Pablo Monroy. John Tarcicio. Marcos Jimenez. Mario Vargas. Luis Alberto Lissete. Luis Miguel Leal. Javier Ortiz.- Joselda. Javier Flores. Sergio Ortiz.- Daniel Rodriguez. Edgar Riles.- Edwin Herrera. Hugo Cabrera.-"
lilygoulder/es-en-beginner-learner-english,Spanish,beginner,B2,mixed,holiday,1,"my friend Ana I have a great trip. In spring is very cold and it's dangerous. When the weather is hot I'll need to go back home at night because I like going to the beach with my friends. I don't want to go out alone in the morning because I can't go to work but I'm not too tired. I think that the summer will be so good. See you soon! Ramon. Congratulations. Bye! Carlos. Iliac. Best wishes to you for your arrival. Love! Luis. Javier. Iliac'Hi Anna I'm happy to know your plans. What do you think? It's fun. How old are you? Did you stay there? Well, take care, I hope everything goes well. Goodbye. Adriana. Iliac''Sorry, I love to see you next weekend. I hope we are happy too. Regards. Alejandro. Iliac, Iliac. All the best, Sincerely. Oscar. Iliac""My wife. She's always happy. And I love to know about you. She's very happy now. You're talking to me with your friends. I'll try to tell them when you arrive here. My family is happy. See you later. Regards bye! Iliac"""
lilygoulder/es-en-beginner-learner-english,Spanish,beginner,C2,mixed,family,1,"from your first name's friend Jose Manuel. My father and my grandmother are both very old but sometimes we have a long time in home to talk with our friends and we usually take care of them. I am so happy that now I'm going to work in an office. I have a very short time with my husband. But it's important that all people know that they're good person. They don't want to be sick. I think that is not easy because if we can do anything, we need to get more money for our children. However, when we get to someone who has little things too, we can't wait anymore. For me this is what we need. We need to learn something new and also to keep learning a lot. What do you like? If you could go to a university with you. And why? Well, I would recommend you to visit your uncle in San Francisco. It was really amazing! I would like to travel around the world and remember that I didn't have any problem at all. I hope everything goes well. See you soon! Hugo. Ilka.  I hope that I'll help you with me! Javier. Sincerely. Alejandro.  Sergio.   As I've already seen you, I'm sure that you will be glad to see you next year. Sincerly, I'm very proud of you. Best wishes."
lilygoulder/es-en-beginner-learner-english,Spanish,beginner,A3,l2t,hobbies,1,"the most popular city in the world, I''m going to go with my friends to a great restaurant where they are living. The main course is to eat cake, drink water and drink it. The festival is in Bogota, Colombia. It starts at 9 o'clock in the morning, then we watch movies or swiming. We have free time in the afternoon, at night. In the evening we play soccer, at night we dance. They like playing football. In the afternoon we walk together and make a picnic. I hope see you soon! Regards Javier Ramon. Your friend Sergio.   See you soon! Luis Fernando.   Best regards, Alejandro Ramon.   Goodbye. Esteban.   Best wishes to you. Sandra Ramon.  Ana Elena.   Thank you.   Thanks for your interest. Bye. I am very happy because we will come back home. Good luck. See you soon. Carlos.  Ingrid.   Ingrid.  My best wishes.   Javier Ramon.-   On the other hand, Gerardo.   He would be proud of your friendship. For example, John.   I'm glad to know that you can follow me now.   Have a nice day.   If you want to speak with us, we can learn English, but if you prefer, please call me.  What do you think?  Do not hesitate? Don't worry about having your invitation.   Firstly, I hope we"
lilygoulder/es-en-beginner-learner-english,Spanish,beginner,B3,l2t,holiday,1,"for your first visit my country in the last year? We are a wonderful place where we can go. I want to know how many people around the world live in Spain and it's so interesting, but this is not good idea because all of us live together in a small town called San Diego. The city is beautiful and is so beautiful! It's very popular with children and families, they are also famous because it's very interesting. It's really amazing!! Nice to meet you. See you soon, Ilka. My favorite vacation is Saturday. You could enjoy a great trip. Best regards, Ilka! Ilka. Thank you. Ilka. Thanks for your visit. Bye! Ilka! Regards! Ilka Ingrid.   I hope you will come back home, but you must have a nice day. I love you.  Isabel Hernandez. See you next week. Sincerely yours. Esteban Ramon.   Javier Hernandez.   Ilka.   I'm really happy when I arrived to Madrid. I hope see you next week, bye! Ana.  Isabel.   I think that we're going to visit me. I love to hear from you. Well, I am sure that you'll be part of them. See you tomorrow, Sergio."
lilygoulder/es-en-beginner-learner-english,Spanish,beginner,C3,l2t,family,1,"to your opinion about my father's name is his name is Alberto. He has been born in Mexico city since 9th July when he was young. When I was six years old and my parents were living there. My mother is called Maria, she has long, black hair and big brown eyes. She likes swimming and play football. It has long, straight black hair and small feet. My father likes wearing sunglasses and shorts. He's a very nice person. His name is Claudia. I'm from Mexico City and I like this place because it's so beautiful! I want to explain me what we're going to do now. We hope see you soon. Bye! Alberto. Perla. Ilka. I love this country. How are you? Well, it's easy. I think that it will be very important for us to change our lives. What do you think about this moment? That's why I am not really happy with yours. I want to suggest some things about my sister, who works every day in a factory. So I would like to talk about my wife. In fact, I don't know her. But the next week I'll be married. See you later. Regards, Alfredo Perez."
lilygoulder/es-en-beginner-learner-english,Spanish,beginner,A1,basic,hobbies,2,"is a place where we can go scuba diving, so it's great to visit all around the world with other cultures and culture of many countries that have more opportunities than anywhere else. We can play soccer or basketball every day but it's dangerous because we can't eat out in the morning. In my city we can swim and play some instruments like basketball, tennis and tennis. We can dance and sing. I don't like the music or badminton because It's too tiring to use to our children. I love this places, they are very relaxing. In the afternoon I need to be with friends. I hope see you soon! Sincerely yours. Carlos. Alejandro. Sandra. Carmen. Sandra. Mara. Javier. Sandra. Fernando. Edgardo. Gerardo. Roberto. Miguel. Mario. Alejandro. Sergio. Cesar. Gabriel. Jonathan. Luis. Alex. Ricardo. Alex. Juan. Jon. Hugo. Cesar. Omar. Javier. Sergio. Pablo. Cristian. Daniel. Luis. Jaime. Jorge. Walter. Javier. Martin. Esteban. Omar. Marcos. David. Roger. Rafael. Josseline. Francisco. Leonardo. Oscar. Sergio. Javier. Mario. Javier. Victor. Carlos. Edwin. Alejandro. Saul. John. Calebete. Cesar. Marcelo. Gonzalo. Jonathan. Edgugo. Ian. Mike. Gilberto. Fredy. Sergio. Jon. Josh. Kevin. Sandy. Marco. Martin. Paul. Sergio"
lilygoulder/es-en-beginner-learner-english,Spanish,beginner,B1,basic,holiday,2,"the holidays? I think that is the best place for visit. I know there are many places where you can enjoy all day, but I like this place because it's beautiful and beautiful, and I love it! If you want to see a little town with its natural history, don't forget it. My favorite city is Puebla, Mexico. It's a museum, it's very beautiful. The city is in the middle of the country, and it is one of the most amazing museums. In spring, we play soccer and baseball. I don''t like the summer because it''s dangerous. We're going to eat out or go to the beach. See you soon! Best wishes to you and me. Javier. Iliac. Andres.   See you soon. Iliac.-  I am happy too. I hope that I'm sure you'll be well. See you.  Bye! Iliac.- What do you like? I hope you will come back home, as soon as possible. How about you doing?  Ingrid. Sincerely, Alejandro. Sincerly, Claudia. Sincer, Rogelio.   Iliac.- Alejandro.  Dario.   I'm so sorry. Do you like to arrive here? You should bring a nice food, some dishes, some carrots, some tomatoes, some eggs, some potatoes, a cheese and some chiken. But the only thing I would like to stay at home? Isn't"
lilygoulder/es-en-beginner-learner-english,Spanish,beginner,C1,basic,family,2,", I'm writing to encourage you to share with me some information about my family. This is a list of the reasons why I want to write this letter. Firstly, it is clear that my family live in a big city where they are more than a child. Secondly, when I was young, my father lived at home so hard and he could not do anything because he didn't know how to go, but he couldn't be able to do nothing. Secondly, if I had a large family, my mother would be better in order to get married. And finally, if we were still living there, I would be more confident of our new wife, who always doesn't matter. If we wanted to change this situation, we would try to make sure we can start having a successful life and we will be happy forever. Finally, I think that I'm very good person, and I have a lot of money for it. But I'm going to talk to my parents, who thinks that I'll be the best woman. Regards, Javier. Ariadna.   See you soon. Ariadnez. Congratulations on your marriage. Actor. Alejandro. Ilka. My first opportunity is to speak English. I hope to understand all my issues. We'll enjoy it!"
lilygoulder/es-en-beginner-learner-english,Spanish,beginner,A2,mixed,hobbies,2,"by your friends and family  This is a big city, it has a lot of activities that can make you feel comfortable but it's not a good idea for me. In my town we have many parks, so I want to know about our culture and culture. We don't like football or badminton because they're too expensive, because we need a lot of money, some things to be healthy, others, like shopping, play volleyball and surfing. It's also difficult to keep this city and visit all my cities. So there are a lot of places that go to visit. In my city there are museums where there are lots of items, but the most important thing is the museum. I love the park because it's very beautiful. In the afternoon we'll see the art of music. I hope to hear from you soon. Yours sincerely, Iliacorro. Best regards, Iliacorrillo. Yours honestly! Iliacorrillos. Best wishes, Iliacarrillo. Best wishes. Erika. Yours Sincerely, Alfredo. Best wishes to you. Leticia. Yours Aura. Iliacorrilas. Yours Carlos. Iliacullus. Leticias."
lilygoulder/es-en-beginner-learner-english,Spanish,beginner,B2,mixed,holiday,2,"! My name is Rosalba. I'm a child. In my country we are four people in the world. The first one is Mexico. We have two daughters and children. They live with me in the US. I like travel around the world. I love it! Bye! Rosalba. Ilka. I love go to visit all your friends. My wife Isabel is wearing jeans and black shirt. She's very beautiful. He's a little bit crazy because she likes dresses. I can speak Spanish but I don't know English. I can ride a bike and drive on the road. See you soon! Ramon. Yuliana. I hope that you are well. Love!, Rosalba. Your friend Jorge. He's fine. You must come back from home to meet you. Best regards. Miguel. Sincerely yours. Sincerly Juan Carlos. I'm happy. Thanks for your time. Sincerily. Sincerally. Sincerially Ana. Sincerically Ana. Sinn'', Sinn''. Sinn'n'n', Sinn''n''n'n-a-n, Sinn''s-a-a-t-d-dr-r-r-t-f-l-f-e-c-e-f-fr."
lilygoulder/es-en-beginner-learner-english,Spanish,beginner,C2,mixed,family,2,"and i don't like to say that i want to talk about my brother's birthay in the same place. I really think that this is the most important thing because i need to speak with your husband and also to listen it sounds very difficult but if you don't understand how the people are so they can not be able to go around me. I'm sure I will be a great party to celebrate my childhood. For example, when we get together, we won't have a lot of money than we did our last birthday.   It depends on where we live or what we live, what is their relationship with other person in order to find them. The difference between that is to say that in my life there are different things that you do, and also some things that we sometimes miss you and others that you might take care of.   When I am living together I love to know many things from my childhood but when I was young I had two daughters and one sister, he would always have a small family and he didn't have children.  If you want something more beautiful, I would look forward to hearing from you. If you're looking at anything you could make with us. Regards, Lorena Cruz Martinez.   Bye"
lilygoulder/es-en-beginner-learner-english,Spanish,beginner,A3,l2t,hobbies,2,", this is my city. The best place is Guadalajara. In spring it's very hot and sunny but sometimes go to the beach because it's too cold. We play soccer every night. We can swim. I love the surfing because it is a great way of walking. We are more interested in having fun with our friends. I don't like football because it's not dangerous. I think we have to enjoy our culture and cultures. My friends prefer playing basketball on Saturday or Thursday. They're taking some pictures. I'm going to the museum. It's good idea! See you soon! Ramon. Javier. Best wishes. Erika. Iliac. I hope that you like this website. Thanks. Sincerely. Luis Enrique. Sincerly. Alejandro. Iliac.- Iliac.- Edgardo. Iliac., Iliac.- Javier. Iliac.) I love all music and much! I love listening and dancing. I love listen music and dance music. I'm sure you'll enjoy it! Ariadna. Sincerily. Luis Enrique.- Iliac. Iliac-. Iliac.- Sergio.- Iliac.- Iliac.- Fabian.- Iliac.). Iliac.- Luiz.- Iliac.) Iliac.- Jorge.- Iliac.. Iliac.- Arturo.- Iliac-Eliz.- Iline.- Iliac!. Iliac.- Eliz.- Ilic.- Iliac.-- Iliac.- Renato.- Iliac?. Iliac.-"
lilygoulder/es-en-beginner-learner-english,Spanish,beginner,B3,l2t,holiday,2,". I''m very happy because I am so proud of you. Well, it was a great day for me, but my best trip is on Madrid and Paris. It is a pleasure too! Well, I hope this experience will help us and we can do it soon. In fact, the reason why I want to visit the city is that I don't have any doubt about what time they are going to be there. Maybe I will have some special holidays to go around Madrid or London and then I'll find out more pictures from Madrid. See you next weekend, Ilka. I love you! Ariadna. Bye! Ariadne. Hugs! Ilka. Congratulations. I'm really glad to see you tomorrow. I would like to tell you how much that you're going to travel around Madrid.  Have a nice trip. We could go sailing at 10 o'clock, but it's dangerous. You must take care. Good luck! See you soon! Ilka.. Edgardo.  Best wishes to you. Ariadne, bye!  Hugs!  Geralt. Alejandro.   Actor.   To meet with you. How many people are doing? Can you imagine the different ways of life? The most important thing to know is the best way to live together?  Firstly, there aren't all things to share with you.  If you need to buy a new car, if you bought something"
lilygoulder/es-en-beginner-learner-english,Spanish,beginner,C3,l2t,family,2,"my parents, I want to make some advice about this issue. Firstly, we need to know what is it possible for us. Secondly, when we are living with our new children we must be able to get out of time by day and do something that's not impossible for them. And finally, if we are doing things that we can't find, it will be difficult for me to see how important is going to go. Furthermore, when we were living with our young families we could have a very good life because there aren't enough money for ourselves. It means that we can enjoy a lot of food but we don't eat fruit. Also, when we have a house where we buy fruit we should learn more than usual. That is why I think that having a small family is necessary for our health and energy. Moreover, we must start eating fruits that they're no longer needed in their home. And if we take care of others, we could have healthier conditions. Finally, if we spend all time together we could give more comfort and we could also have healthy lives. If we are talking about other issues or problems with our family we could talk about some topics or situations that might be considered. Please let me know if we can make some recommendations. See you soon!"
lilygoulder/es-en-intermediate-learner-english,Spanish,intermediate,A1,basic,hobbies,1,"city. I'm going to go to visit my best friends, for instance the one is going to eat at night because it's very exciting. The next week, I will go to the beach with some friends. We're going to be in a tent, a tent, T-shirt and shorts. In the evening we'll have dinner with all the guests of our town. It's very nice. Bye! Javier. Juan. Ilka. Eduardo. xxx@yahoo.com.mx or bye. Carlos. xxx@hotmail.com. In the afternoon we are going to go shopping and drink a lot of water and drinks. On saturday i'll need to see our friends. In the morning we play soccer, go to the cinema and sing. Tomorrow, i'll go to dance with my girlfriend. See you soon! Jose. Liliana. Fernando. xxx@gmail.com. Thanks. Cesar. Ana. xxx@345999.com. Your friend Daniel. xxx@4808.com. Carmen. xxx@12508.com or bye, Sandra. xxx@1199.com. You can come to my house at 9 o'clock. And enjoy a great day. See you. Luis."
lilygoulder/es-en-intermediate-learner-english,Spanish,intermediate,B1,basic,holiday,1,"from home and I'm going to stay with us for a while, because my family is living in Mexico City next month. So now we are having fun together at 8:00 o'clock then we can eat out of the hotel. We have dinner at 11:30. In this moment we can go to the park. See you soon. Alex. Jose Luis. Bye! Juan Carlos. Yours sincerely, Iliac. bye! Iliac. Bye!! Iliac. Goodbye. Iliac.   Thanks so much for your time and you know me there.  You can come back to visit me at 7:00 o''clock. I hope see you soon.  Best regards, Iliac.- See you tomorrow. Erika.   Lili.   Last week I went to visit some places near to Mexico City. It was very interesting for me, but it's not enough to travel around the world and maybe it'll be exciting. Well, I think that all the best wishes is yours. I will see you soon!  Sincerely, Iliot.   Thank you very much. See you later. Alejandro.   Best wishes. Iliac   Best wishes, Iliac   Bye! Iliot."
lilygoulder/es-en-intermediate-learner-english,Spanish,intermediate,C1,basic,family,1,"I would like to say that we have always been in contact with many people of different ages from other countries, but this reason is important because we can understand how our parents live and who lives in them, so we need to be honest and confident when we are talking about the same things. This is very common among adults that we usually talk about their feelings and also they feel sad. We must look forward if you can't be alone at night, because all time we do not know what happens. I think we have a lot of fun and sometimes we spend more time together than on holidays.  For example when I was young I loved to play with my mother, she is my father and I love him. But now I'm thinking about a new baby, because it's a bit complicated and exciting and very difficult, but I really believe that we are happy and independent when we are living with a child and we're going to be friends. If you want to hear from you, please let me know.  I hope you enjoy my birthay too! Good luck bye. Fernando Jimenez, Manager. The news is wonderful. I love you. Ingrid G., Manager. It's a great pleasure to share with you."
lilygoulder/es-en-intermediate-learner-english,Spanish,intermediate,A2,mixed,hobbies,1,"in my town I like go surfing because is very relaxing and fun, because it's always fun but sometimes not boring or dangerous. In spring we usually visit the beach and we can play soccer. We often eat out of a restaurant or restaurants, when we are going through our eyes we could enjoy this place. We're also happy, because we'll love all the things that we have done in this city, we need to get a lot of experience with this places and we want to be proud of them. If you come here for camping, please don't hesitate to contact me if you prefer go. I hope to see you soon! Regards, Ilka Ortiz.   Last week I went to the museum and ate at one of the best restaurants. The first thing that I told me was that we were eating some fruit and vegetables. The last day we saw a movie star. It was exciting and we decided to listen to music.  First of all we started walking back to the museum. It wasn't just a show but we got involved so many times. Then, there are several shows. When we arrive to the museum we would like to eat some food, some ingredients, some coffee and water. We had a great time together. See you soon!"
lilygoulder/es-en-intermediate-learner-english,Spanish,intermediate,B2,mixed,holiday,1,"my dear friend! I'm very happy because I want to travel in the next week, but I have a lot of holidays, like summer and winter. In this year I went to the park with my wife, she had beautiful beach and sunny days, so we could enjoy all the seasons with more natural places, but now is rainy. The weather is warm and cool, too. My best wishes! Ary. Your love for me! Ilka. She's amazing! How are you? I hope that you'll come back soon. Bye! Ilka,  Best regards. Luis Carlos. Congratulations on your trip. See you soon!  Best Regards. Jurez, Marcos.   Best regards. Javier.   Best wishes. John. Alejandro.  Best wishes. Sergio.   Awaiting from your friends. It's nice to know how much time you have at home. Let's go out together. We can make the trip at 2 o'clock in the morning, maybe it'll rain or just be cloudy, but I need some extra food. Good luck! James. You're looking forward to having a great day! Sincerely, Sonia.   Yours sincerely. Luis Miguel."
lilygoulder/es-en-intermediate-learner-english,Spanish,intermediate,C2,mixed,family,1,"I've always wanted to tell my own story and also it's true that there are people who think that we can't live in our house.  When we moved in our town, we decided to visit the older town.   In this moment, we were staying at home when our parents got married. We used to go on business trip with us. We went to the city of Tigris in Spain, where we lived all the time.  To start, we realized that we had an excellent life in Spain. That was a very good idea. Nowadays, we don't know how to speak, but if they want to talk English or another language, it would be great! It would be very nice to hear from you!  Finally, you will enjoy your childhood, so you won't miss your dreams and your friend!  Best regards, Ilka.  Yours sincerely, Sonia Avila.   See you soon! Manuel B. Avila. I'm sure that you'll remember me! Ilka.   Ingrid Avila.  I'm so happy now!   What do you say?   Ingrid B. Anoz.  My father is called Jesus, he is one of those persons who told me that He didn't die for him. It has been a terrible experience for me since I was born.   Bye!"
lilygoulder/es-en-intermediate-learner-english,Spanish,intermediate,A3,l2t,hobbies,1,"we have a lot of fun, but we like go out with our friends or eat out on the street or go to the cinema. In my town there are many places that we can play and dance. We love swimming and talking with our friends. We also have good restaurants near the beach. I don't like going surfing because it's too dangerous. When we go to visit the park we think is very dangerous, because the birds are getting sick and the weather is so cold. I don''t like doing sport anymore. It''s a pleasure. The next week I will see my friend. See you soon! Bye. Javier. Regards Luis. Carlos. Ilka. Dario. Congratulations! Alejandro. Edgardo. Ilka Fernando. Cesar. Drinks and music. Hugo. Fernando. Sergio. Alfredo. Freddy. Josselinez. Ilka Lorena. Drinks: C-B-C-A-V-O-S-O-P-R-E-O-H-D-O-F-O-O-M-I-M-O-A-S-P-T-O-R-O-I-C-O-N-R-I-A-L-N-E-P-O-G-O-L-O-D-E-A-R-A-O-SH-AT-O-E-NO-AS"
lilygoulder/es-en-intermediate-learner-english,Spanish,intermediate,B3,l2t,holiday,1,"and  I like to tell you that the holidays are going to be very exciting because we are a lot of time together. It is the best holidays for me. Let me explain what it means to get up at 7 o'clock in the morning when I was travelling around the world with my family. We need stay in a hotel with my children and also go out alone at night for a few days to see a movie theater or even take a bus station too. My best birthday is in January to February. The weather is sunny and rainy but sometimes it's not cold. The weather never warm. I love to visit my son and his wife. It's relaxing so we can still enjoy it. I hope this trip will give you some tips for finding your party. See you soon! Erika. Geralt. Egy. Erick. Egy!  Carmen. Egy!. Isabel. Egy!! Javier. Egy! Miguel. Egy!!! Javier. Ery! Antonio. Egy.. Javier. Eily. Monkeys. Hugs! Luis. Ingrid. Ewen. Edgardo. Eury. Monkeys.-Antonio. Monkeys-Rose. Luis. Hugs.- Monkeys.-Enie. Luis. Monkeys-.Sold. Ulises.-Julia. Monkeys, Monkeys.-Manus.-I'm very happy because they are coming from Mexico and traveling around the world. But I think that I"
lilygoulder/es-en-intermediate-learner-english,Spanish,intermediate,C3,l2t,family,1,"about the Big Family I like to say that we don't think all of us are as crazy as the first one, but if we look at our parents with a lot of money, it will be impossible to buy things more bigger than ever. This has been done by the biggest multinational companies in this country. The reason why they won't have any problem about how their life style is going to change; the main reason why they want to be friends is because they wanted to find a better job. However, it's not true that the most important thing in our lives is the economic situation. We need to invest some extra money in order to get better health conditions such as food, water and water. So, if we decide to spend some time together, we'll have to take care of ourselves. If we can afford the kind of jobs that we currently enjoy, then maybe we can do it with other people, perhaps we could do it with others.  I would love to mention that there are so many people who work hard or that is why I consider that I'd like to invite myself to a great dinner party, but when I was young I decided to start working as soon as possible. As my wife told me last year, we must try to get some good job, and now we're living together. I'm sure that we will continue having fun, even though I'm afraid of this."
lilygoulder/es-en-intermediate-learner-english,Spanish,intermediate,A1,basic,hobbies,2,"for me  I love the sport of the city, so I can do a lot of sports because it is too exciting to have fun but not impossible for me to go out with my friends or relatives. The sports are very interesting to me and I can also play tennis. I like the sports because they are very motivating for me because is more enjoyable than football. My best friend Jorge and me can play many kinds of sports but I don't like that sport. We can eat healthy food in our town and we can swim. I don't want to be a vegetarian person who likes eating vegetables or fruits. It's very dangerous but sometimes it doesn't happen, so I think it will change, maybe it'll rain! Thanks!!! Best regards, Ilka Huerta. Your friend Miguel B. See you soon. Erika Ortiz.   I'm very happy about this activity, we can spend all day long hours doing exercise with a friend or family, I'm sure it won't affect everyone. I can't wait to see you tomorrow. Take care. Lissete.   Regards Luis. Luis Ramon Garza.   Have a nice day!! Sandra.   Best wishes. Alejandro.   Avila.   I hope I get a good day."
lilygoulder/es-en-intermediate-learner-english,Spanish,intermediate,B1,basic,holiday,2,"how are you? I love that trip because it's so exciting for me and we can go in my own country, and you could visit some places with the same kind of thing, you know my city and also maybe you will have a great time there, if you want is going to take a bus. I don't like you too much, because I'm doing many things on this day; you would be very happy to see what you did next week, you know how beautiful and interesting it was, but you remember when you had a big storm, when you started to rain all afternoon, you should stay at home and enjoy it very much, you know what happened next weekend and you have a nice vacation. What do you think about it?, do you consider it? Well, I am sure that you won't miss it! I hope everything goes well for you. See you soon, Love!! Hugo.  Best wishes. Iliac. Ana.   Bye. I can't wait here, but I've found a lot of information about our vacation. I love you too! Sincerely yours, Luis Ramon.   My best wishes. Don't worry about it, but it'll help you. I'm sure you're going to visit your town."
lilygoulder/es-en-intermediate-learner-english,Spanish,intermediate,C1,basic,family,2,"and cute person I can say that my father is called Isaac. He has a long and narrow body and he is always good at solving problems in his house. My wife is called Lily. She lives with her husband in Guadalajara City. My wife's name is Sara, she is short and fat. She looks like her husband in the end of the week. Her husband is called Luis. He is not a very lazy person. I think that we are a little bit shy but I agree with you. See you later. Rogelio. Geralt. Your friend Fernando. Hugs! Marcos. Mnica. See you soon! Sergio. Carlos. Javier. Hugo. Mario. Your sister? John. Edy. Good bye. Fernando. Edy.- Thanks for your attention. See you again. Sincerely. Alejandro. Sandra. I'm very happy. See you tomorrow. Jurez. See you next Tuesday. Bye. Gerardo. Monse. Ana. Good byes. I hope to see you soon. Jurez, Sonia. Hugs. Antonio. Hugs.. Gabriel. Andres. Hugs!!! Jaime. Edy, Edy.- I'm both fairly busy. See you here! Alejandro."
lilygoulder/es-en-intermediate-learner-english,Spanish,intermediate,A2,mixed,hobbies,2,".com and I want to encourage all my friends, here are some ideas for choosing a place to go. Firstly, if you prefer go to park with people you don't need to go out alone at night because is too dangerous or dangerous. Secondly, if you don't like going shopping with people you will be very busy with time. You should go to walk twice a day and don't smoke in any public places such as stores or restaurants. Also, if you play soccer or basketball you will have more freedom when it rains. Finally, if you enjoy being with someone you must try to practice sports before it rains. If you prefer go out with somebody you'll get free time! The best way to celebrate is to tell them about what kind of sport we can do. Bye. Mario B. Jurez. Thanks for your support and suggestions. Best regards, Javier Gonzalez. Your friend David. Iliac. My best wishes. Erika Gimenez. Andres. Ingrid. Iliac Manager. I hope they are a great experience. Yours sincerely, Sonia Cruz. Goodbye. Salvador Sanchez. Sincerely, Carmen Padilla. Iliac Specialist. I'm sure that this is an excellent opportunity for everyone."
lilygoulder/es-en-intermediate-learner-english,Spanish,intermediate,B2,mixed,holiday,2,"my dear friend! My best wishes. I have just arrived in our country. In my country there are many things that can be the most amazing. For example is the beautiful beach in my home. We can go to visit different places and we can spend time with them. But in some cases it's not enough for me because I don't like going out alone at night. If you want to see a movie or play soccer, then I will give you some tips about how to play the guitar. And I think it could be fun. See you soon. Ana.   I hope your answer. Bye! Gerardo.   Best wishes, Sofia. You're very happy!!  Anna.   Best regards, Ilka.   How are you? I'm so glad to hear from you.   Best, Goodbye! Ilka.  Your friends,  Jane.   Best luck!  Sylvia.   Best thanks.  Ilka. Isn't it good to say what happened to you? I'll give you a great day.   Best  Best wishes. Ilka. Sandra.   What do you think about this trip?  Yours sincerely.   Best, Luliana.   Avila."
lilygoulder/es-en-intermediate-learner-english,Spanish,intermediate,C2,mixed,family,2,"I am not sure that all of us are good at this time and we want to be happy when our mother arrives in her birthay home. This was my last birthday because she had a baby, but if he doesn't have children, he can get up late in this moment and get out early when she has a new baby, so that she's very thin and fairly fat. I think that it could help me with this problem because I know that the twins don't like them. And finally, they don't like their clothes. But, because they didn't like their phones or clothes, but I'm afraid they will never make it. I hope you enjoy that! See you soon! Yuliana.   For me, I've always wanted to know about your parents' history and your childhoods. Well, I have a big family too, and I'm going to love it. I'm studying English every year, but i don't have enough money to buy a house. If you need money, there is a lot of things that you should do to keep calm. If you are interested, please let me know what I want. Best regards. Cesar Sanchez.  Ingrid Ortiz. My favorite day is Saturday, September 15th, 2011. The weekend are very nice and interesting, so I'll try to spend more time on it."
lilygoulder/es-en-intermediate-learner-english,Spanish,intermediate,A3,l2t,hobbies,2,"I like doing yoga, but I think that it is a great idea, because it is very difficult, so I prefer to go with my friends, we eat all day, we play soccer every afternoon, we also go to a big park and maybe there are many restaurants on the beach, we love going to the cinema or we going to listen music. I don't like the sport, but I'm really good at the fact that I always help people. The last week I saw my boss, he told me to stay in home and prepare food for the family. We went back to Mexico City to celebrate our best birthday. Well, I want to mention that in my city there are many places, and that's why I need more money to make some changes.  See you soon! Ilka! Ilka. You can do any thing, you can do anything! If you have any question please call me immediately. And if you want to share something you could do a lot of things.  In addition, I'd like to visit a beautiful place and enjoy them. I hope everything goes well, so, but I am sure I will be able to see it.  In conclusion, I want come with my friends and I will look forward to having a nice trip. Regards Carlos"
lilygoulder/es-en-intermediate-learner-english,Spanish,intermediate,B3,l2t,holiday,2,"! I hope this article is good for you and I would like to invite you to visit me at my house.   What do you think? Well, I know that it's very important because it will be a great place to meet with friends.  My favorite vacation is the spring. It'll be hot and sunny and I don't worry, I won't go out alone too much time.   See you soon, Javier.   How are you? Because I'm going to tell you some tips to get together. Firstly, when you're staying here, You should not worry. Secondly, If you're traveling outside of Mexico City, we can go out with you to a bar. The first thing is that we can spend the day off by plane. Finally, if you want go to another country, you should take it as posible. Best regards. Carlos.   See how sorry I am for not to stop.   Have a nice weekend!  Best wishes. Sandra.   See yours. Your friend. Fernando.   I hope you enjoy the summer trip. For your trip, I will need to mention some points or something similar. You are happy because I can see them and I hope you can understand that. See you soon."
lilygoulder/es-en-intermediate-learner-english,Spanish,intermediate,C3,l2t,family,2,", I think that you are very good person, but if you don't want to change all of them, then it's very difficult because there are many people who believe in him and he doesn't know how to live in this way. In my opinion, my best friend and colleague, It's a great job to help me with some problems and sometimes we go on business trips. This is why I am going to ask your answer. If you think I'm interested in life you can contact us at our house or we could call you by phone at 1-800-9451 or 2-800-5224. Thank you very much for your time. My best wishes. Javier.   I love you. Your brother Juan Carlos. There are so many things that I really like about you. He has two brothers and one sister. They are both very friendly and helpful. We can see each other in different ways. However, they are friends and I hope you will find a nice job for you. I look forward to hearing from you soon. Best regards, Sandra. Jose Luis.   She is neither impolite nor lazy, but she is not afraid. We're both very happy and intelligent. See you later!"
lilygoulder/es-en-advanced-learner-english,Spanish,advanced,A1,basic,hobbies,1,". You have a good time going to go swimming or soccer. In my city there are many places like malls, parks, restaurants, restaurants and maybe some shops.  Last week I will be having a party with my friends, we hope they enjoy all that we get. We love it because it is very important for us. The food is delicious. I usually eat out of my country, but in my country it's not much, because it has been invaded by our neighbors and it is difficult. It is very common to know the cultures and culture, but if you want to go to the bar you could visit the bars. If you would like to come to the music festival, please call me at xxx@hotmail.com.  To conclude, we want to talk about our experience, its the best way to go.   What do you think? I am very happy.   I'm glad to hear from you.   To continue reading and writing, I'll write soon. Your favorite sport is the basketball.   I really love football, I mean you don't need any kind of equipment, it doesn't matter what you choose. It's too boring to play with your children, so I prefer playing football, I don't like it.   I look forward to hearing from you soon. Bye!"
lilygoulder/es-en-advanced-learner-english,Spanish,advanced,B1,basic,holiday,1,"my last vacations with you in your last vacations, my last vacation was on July 11th, and I went to the beach of Cancun on August 4th, and it was very beautiful. The city is famous for its scenery. In this place are many places, but I would like to visit a lot, the place is wonderful, but the place is interesting. There is a great beach at Playa del Carmen, opposite the beach is a museum, there is a good restaurant, and there is a lot of restaurants. I love you!.""Thank you for your time, and I hope you can come soon. My best wishes. Bye!!! Ramon""></tag><symbol>PU</symbol><correct>Saturday</correct></change>. Yours sincerely, I'm glad if you were able to bring me some special vacation. You need to be nice. Bye! Ramon""Thanks for your visit, and I will do anything that you want. Love your trip. Sincerly yours, Jesus""My dear friends. Lily Martinez""  ""I know about you soon, but i am happy now. You should take care. Regards Luis"" Bye!!"
lilygoulder/es-en-advanced-learner-english,Spanish,advanced,C1,basic,family,1,"I am so happy to share with you some tips about how can make things happen. Firstly, when we are young we can learn new things from our parents, but also that it's difficult to do them because they don't know what kind of thing will be in our life. Secondly, when we're young we usually spend all time together and we feel better when we get married. Finally, if we want to live well we can become more independent as long as we can find friends and enjoy the same day, even though we're very happy now. The last thing is to remember to never forget to leave home and let us know how to deal with all these issues. As you might see it is a good idea to visit a friend before your wedding. In conclusion, my mom always had her own house, we could go out together and have dinner at one another until she arrives. That's why I think that it is important to take care about this situation. Best regards, Luis Fernando. Manager. A nice summary of the most important things that I can tell you that I would like to mention here. For example, we need to keep living close to our family, and in order not lose the confidence in the choices we have done. Sincerely, Javier Cabrera."
lilygoulder/es-en-advanced-learner-english,Spanish,advanced,A2,mixed,hobbies,1,", my town has many interesting places, like the park or the beach, but I prefer that these places are not as enjoyable as camping, because there are many things to go and there is a lot of different places. The most important ones is the malls. It's also one of the best places for me. In general, there are many places where you can enjoy and play with other people. This places are very popular. You have some free time at home, so you should be able to relax and relax. At night, you don't need to worry about anything because you're going to eat out with your friends. You could spend more hours playing video games or even going to bed at night. So, if you want to get together, we have a lot of fun. I hope all you love this place. Sincerely, Javier Huerta. Manager. Iliac.mx. Aventura. Iliac, Luis Miguel. Salvador. Edgardo Cruz. Jesus Domingo. Cesar. Ramon. Juan Carlos. Cesar. Eduardo Cruz. Cesar. Salvador. Ramon Salvador. Tomasa. Cesar. Jesus Domingo (Luis) Ramon (Manuel) Ramon Salvador (Antonio). Cesar. Josselle (Pedro) Domingo (Mariano) Ramon. (Job), Domingo (Mauricio) Ramon-Rey (Tascari) Ramon Marquez. Salvador (Hugo) Ramon Melchor ("
lilygoulder/es-en-advanced-learner-english,Spanish,advanced,B2,mixed,holiday,1,"on my vacation,I'm glad of your visit to Florida.My friends and I can't go any time to a trip because is too dangerous for me.There are so many things that can be fun in this country, but the most important thing is how do we stay here and we enjoy our vacations.We have free days at all times in the year but the weather is very hot. We have regular trips to Florida to observe wild crocodiles! In general the best place to go is the beach,the beaches,the restaurants or even theaters. For my trip,we would like to spend some day with us. I really love it,because I was born there,but now I live in Miami,where I'm living, so I want to know if there's going to be a real adventure trip. Thanks for your time and hope your answer soon. bye.""></tag></change>Welcome to Florida!.Issuesday, April 19th 2011 Hello,How are you?, I'm writing to you soon, let me know what I am thinking about.I'm waiting for your arrival.See you soon. Bye. Javier Ortiz""Hi, Ana.""Hi, Ilka"""
lilygoulder/es-en-advanced-learner-english,Spanish,advanced,C2,mixed,family,1,". My father has long and straight hair. He has short blonde hair and he's wearing a white t-shirt with blue jeans. His mother she always wears jeans, blue shoes, black skirts, and brown glasses. She never wear pants and sneakers. I'm very angry because I think that this kind of things are going to be bad in your life. The problem is that if you have a small child it will not be easy for me. When we don't know what's wrong with our children, they won't feel happy when they have two parents together. They'll need to be careful with my daughter and ask her some questions before their birth. If you want to change all this, you can go out with him. Regards. Bye! Mario Avila. Yuliana. Yulica Medina. Yulicla Rodriguez. Yuliany Ortiz. Yulico Cruz. Yuliacla Rodriguez. Andres Perez. Yuliatris Gonzalez. Yulicany Ortiz. Actor. Yuliotis Gonzalez. Yily Ortiz. Yula Ortiz. Yuleya Garcia. Yuli Ortiz. Yolis Gonzalez. Yelena Navarro. Yulius Gonzalez. Yulia Gonzalez. Ylisica Cruz. Yolis Molina. Yulio Cruz. Yeles Gonzalez. Yola Rodriguez. Yolis Rodriguez. Yuli Garcia. Yola Garza. Yolis. Yolis Ortiz. Yuly Lizbeth"
lilygoulder/es-en-advanced-learner-english,Spanish,advanced,A3,l2t,hobbies,1,"is very important to me because I have always wanted to travel, it has been a great experience. In my city there are many things that you can do when you go out. You can play soccer, you can swim or you can cook or dance. The best thing for me is the way to live. In my country we can enjoy the beautiful scenery of the capital city. It's very exciting but I don't want to forget it. Bye. Ilka. Heather. Bye! Ilka. Regards Ilka. Geralt. Ramon.- I'm sure all our friends will come back home soon. Thank you for visit us. Regards Javier. Geraltorres. Perla. Ilka.- Ilka. Alejandro. Geralts.-Geralt.- Perla.- Perla. Perla.- Geralt.- Miguel.- Geralts. Perla-patel.- Perla-territorial. Perla -inalmn.- Perla, perla.- Perela.- Perla -interior. Perla, Perla.- Goes out with my family. Guasavea.- Geralte.- Geralta.- Perla! Geralt., Perla.- Monica.- Perla.. Perla.- Ferribles.- Perla: Perla.Geralt. Perla and Ferboll.- Perla and Garza. Perla (Marco). Perla. Geralte"
lilygoulder/es-en-advanced-learner-english,Spanish,advanced,B3,l2t,holiday,1,for the next holidays. I'm glad of you because we are going to visit a wonderful and beautiful place that is our home. On my birthday it's very important to know where and what places they are in Spain. We can go out with some friends or relatives and eat some food too. It'll be fun to see many countries. I hope all of you can enjoy these days in this moment. Bye. Sandra. Ariadna. See you soon! Carlos. Javier. Iliacos. Alejandro. Alba. Avila. Iliaco. Iliacuato. Avila I love you because you are so happy. I want to tell you about my last vacations. And I don't forget to share with you. Best wishes. Sergio. Javier. I'm a good friend of mine. See you here. Regards Sergio. Geralt. Eduardo. He likes to watch TV. I am sure you will like me. Erika. Jurez. Hugs. Javier. Geralts. Salvador. Erick. I'm afraid of you. I'll need to write about my upcoming vacations. Sincerely yours. Hugo. Erika.- Sergio. He loves to take care of my family.
lilygoulder/es-en-advanced-learner-english,Spanish,advanced,C3,l2t,family,1,"that I would like to talk with my friends because they are very kind and funny. This is a good example of how we can have children. My father is very thin but he has short brown hair. He's so happy, he has a long straight black hair. His body is made up of materials that can make him feel very tired. His legs are shaped and his teeth are curved. My mother is tall and she's very fat. She's not very tired. They're as lazy as me. My brother is very tall and fairly thin, he has long blond hair, he has short straight gray hair, he looks like his father. He's wearing a green shirt and black pants. My brothers is very busy, they''re tired. They are very quiet too. They're more healthy than me. Bye! Ana. Juan.   In conclusion, it will be great if you think about this issue. Best regards, Javier.   I hope that you have read me soon. See you soon. Ilka.  Best wishes to you. Ilka! Lorena.   Ilka.   All the best, Regards, Luis Berrero.   Sincerely, Javier.  I'm sure that you won't want to share with us."
lilygoulder/es-en-advanced-learner-english,Spanish,advanced,A1,basic,hobbies,2,"I'm going to go to a gym, it's a good idea. The first thing is that I don't like sports but I prefer sailing because there are plenty of things that we can do. Then, I will have a big party, in my house we eat food very delicious and sometimes we play soccer. On the other hand, I would like to visit the museum and watch the movie movies. In general, I love to have dinner and drink beer. I want to make some friends for my family. Also, I like to get involved with a volunteer organization and be more careful about my behavior. I think it's important for me to get organized, and be sure they can help me. For the next week, I'd like to invite all our friends and friends to participate. I hope see you soon. Luliana. Regards, Iliac. Manager. Javier Sanchez. Luluaga. Nice to meet you soon! Luluaga, Mnica. Andres. Luluiza. I'm planning a trip to Puerto Rico. It's my favourite season for this year. Have a nice day too. Luluisa. Luluena. Yours sincerely, Iliac Cabrera. Luluna. Regards. Luluka."
lilygoulder/es-en-advanced-learner-english,Spanish,advanced,B1,basic,holiday,2,"I'm glad of you for coming back my vacation, and I know that I've found a great time to go to the beach, I'm happy. I think it'll be very well for me next weekend, so I want to tell you that last vacations I would like to visit in Cancun. If we are going to do something similar, we can make dinner in the morning at night. We could eat lunch at one of our favorite restaurants. The weather is hot but it's not dangerous! For me the best thing is bring a nice gift.  I hope you're doing better. Best regards, Carlos.  My dear friends, Pablo and Marisol. See you soon! Javier. See you later. Javier. Bye. Mario.   See you soon. Cesar.  To meet with us, see you tomorrow morning. You will need to prepare some chicken sandwiches too, a bottle of orange juice, water and chocolate cake. All the best. Don't forget to bring a small gift. And finally we will make a dinner with our family, and if you want we can come together. Hope we can enjoy it. Sincerely. Yours sincerely, Eduardo.  Ana.  Actor."
lilygoulder/es-en-advanced-learner-english,Spanish,advanced,C1,basic,family,2,": My father, my sister, I live in Manchester, UK, it's called 'My brother's name', he has long black hair, and big brown eyes, she's very tall, but I'm not happy with him. When we look at his pictures, they are very funny, and I think that it will be good to see them. But when we see our daughters, they always are angry, they're really scared. I'm sure that this is the best way to feel sad and together, because there are a lot of things that can't happen without us, like going out alone at night and having a cake, eating fruit, drinking water, etc... We also need help to get married with someone who wants to take care of her children. This is a great experience too, let me tell you something about what happened when we saw our first baby, so I hope to find a better one. Well, I want to say that this is a beautiful moment for my parents, since I was a child, I am so excited now, if I could give me some information about our mother and grandmother, I would appreciate more time to share with us all these experiences as well as know what we are doing in order to make our life better, when we remember how far we were when we went on the street, we began to forget them. In addition, I believe that this moment is important because in many ways we will be able to feel confident in our life, so"
lilygoulder/es-en-advanced-learner-english,Spanish,advanced,A2,mixed,hobbies,2,".com I like to go surfing because it is very difficult, but I prefer to stay at home and enjoy with my friends or family. In summer we usually spend a lot of time in the beach, sometimes we go to the cinema or take out some time. This sport season is very interesting. We always have a great weekend. But don't worry about this sport season, I would like to visit different places in my city, for example, the City of Santiago, and maybe in Santiago, where we can meet more friends, maybe we could take vacations with other partners too. Please let me know what happens next week. Regards, Javier Cabrera. Manager. Your friend Luis Martinez. Bye! Manuel Gonzalez. Iliac. Iliac Edgardo Cruz. Yours sincerely. Iliac Luis Gonzalez. Sincerely Juan Carlos Ortiz. Iliac Rodriguez. Yours honestly. Salvador Solanas. Iliac Leon. Fernando Soto. Iliac Martinez. Iliac Ortiz. Ilioters. Iliac Garcia. Iliac Miguel Angel. Iliac Martirrez. Iliac Angel. Ilioterenses. Iliac Bongo. Iliac Rubio. Iliac Padilla. Iliac Lozano. Iliac Palmero. Iliac Robles. Iliac Marin. Iliac Medina. Iliac Gomez. Iliac Rocio. Iliac Cabrera. Iliac Rosales. Iliac Segura. Iliac Vega. Iliac Molina. Iliac Ferrer. Iliac"
lilygoulder/es-en-advanced-learner-english,Spanish,advanced,B2,mixed,holiday,2,"I'm very happy because last month was great and I had a beautiful time with my family. It's so exciting because I have been busy with my family and friends. We are doing all day long vacation and it's really interesting that we can get some fun at the beach or maybe we could go on a horse tour. This is by far the best season for the bird. The weather is cool and sunny but when I return home I like play the guitar. I don't want to forget our honeymoon because we're going to be in the hotel and we'll enjoy the summer. See you soon! Ramon. Ilka.  Best regards Ramon.   Bye! Ramon  Thanks for your help, I hope see you soon. Good luck, Mary. Bye. Ingrid.  What do you think? See you soon.  Ilka.   Sincerely. Luis.  Yours sincerely.  Sincerely, Luis.  Sincelery.   Sincelery, Luis.   Sinfortune, Luis. Sincerne.   Sinpernes.   Sincupine, Luis. Dany.   Sincord, Luis. Andres.   Sinfily, Luis."
lilygoulder/es-en-advanced-learner-english,Spanish,advanced,C2,mixed,family,2,"to say that I am so happy because I like this article and it has been very well written because I know that in my country there are many people who believe that we can live together. My mother said her sister she doesn't want to be healthy, but she is not hungry. She's a bit crazy because she's not alone. We have an account where we can talk about your family and how you are going to behave when you're doing everything. In fact, some people don't want to go out with me because they want to change things. They think that I'm worried because I am having a baby. However, I don't want go out with him anymore. This is a good idea because he wants to stay with us and make us feel sad. But I've learned from his experience that you have had a little bit of trouble with him, and now he isn't tired. So, if you don't agree with me you will tell me what happened at that moment.  The next week I'll be waiting for you to come back.  If you could help me, please let me know what I'm doing.  In conclusion, I would love to hear from you, but I'm sure that I will take care of my children. See you later"
lilygoulder/es-en-advanced-learner-english,Spanish,advanced,A3,l2t,hobbies,2,"I want to visit my city because is amazing, I like doing sports with a lot of friends and it's very exciting, I love it but I don't know how to go surfing or sailing, I don't like sailing because it's too dangerous and dangerous. I would like to have fun and relaxing. I love that sport, maybe we should dance, play guitar and drums but I prefer going out together when we're doing exercise or a good time at the beach. But I can''t play any musical instruments, so I prefer go to the cinema or eat out and drink some beer, but I think this kind of thing is really interesting. Bye. Ramon.        Last year I went to a small museum on Mexico City. It was very nice, but I had many problems as well. We spent all day there, we decided to wear gloves and sunglasses. I hope see you soon! Best regards. Javier Ramon. Andres.   Ingrid Ortiz. It was a pleasure place to visit me. He likes dancing and playing football. He likes watching TV games and he loves listening to music. Ingrid Ortiz is a great person who likes dancing, but he doesn't like basketball or basketball."
lilygoulder/es-en-advanced-learner-english,Spanish,advanced,B3,l2t,holiday,2,"my trip, I'm so happy for visit a small island, it's beautiful! My favorite city is the beach and I like to stay here because my parents had never visited me. It's very funny, but it's not so easy to go. But in the first place we can play soccer or football at night. In the second place we can eat pizza. At last place we can wear skirts and shorts. The weather is really good too. See you soon. Bye! Hugo. Fernando.!!!! bye!! Sergio. Hugs. Javier.   Thank you very much for your time! Alejandro.   Bye!!! Alejandro.   Thanks for visiting, and I love your vacation! We are going to see a lot of places around the world, as well as you know there are many different cultures around the world. So I hope you enjoy it! Regards. Sincerely Sergio.   Best wishes, Lorena.   Love. Ilka.  Ingrid.  Last week I went with you to the beach, this place was amazing! It was great fun, because I just got all day together to swim, and we were swimming with crocodiles. All the year is interesting. How nice? I think you will be there!"
lilygoulder/es-en-advanced-learner-english,Spanish,advanced,C3,l2t,family,2,", but I don't like to read this article because it's very funny and interesting. My mother was born in 1986 when she lived in Spain. She studied at high school, graduated from university and went on business trips. My wife used to study English for 4 years. It has been a great experience too since 2002, when we were children in a small town called Madrid. After that she was married. Her husband died last year. Now she lives with her mother and she's both beautiful and happy. We are a good company and we can talk to people, we're just working together. The youngest of my son is a lawyer and he is one of our best friends. He's both nice and intelligent person. If you want to know what you think about, please call me. Bye. Your friend Miguel. I hope to hear from you soon. Bye! Hugo. Yours sincerely. Marcos. Yours not alone, but you should read. See you soon. Ramon. Yours very well. In conclusion, I would like to recommend you to write more articles about my family, but I'm sure that we will get there. Regards. Yours so much. Bye!!! Hugo. Yates"
lilygoulder/fr-en-beginner-learner-english,French,beginner,A1,basic,hobbies,1,", I would like to talk about sports, nature, shopping... In my town, I can play tennis, golf, swimming and playing soccer on the beach. It's very interesting! I love football because it's so fun! I don't know nor go out alone with friends! And sometimes, I will see you if you want to be here! Bye, Chris, Pierre and Paul. Sincerely, Peter, Roger. I'm writing a letter with all of you to confirm the next week end. Best regards, Michel. Vincent. Franck. Laurent. Pierre and Mark. Daniel. XoXoXo XoXi. Yours sincerely, Robert. XoExoXo. Yolande. Pascal. XoFoVII. Gilles. XoOy-Lorraine. Yolaine. XoWaY-Tchine and Jean-Philippe. Yolands are all around Paris! Yolande is going to come back home tonight evening. Yolandes are coming together in Paris with some friends and they are waiting for the other party in the city. So, we could also have dinner together with many friends. Yolan is trying to go out with some friends. YACCAI-LAIS! Yolands is going to play tennis and volleyball in the park, but there are also a lot of guests in London, London, England..."
lilygoulder/fr-en-beginner-learner-english,French,beginner,B1,basic,holiday,1,", I was really happy to visit my family and we are very happy in that country! Today, it's a great time for me to travel, so we can speak two languages : French and Spanish. There is also a lot of people in the world : from Brazil, Canada, France, Australia, Australia and I live in Paris. You know? It's a beautiful island, with many colours like red, black, white. We can go to the beach, play golf, or drive a bike, but there is no way to swim. Bye. Yours, Chris. Sincerely. Nicolas. See you soon, Melody. Mary. Best wishes. Delphine. Michel. Julien. Domi. Franck. Pascal. Patricia. Jean-Philippe. Thomas. Laurent. Paul. Christian. Philippe. Gilles. Pierre. Corinne. Florence. Roger. Nicole. Sandrine. Laurent. Marie-Franoise. Christine. Daniel. Sophie. Manon. Karine. Sylvie. Christophe. Sandrine. Brigitte. Camille. Vincent. Nathalie. Dominique. Sophie. Florian. Sarah. Manon. Corinne. Elisabeth. Christiane. Sophie. Fanny. Anne-Marie. Isabelle. Nadge. Catherine. Martine. Christine. Christine. Claire. Emilie. Nancy. Claire. Virginie. Adeline. Carole. Sophie. Stephanie. Marion. Eliane. Damien. Claudine. Charlotte. Caroline. Anne-Julie. Marine. Sandrine. Laurence. Emmanuelle. Julie. Sandra. Marie-"
lilygoulder/fr-en-beginner-learner-english,French,beginner,C1,basic,family,1,"my mother is called Camille I am fifty-four years old My sister's name is Pierre. She has two children : one son, his name is Roger. He lives in Paris, France. His name is Jean. He is a businessman. He work in Paris but he doesn't like phones and earrings. My parents are not very thin because they are very young. They like to go out alone at night. They love dancing with their brothers and sisters. My brother likes playing football because he can play badminton. Bye! Julien. Thanks! Manon. Rene. Eliane. Brigitte. See you soon, Delphine. Elisabeth. Rene B. How are you? Lena. She is seventeen years old. She is both kind of a girl and a woman. She's wearing jeans and jeans. She wears jeans and dresses. She looks like her boyfriend. She's so happy now. We'll see him next week. Anne. Rene loves me and she is beautiful. Love. Lena. Yours sincerely, Delphine. I know you too. I'm really sure you're doing well. Your favorite friends are Pierre and Paul. I will be grateful if you agree. Yours faithfully."
lilygoulder/fr-en-beginner-learner-english,French,beginner,A2,mixed,hobbies,1,", I'm learning English because it's a very interesting language and fun, with all my students. My city is really beautiful and has big population. So, we need some courses for camping and our children, and this year, we could go out for sport or soccer. But, if you want more, here's my best friend! In fact, my favorite day is going be hot. The weather will be better in winter than it was summer but maybe it'll rain in winter, so we could have a great time! We would like to visit all of them tomorrow. So, let me know what happened. See you soon. Nicolas. Michel. PS. PS. PK. X. Sincerely, Xavier. ZAN KENDALL BISTER. Yours sincerely, Elodie. Sbastien. P.P.E. Gino. SLI. I love my job! Regards. Pascal. X. Wishfully. Franck. V.T.U.R.V.L.K.K.WO.DN.N.C.WAR.ZHE.WOMESTER. LISELOSCE FINESPIRATURE AND THE CARREET HARDON. WELLING AND SURF.CHASTER. STHERKERED TO ELECTIONAL BRIDGE. URGENTRYWY. RIVETHODDEN. LIFE. THATTE"
lilygoulder/fr-en-beginner-learner-english,French,beginner,B2,mixed,holiday,1,", my name is Dominique. I am twenty-two years old and I have been in Paris since ten years. I've got one little friends : Paul, John and Lucile. In fact, I like this city but I don't know what happened. My wife is very busy. She likes the beach because it's relaxing and beautiful. I would like to visit my house next week. See you soon! Bye. Nicolas. Best wishes. Corinne. Lora. We are so happy in your trip. It's a wonderful day for me. Your friend! Your family. See you later. Nicolas. Jean-Sbastien. Goodbye! Dominique. See you again! Isabelle. Thanks for your comprehension. See you at home! Pascal. Xoxo. Laurent. Xoxoo. Xoxoon. Xoxee. Franck. He goes to the park with his friends who love to go out in love with him. Yours sincerely, Dominique. Xoxa. Zylla.Zylla. Xoxhira. Xoxow, Zylla.. Xoxhera. Yolande.. Xoxoon.. Zylla is not a great country! Yolande... Zylla, Zylle... Yolande is a very nice island. Yolune, Zylles... A love of you... Bye. See you, Nicolas."
lilygoulder/fr-en-beginner-learner-english,French,beginner,C2,mixed,family,1,"there are few things to say about Big family. First of all, I'm writing that we can't believe anything in our life. When we want to speak about this and not know what we need, we must do it everyday! That's why we must try to understand each other as if they are a little bit lazy. Secondly, when we talk about your family, we always see some people who feel very tired because they're not afraid but still scared. Then, when we meet friends and parents, we will find a good solution. If you don't know everything, then, I would like to be careful with them. We could learn more about our lives, and help them to get their ideas. So, if you think about my family, let me tell you how much you have to deal with us. My wife doesn't really understand her feelings and she doesn't understand her emotion. But you may have a nice relationship with my mother and father, and your sister has just got married. She's neither shy nor stupid, he is too weak! What do you think about doing? Finally, I'm sure it's possible to put the family together for many reasons. All these questions will take place on my own life."
lilygoulder/fr-en-beginner-learner-english,French,beginner,A3,l2t,hobbies,1,", I'm going to go swimming on Saturdays at 11:30 am and I'll be very busy. I like playing football because it's exciting and fun. I love sailing and walking too. But my favorite sports is tennis. I don't play any musical instruments but I play the piano with the guitar. I hope we're playing music all day long. See you soon. Best regards, Nicolas. Roger. Pierre-Patrice. Dominique. Edwige. Brigitte. Yolande. Isabelle. Gwen. Karine. Corinne. Sandrine. Delphine. Delphine. Julien. Camille. Delphine. Christophe. Delphine. Jean-Philippe. Martine. Nicole. Pascal. Camille. Manon. Elisabeth. Karine. Delphine. Emilie. Maxime. Sylvie. Laurent. Marie. Mireille. Claire. Delphine. Laura. Catherine. Sophie. Emmanuelle. Charlotte. Sandrine. Camille. Marie. Delphine. Patricia. Marie-Pierre. Marie-Pauline. Christian. Carole. Patricia. Sandrine. Florence. Sandra. Gilles. Denise. Patricia. Vincent. Christiane. Delphine. Jenny. Helen. Mary. Maria. Manon. She. Dominique. Anna. Manon. Emmanuelle. Audrey. Sarah. Linda. Christine. Lisa. Sandrine. Anne. Elisabeth. Annie. Fanny. Elisabeth. Elisabeth. Sophie. Jenny. Nathalie. Caroline. Jenny. Stephanie. Sandrine. Jane. Delphine. Emmanuelle. Manon. Fanny. Julie. Carole. Christine. Karine. Philippe. Carole. Karine. Fabien"
lilygoulder/fr-en-beginner-learner-english,French,beginner,B3,l2t,holiday,1,"I am fine and thank you for your pleasure. My favorite holidays are the French, it's a wonderful day for my family and friends. I can speak French and English very well but sometimes we go to the movies with my wife. We eat at home and drink a little of wine and drink a lot of water. It was fun! See you soon! Sincerely, Rene. Michel. Domi. Best wishes. Corinne. See you later. Christophe. Jean-Philippe. See you soon. Your best friend. Nicolas. Pierre. Laurent. Dominique. His birthday is on September 27th, 2010. He's an amazing person. See you today... Delphine. Bye! Dominique. Karine. Laurent. Sandrine. Marie. Isabelle. Sophie. Brigitte. Catherine. Laura. Marie. Manon. Delphine. Fanny. Sandrine. Catherine. Nicole. Sandrine. Elisabeth. Catherine. Isabelle. Emmanuelle. Julien. Sylvie. Elisabeth. Sandra. Camille. Anne-Marie. Catherine. Sandrine. Sandrine. Sophie. Sophie. Patricia. Alexandra. Nathalie. Sandrine. Carole. Philippe. Caroline. Sandrine. Maryse. Catherine. Charlotte. Sandrine. Marine. Sandrine. Sarah. She is beautiful. Anne-Sophie. Patricia. Isabelle. Florence. Emmanuelle. Emmanuelle. Jane. Emmanuelle. Delphine. Nathalie. Julie. Karine. Audrey. Christine. Emmanuelle. Claire. Elisabeth. Christine. Sandrine. Emilie. Marie-Anne-Laure-Marie-Cline-Ch"
lilygoulder/fr-en-beginner-learner-english,French,beginner,C3,l2t,family,1,"I'm very happy to read that you're writing. For my familly, it's not easy enough to know what happened. My husband is called John. He was born on April 20th 1982 when he got married but now, his parents are retired. He has one sister who was born in 1979 and a daughter. She graduated in 1978. We had two brothers, John and Peter. They live in New York. We moved to Paris with them in 1990. After, we went to France where they lived and worked. There were many people near us. They studied psychology from 1975 to 2005. That's why we try to find a job as a medical engineer. It's very important to see all of this new person, especially our own girlfriend. It will be great if you get married and meet him next year. Please don't hesitate to contact me. Yours sincerely, John. Best regards, Thomas. Yolande. Laurent. Jean-Marc. I'm just writing to you. Let me know if you can come back to Paris! See you soon. Patrick. Laurent. Domi. Yolaine. Franck. Christophe. Paul. Jean-Denis. Jean-Philippe. Clement. Michel. Julien. Edwige. Adrien. Olivier. Langlois. Michel. Etienne. Dominique. Jean-Pierre. Christian. Daniel. Philippe. Fabien. Eric. Christophe. Pascal. Damien. Marie-Laureine. Eliane. Alex. Jean"
lilygoulder/fr-en-beginner-learner-english,French,beginner,A1,basic,hobbies,2,", I like sailing because it's fun but not boring. I don't have a lot of sports except soccer or badminton because it's too tiring because there is a lot of games. So, we could go swimming and swimming. In my town, there are many restaurants and many museums and also a big pool where there is a beautiful beach. I prefer skiing because it's very interesting. It's a good idea. See you soon. Christophe. Best regards. Sincerely, Michel. Sincerly. Dominique. Sincerily. Sincervely. Sincery. Sincerry. Sincercy. Sincerness. Sincerie. Sincerdity. Sinceriane. Sincerty. Sincerny. Sincerky. Sincerdy. Sincerles. Sincerne. Sincerathy. Sincercie. Sinceraly. Sincerys. Sincerle. Sincercey. Sincorrect. Sincere. Sincernice. Sincerledges. Sincerratulations. Sincerleness. Sincerfely. Sincerelle. Sinceres. Sincerice. Sinperialy. Sinverry. Sinperily. Sincorrected. Sincerts'zance. Sinceratrice. Sinceriors. Sincerthanky. Sinforsymboltty. Sincreinique. Sincerningy. Sinperish"
lilygoulder/fr-en-beginner-learner-english,French,beginner,B1,basic,holiday,2,", I'm very happy that you have read this article because it's a good idea for me! I like staying in my house with my friends and eating out too much of the world! It's really delicious. I don't like holidays because I can be too dangerous. My favorite season is spring. So I love going skiing because I can take one or two days in the morning and after I go swimming. The weather is sunny but sometimes cloudy and sometimes snowy. See you later. Best wishes, Corinne. Regards. Nicolas. Fatou XB-N-T-I-E-M-H-II-I-ES-O-S-U-R-D-O-L-D-W-A-HA-C-A-V-F. Your best friend. Bye, Bella. Mary. Chris. See you soon! Rene. Langlois. Vincent. Franck. Yolande. Paul. Gilles. Xavier. Sbastien. Pierre. Laurent. Jean-Philippe. Christophe. Christian. Thomas. Nicole. Dominique. Jean-Marc. Peter. Paul. Christelle. Sandrine. Karine. Pascal. Patrick. Michel. Marie-Marie-Claire. Delphine. Camille. Sandrine. Julien. Patricia. Manon. Carole. Philippe. Roger. Camille. Elisabeth. Sandrine. Marine. Brigitte. Karine. Fabien. Emmanuelle. Sophie. Claire. Sylvie. Sandrine. Corinne. Anne. Sandrine."
lilygoulder/fr-en-beginner-learner-english,French,beginner,C1,basic,family,2,", I think that our children are not able to live in their house, but we can't leave them alone because they don't like it. The children love the music too much. We're always in contact with people of different cultures, but we don't know what we need, so we can speak a little bit more than English, but we're happy with them. So we could buy a lot of flowers instead of bananas. Indeed, we won't be able to do anything else. And as we haven't enough money for our life, it's a good idea to spend all this money on food and drink in order to eat some breads. Moreover, we would try to find out if everybody refuses to take any money at home. Therefore, if everyone vote us, we could see how many countries will support themselves. Nevertheless, we should encourage them to travel around the world. In fact, there are some ways to make friends who want to get married or to marry with them. It seems very important to give us extra money in order to help them. See you soon. Your friend. Sincerely yours, Elodie. Laurent. Best regards, Emmanuelle Mounthou. Yolande. Benin. Jean-Pierre Langlois."
lilygoulder/fr-en-beginner-learner-english,French,beginner,A2,mixed,hobbies,2,", I'm planning a good holiday in my city. In my village there are many things like swimming pool and running on the beach with my friends. We have also some camping in front of sea or sea. We're going to go sailing too. The weather is hot and sunny but it's so interesting! So we'll be able to play football at the beach. Finally, in my town there is a lot of restaurants next to a museum, a movie theater, etc. If you want that we'll have all the games! See you soon. Thomas. Sincerely. Cindy. Best regards. Nicolas. Erika. Elmas. Cindry. N'z passo far from Paris, France. I'm planning this weekend holidays because we will start their own business trips. See you soon, Manon. Regards. Brigitte. Coralie. Rene. Brigitte. She is taking a big cake. They love playing tennis, dance, singing and reading. She has been living near Nantes for a long time. I hope you enjoy these vacances! Cindry, Paul. Kathy. Christine. CindRY, Roger. She is studying music. I know you will help me. It's possible to go out on the beach to have fun with them! See you later, Delphine. Karine."
lilygoulder/fr-en-beginner-learner-english,French,beginner,B2,mixed,holiday,2,"I'm very happy but I love my family. We have a lot of holidays. It's not easy for me and I want to travel all over the world. For example, I can swim with dogs. In fact, it's a great experience because I like walking on the beach or eating in the restaurant. The weather is warm and sunny! See you soon! Bye! Delphine. Best wishes, Cindy""ited your trip in France. Yolande""ated your trip and we enjoyed the first time to visit our country! I hope you'll be fine thank you. Bye! Brigitte""tened up your best friend. I have a nice day to stay at home and listen to music and sing songs. What do you think about this? How are you? I wish you won't come back with us so much for this trip. Goodbye.""iffing for your weekend... Kiss. Jean-Marc""ted up your hight when I was a child! We had a lovely week off... I love it!"" cried out loudly. She said to you some words and told me that they're really happy. But then, I hope you will enjoy it again. See you later... Sincerely, Rene"""
lilygoulder/fr-en-beginner-learner-english,French,beginner,C2,mixed,family,2,", my name is Rene. I'm from France and live in Paris. There are four people in my family : my father, my mother, two sisters and I. My father is both intelligent and smart. He's always easy-going and he has long, straight, brown hair. His brothers like playing tennis but they're not very clever. They can't play any musical instruments. They don't like dancing because it's too difficult to listen them on internet. I would like to speak fluently English because it's an excellent language for me. Bye! Rene. Rene. Sincerely. Rene, Rene. Best regards, Rene! Rene. See you soon. Rene... Rene. She loves listening music. Her name is Christian. She likes listening to the guitar and sometimes it's hard-working. It looks like her favorite song of rock music. Rene loves playing badminton. She love singing all day long. See you later! Rene""Rene."" Rene"" Rene"" See you soon, Rene"" Lena"" Rene!"" See you soon"" Rene."" Rae"" Rene!"" Your sister"" Have a good life"" Thank you"""
lilygoulder/fr-en-beginner-learner-english,French,beginner,A3,l2t,hobbies,2,", I'm going to go on the beach with my friend. The first day of the week-end, I would like to learn a little bit about the sports that it is. But, I think I'll be a little bit lazy when we could get out on the beach. I know that if I won't be able to play golf or badminton, I'd have been happy too! I hope this time will help me and you will enjoy your trip! Your best friend! Bye! Benjamin. Pousse. Nicolas F. We're so pleased to see you soon. Thanks again! Yours sincerely, C.P.I.Sansa. Sincerely. Michel. Sbastien. See you soon! Christian. Xo. Sbastian. Rene. Yolande. A good evening, bye. Gilles. Yolaine. Pierre. See you later! C.P, Jean. G.W. We are all in Paris! Wen to meet you soon! Bye. Laurent. Franck. Christophe. Yolandie. Franck. Michel. A good day for you. Best regards. Chris. Yolla. Yolelle. Peter. Hassna. She is wearing a dress, a shirt and a shorts, longs and sweaters, a hat and a T-shirt. Bestsilyne. Patrick. John. He has longs, blond hair, blue eyes and brown hair..."
lilygoulder/fr-en-beginner-learner-english,French,beginner,B3,l2t,holiday,2,"I'm fine thanks for my birthday. The holidays are very nice and fun but they're not the most dangerous seasons. Maybe it's raining because the weather is cold and sunny! So I can't go out alone with my friends. See you soon! Bye. Gilles. Sincerely. Jean-Marc. Christophe. Best wishes, Delphine. Nicolas. Michel. Best wishes. Julien. Domi. Sebastien. Domi, Corinne. See you later, Christine. Franck. Thank you for your invitation. Nicolas. See you again. Christophe. Nicolas. Domi bye. Christophe. Domi Yolande. Brigitte. Xavier. Philippe. Grandfather of my family. Peter. Roger. Vincent. Peter. Robert. Andreas. Thomas. Patrick. He loves children and they love them! They're so happy now! Bye! Emmanuelle. Jean-Pierre. Domi! Your favorite trip! Good luck, Cindy. Domi! A good trip! Marie. She's a great girl who loves cooking, playing tennis... I'll love you! See you later. Seb. Xo. David. Thanks for your letter! Nicolas. Sbastien. Pierre. Eliane. Daniel. Domi"
lilygoulder/fr-en-beginner-learner-english,French,beginner,C3,l2t,family,2,", my family has a very large family and I think it's important to give them some informations on their family. My husband is called Jean-Marc. He is neither crazy nor afraid of his sister. He likes to work because he doesn't want to have any information about her. I would like to tell you why we could make a change in our society. The family is so far away from us when we are together and we can go back home to visit others cultures if they don't know me. We must not forget that it is necessary to help people around us in order to achieve our objectives. Sincerely, Cindy. Best regards, Cindry. Good bye! Cindy"" Sincerely!"" See you soon! Cindy, Cindrex. Thanks for giving me some news about this point. See you later... Cindy."" Sincerely. X. Yolande. Good luck. F.R.E.T.I.I.T.F.. I'm looking forward to hearing from you. Please let me know what I mean next week. Best wishes, Galle. Brigitte"" Sincerly, A.D.U.P.L.M.B.. Thank you for being here today. It's your brother who is really nice with him. Have a good day and see you soon. I hope you'll understand my situation. See you soon."""
lilygoulder/fr-en-intermediate-learner-english,French,intermediate,A1,basic,hobbies,1,", I don't like football because it's not interesting enough for me. I like playing soccer on the beach or doing sports with my friends. It's very fun! There is a lot of things to do and play games. In fact, I love to go to school or swim with my friends and see them all day long and sometimes it's very exciting. I hope that it will be better for my daughter to have good time. See you soon. Nicolas. Yolande. Cristiano. See you later. Yolandes. Yolands. Yolandine. Bye. Jean-Marc. P.E.T.I'm happy now. Yolandie. Yolonde. I like listening music. We can play the piano but we can also listen the guitar. See you. Gilles. Rene. Christophe. Xxoxo. Yolourt. Yoluvre. Yolvernie. N'B. Yolaine. I love music. I don't play piano because it's too difficult for me. Have a nice week. Julien. Yolverne. Yoloff. See you next week. Gilles. Yoluvres. Yolonne. Corinne. Yolieu."
lilygoulder/fr-en-intermediate-learner-english,French,intermediate,B1,basic,holiday,1,", I'm in France and I like having a party at home. In the evening, I go swimming pool and eat out of my room. At night I play computer games with my friends. We are also eating out with my family and we eat dinner together. Then, after that, we can sleep with me. When we go to the beach, we wear jeans, T-shirts and dresses. It's very nice for me but it's not exciting enough! I hope you enjoy this moment! bye. Sophie. Elodie. Goodbye, Christophe. Your best birthday. Best wishes. Maryse. Catherine. Bye. Nathalie. Good luck. Sincerely, Delphine. Eliane. See you soon. Christine. See you later. Marie. Isabelle. All thanks. Eliane, Brigitte. I love this day! You're always happy and I love staying with us. Thanks for your help. Yours sincerely, Emmanuelle. Pierre. See you, Nicolas. Laurent. Karine. My favorite holidays is my favorite season! The most amazingl day for my life. Have a great week! Sarah. Marie. I don't want to be here at school next week because i would like going back in the beach next year. See you tomorrow! Elisabeth. Maryse"
lilygoulder/fr-en-intermediate-learner-english,French,intermediate,C1,basic,family,1,", I think we are in fact happy if our children get married. We have to keep their family together. They can be both quiet and helpful. It's not easy to find a job, but there are lots of things that need to change. Indeed, if it doesn't possible, we could go out with someone else. The last time, we would like to work as a nurse. Sometimes we will leave home alone at home, so we could talk about what it means for them. This is why I'm sure it'll help us with this problem. But maybe we could do more research on our family and discover other cultures. As you know, my husband has been living long years ago and his wife was very old because he didnt have anything. I want to see a woman who loves her all day long. That is why I wish we can make a choice in order to choose her again. I hope we'll find some solutions when we'll accept another couple. See you soon! Bye! Yolande. Sincerely, Sbastien. Cheers! See you soon, Nicolas. Sbastien, Your new friend and colleague. Goodbye. Regards, Michel. Michel. Kind regards, Cathy"
lilygoulder/fr-en-intermediate-learner-english,French,intermediate,A2,mixed,hobbies,1,"I'm planning a party in May on Thursday, 6th May at 1pm. I am taking a lunch with my friends and they are playing football with them. The party is at my house and we go out together at 7 pm. We have lunch at 1 pm. At night, we have dinner at one pm. It's very interesting! I hope that it will be possible for me to organize some of events during my time. My friend Bob has been working for a long time since he was 15 years old but he has also worked as an engineer. He works as a civil engineering engineer and work in the same company. My job is exciting because I like my job. I love this job, too! See you soon! Brigitte. Sincerely, Manon. Christophe. Yolande. Thanks for all these informations. Bye. Domi. Good luck, Your life isn't good for me. Bye Seb. You are fine and you are always happy. Yolandes. Christophe. Sbastien. Yolands. Michel. Jean-Marc. Pierre. Pascal. Gilles. Julien. Nicolas. Pascal. Roger. Pierre. Laurent. Philippe. Marc. Cindy. Dominique. Paul. Marie. Christian. Michel. Cathy. Michel. Damien. Pierre. Jean-Paul. Christelle. Peter. Mathieu. Christine. Vincent. Jean-Philippe. Olivier. Xavier. Yves. Delphine. Anne. Jean-Pierre. Philippe. Pascal."
lilygoulder/fr-en-intermediate-learner-english,French,intermediate,B2,mixed,holiday,1,", my friend is very happy! My birthday was on Thursday 6th May at 1pm. I'm here because the weather was hot and sunny. I went to the beach. In afternoon I met my friends. They are so cute. Bye! Therese. Sophie. Thanks for your mail. Your phone number is ##########. She's a beautiful girl and she likes going out alone. See you soon! Helen. Sincerely yours, Sbastien. Marie-Pierre. Christophe. You know me! Nice to meet you. See you later. Goodbye. Yolande. Christophe. Hi Anna. Her name is Elise. She is famous for her boyfriend's birthday party. She has been living in France since 2000 years old. She looks like her favorite woman. See you! Elise. Elise. Domi. Elise, Cindy. See you next week! Elise, Christine. Delphine. She's happy. So, I'll be happy with you. We're really happy together. Good bye! Elisa. Coralie. Delphine. See you again, Chris. Stephanie. Elise I hope you will love it too. See you. Laurent. Elise"
lilygoulder/fr-en-intermediate-learner-english,French,intermediate,C2,mixed,family,1,", I'm a young man and i want to be here today because my father's name is Christian. My mother is called Jean-Philippe. She has long, curly brown hair and blue eyes. She likes playing basketball. I like watching tennis in Paris. It's very interesting but I don't think that it will be possible for me. See you later. Yolande. Christophe. The New York Times. Best regards, Nicolas. Erika. Erika, I'm fairly happy with your family and yours friends. Goodbye. Julien. Erika is a young woman who has long, straight, blond hair. He is wearing white T-shirt and shorts. His favorite sport is running. He likes walking on the street and swimming. He doesn't like doing sports. What do you think? Bye. Christian. Erika... Bye. Pierre. Erika Galle. Erika! Erika. I'm a beautiful boy, she is looking and handsome. She has a nice girlfriend. She is tall and thin. Her name is Thomas. He likes wearing jeans and shorts, she has a nice smile. And you? Bye. Manon. Erika Erika. He is an elderly man. She looks funny. She loves dancing and listening music. They are really happy. See you soon. Michel. Erika"
lilygoulder/fr-en-intermediate-learner-english,French,intermediate,A3,l2t,hobbies,1,", I think it's very important to go out with my friends! We are all around us : we can play football or badminton, we can swim, swim and play computer games... At night, we could eat a cake, drink coffee, dance, sing songs... It will be very fun! And if you have time, we're all on the beach! Good bye! Julien. Best regards, Nicolas. Christophe. Galle. P.L.E.B.C.N.I.M.S.E.C.E.F.I.T.S.I.R.T.D.T.T.P.S.K.I.S.D.I.E.V.I.K.W.D.U.K.H.S.Y.I.I.F.E.G.E.P.D.N.E.I.O.S.V.A.D.V.E.E.M.E.D.NA.T.V.F.F.P.I.Z.SP.I.P.L.I.N.W.I.W.H.E.O.J.I.L.C.F.N.K.E.H.M.R.I.D.R.E.N.O.F.CA.E.L.F.R"
lilygoulder/fr-en-intermediate-learner-english,French,intermediate,B3,l2t,holiday,1,", my favorite holidays is Sunday! I get up at 7 o'clock and I walk the dog in the forest. In the afternoon, I go shopping with my friends. In the evening, I go to the cinema with my girlfriend. In the night, I meet a good family. It's so exciting! Bye, see you soon! Sincerely, Marie-Nol. Yours sincerely, Marie F.I thank you for reading me. You are both funny and sad. See you later. Emmanuelle. Bye. Linda. You are a great party. Best wishes to you and Kathy. See you soon. Domi. Delphine. Christophe. I'm really happy of you. See you, Christine. Nicolas. Dominique. I love it! See you again! Sophie. Christophe. Your friend. See you! Christophe. Seb. Christophe. See you again. Sophie. Nice to meet you. Good bye. Manon. Dominique. See you next week end. Pascal. Nicolas. Have a nice day! Gilles. Best wishes. Laurent. Yolande. Hi. Vincent. See you! Karine. Nicolas. My favourite season! Love. Chris. Michel. I hope you enjoy this season. See you tomorrow. Sophie."
lilygoulder/fr-en-intermediate-learner-english,French,intermediate,C3,l2t,family,1,", I would like to say that my children are both lazy and funny. I think this is a good idea because they're more friendly than us. For example, my father has very long legs and he can't go out alone at night. My mother always plays tennis on the computer, she doesn't play any musical instruments. She likes it! But, in English, it's really difficult to speak English too much, so if you don't understand why I'm not happy now, I would agree with all those who speak French and Spanish language. It's important to be careful with other people and we will never forget our parents! That is also true of our children : I think that their mother was only a bit lazy, but when we get back home, she didn't know what to do. The reason of this situation is that we can live together in a nice country, with a lot of friends and maybe even a little girlfriend. When we could find a new job, we could give her some advice from its best friend. So we could see if there aren't another thing in front of the screen next week. Sincerely, Nicolas. Your dear grandmother. Good bye! Christophe. See you soon. Nicolas."
lilygoulder/fr-en-intermediate-learner-english,French,intermediate,A1,basic,hobbies,2,"I am in charge of sports teams, i like dancing, playing football or running.I like riding a bike but i don't like playing badminton because it's too dangerous.i can make music with my friends,i love dance but i must be careful when i go home.i think that is important for me.I want to organize events in my city by caring out the streets and shopping in the city.I hope i will make fun.e. Bye.Natacha.Bye.C.T.I'm very happy to meet you soon. Goodbye. Christine.Titualy.Rose#Welcome! Best regards, Gwendoline.Uphane.Hi, I am writing to you about my job. You are here. I'm sure you enjoyed this holiday. See you later. Your new friend, Coralie. Yours sincerely, Sbastien.Bye P.Origine.Mary.Bye See you soon. Pierre.Bye F.B.T.B.D.E.T.T.S., Christophe.Zacharie.Katia.Evetyse.Kyla.Groum.Zachary.Granny.My favorite sport is tennis. It's a big challenge for me. We have all kinds of sports! I love it. I hope you'll enjoy it!"
lilygoulder/fr-en-intermediate-learner-english,French,intermediate,B1,basic,holiday,2,", my favorite vacation is Sunday! I am in the center of Paris. It's a very beautiful place, with many restaurants and bars. The holidays are so great! In the evening, I like swimming, playing soccer, singing and dancing. I love also sports. I love the beach because it's wonderful. Bye, Sophie. Coralie. Coralie... Coralie. See you soon! Gwendoline. Coralie""Then, my friend! On Sunday, I go to Paris for dinner, at night. At 12 o'clock, I eat at one of the restaurant. In the afternoon, I watch TV. There is a lot of movies with a little pool. We have fun too. See you later.""They're all friends! Regards, Mary. Coralie.... Coralie""You've ever thought of staying here! What do you think? You're very happy now. Your favorite holiday is Saturday! What a lovely day! Bye, Coralie""The best time is Monday! Nice to meet us, we will enjoy our next weekend holidays. See you again! Coralie.""It's a good day for your family!"" Cathy""Then, bye, Corentine""Nice to meet you at 1 o'clock!"""
lilygoulder/fr-en-intermediate-learner-english,French,intermediate,C1,basic,family,2,", my name is Sarah. I'm from France but I live in Paris with my husband. He's twenty years old. They are both young and very old. I don't like children because they are too short. My wife is fifty-four years old. She has long, curly brown hair. She looks like me. My daughter is ten years old. It's very nice to see them! How about the twins? They look like parents. I can tell you something about my family. I think that my sons love it. And they hate him. They are so cute. But we will find their own best friend. See you soon. Sylvie. Bye! Sonia. Manon. She likes this family. We are looking forward to hearing from you. Best regards, Nadge. Corinne. Manon. I hope you're fine. Yours sincerely. Nathalie. Elisabeth. Best wishes. Emilie. Julien. Christine. Maryse. Isabelle. Brigitte. Nicolas. Sophie. Fanny. Sandrine. Julien. Patricia. Maria. Florence. Pierre. Laura. Sandrine. Emmanuelle. Marie. Sophie. Dominique. Delphine. Laurent. Michel. Philippe. Pascal. Michel. Claire. Jean-Marc. Peter. Anne. Sandrine. Pascal. Sandra. Madeleine. Delphine. Marie. Delphine. Philippe. Daniel. Damien. Jean-Pierre. Thomas. David. Sandrine. Olivier. Pascal. Dominique. Marie. Christiane. Marie. Camille. Emmanuelle. Julien. Christelle."
lilygoulder/fr-en-intermediate-learner-english,French,intermediate,A2,mixed,hobbies,2,", I am in a big city with many children and it's very exciting! In spring, we are going swimming pool, play soccer and running. In autumn, we're going to visit different places such as parks or park... I like to be out alone at night, playing volleyball and basketball. I would like to go to a museum in Paris. I think this is the best thing for me. Bye! Domi. See you soon! Domi! Your best friend! Thank you so much. Domi. Thanks you. Domi! We are so happy now, I hope that we will see all our friends next weekend. It's not possible to stay at home on the same day. Thank you. Good luck, Chris. See you later. Domi. Domi. Bye. Domi Domi. Your friend! Domi See you later, Domi. Domi, Domi! Domi Domy. My favourite country is France. You're going to have fun and enjoy. See you again Domy. Domy. See you tomorrow! Domi, bye. Domy! Domy. Bye Domy. Regards, Domy. Thanks for your mail. Domy"
lilygoulder/fr-en-intermediate-learner-english,French,intermediate,B2,mixed,holiday,2,", I'm very happy to see you! I was born in Paris last year and my parents are very friendly. We went to the school when we arrived at a school. It's great for me. When we were four weeks old, we decided to go back home with us. After that, we had good time. Now, we have a good trip with them because they want to discover new cultures! Thank you for your attention. Yolande, Pierre. He's very busy. So we went to the beach and we have lunch together! It was fantastic. I hope everything goes well for you. Sincerely yours. Best regards. Bye. Cathy. Xoxo. I'm so excited and enthusiastic. She's kind of you. See you soon. Mary. Marie-Franoise. All these days, I love our holidays and my family! Yours sincerely. Coralie. Coralie, Nicolas. Sophie. She is both funny and nice. What do you think? You can't play tennis? Bye! Xoxo, Pascal. He's always quiet but not afraid of his colleagues! See you soon! xoxo. Isabelle. Im very proud of you! Jean-Sbastien. Nice to meet you!"
lilygoulder/fr-en-intermediate-learner-english,French,intermediate,C2,mixed,family,2,"it's my opinion that big family and small family are really important. As we all know, our children will be very friendly but not as lazy as us. We can say that it's difficult to talk with their parents because they have different opinions about them. Moreover, the baby of our sons is quite easy to make up all these views. This is a good idea because the young man is looking forward to being able to help his father when he wants. The younger one is looking forward and able to move in order to see if his father is successful in this position. It's more appropriate to keep your mind on what our society will look like before the next birthday. I hope you can come! Bye! Rene B.C.E.F.I sincerely, Your message : Hi! Our family is beautiful but not so smart. My best friend, Anna, is confident and hard-working. She has many friends who don't understand me and she never think about it, she always talks on the phone. She doesn't feel like her mother. She doesnt look at me and she's afraid of the future. He is fairly aggressive. If you follow me, let me know if you're right. See you soon!"
lilygoulder/fr-en-intermediate-learner-english,French,intermediate,A3,l2t,hobbies,2,", I'm a little city in France. In fact, it's not possible to go swimming because I like this sport. But, in Paris, I would like to swim with my friends. We are in Paris but we are very busy too! At the moment, I will be free of charge in all sports. So, if you're going to the beach, you should find a restaurant or a supermarket. The weather is good and I hope you'll enjoy to see this beautiful beach! Bye. See you soon. Corinne. Nicolas. P.E.T.L'article ""France Today"" by Jean-Marc. F.U.R.I.P.I.I.F.U.I.S.E.I.G.N.I.O.F.I.H.T.A.F.P.C.I.T.W.P.E.D.I.K.P.M.I.B.N.Y.I.E.E.N.E.K.I.N.VII.F.N.N.O.D.N.B.I.A.E.SP.E.LY.I.M.N.NA.F.K.R.N.D.D.E.F.E.U.N.K.D.W.T.N.W.E.M.R.L"
lilygoulder/fr-en-intermediate-learner-english,French,intermediate,B3,l2t,holiday,2,"I was really happy and very pleased to have a good trip! My birthday is Saturday, i have dinner at my home in the evening and it's a great day for me. In Paris, i play soccer with my friends and i play computer games. I love holidays because we can go out all night long! I can also play the guitar. I like to go to the movies or eat at one of the restaurant. See you soon. Bye. Sincerely yours. Bye! Mary. Sbastien. Yours sincerely, Corinne. We are so happy! Take care. Emmanuelle. Yolande. Yolandes. Domi. Marie-Helene. Laurent. Im very nice to meet you. You will be here at my birthday. The weather is rainy and sometimes cloudy but it's warm and sunny! So don't worry! You'll come back to the sea. See you later. Christophe. Jean. Pierre. Delphine. Michel. Yolands. Yolandine. Sophie. Julien. Yolandie. Paul. Franck. Sophie. Nice to see you soon! Chris. Nicolas. Yolby. David. Gilles. Seb. Sylvie. Christian. Vincent. Thomas. Jean-Philippe. Roger. Christelle. Philippe. Fred. Benjamin. Peter. Pierre. Xavier. Michel. Jean-Michel. Bertrand. Christophe. Christophe. Christine. Pascal. Isabelle. Daniel. Yves. Laurent. Anne-Pierre. Jean-"
lilygoulder/fr-en-intermediate-learner-english,French,intermediate,C3,l2t,family,2,", my name is Christine. I'm from France and i live in Grenoble. My father is very old but he has big and small mother. My mother is called Marie. She is wearing blue jeans and white shirt. My brother is really nice. He wears red dress and green T-shirt. I don't like to be either. See you soon! Nicolas. Best regards. Christine. Sandrine. In fact, there are two people in my family : my father, my sister and I. We always wear a short and curly clothes. They are both kind of friends and we look more affectionate than us. When they're married, I think they are not happy together. The parents are neither lazy nor impatient with them. Bye. Christine. Catherine. Best regards, Christine. Sophie. Corinne. Jean-Marc. Stephanie. Julien. Corinne. Corinne. Julien. Isabelle. Michel. Isabelle. Pierre. Corinne. Delphine. Franck. Fabien. Christophe. Julien. Xavier. Gilles. Laurent. Pascal. Thomas. Olivier. Julien. Michel. Daniel. Philippe. Vincent. Julien. Julien. Laurent. Pierre. Julien. Adrien. Nicolas. Benjamin. Thomas. Andreas. Ali. Antoine. Michel. Michel. Sebastien. Florian. Thomas. Alexis. Laurent. Christ. Marie. Christian. Marie. Laurent. Jean-Pierre. Julien. John. Julien. David. Clement. Julien. Jo. Jean-Luc. Bernard. Nicolas. Jean-Etienne. Eric"
RA-ALTA/fr-en-advanced,French,advanced,A1,basic,hobbies,1,"I'm working on a swimming pool in France. It's very exciting, because it is a beautiful place and there are many places of sport. I like play golf and go running in the countryside! I think that it's too dangerous! Moreover I am looking forward to hearing from you soon! Best regards. Sincerely. Michel Ambert. Nicolas P. Martin. Regional Manager. All rights reserved. Yours sincerely, Brigitte B.Igny. Jean-Marc Faure. Office Manager. Yolande G.Brigitte F.N.D.I.N.S.E.L.P.E.P.T.P.I.C.I.L.E.R.E.T.D.F.E.N.E.E.V.E.M.E.W.K.U.E.C.O.L.A.R.L.H.E.Y.M.I.I.E.K.E.S.W.O.I.K.I.U.N.I.X.X.I.Z.I.M.D.E.J.X.O.SP.T.T.N.W.E.U.W.T.E.O.X.T.X.U.X.F.N.X.V.K.O.W.X"
RA-ALTA/fr-en-advanced,French,advanced,B1,basic,holiday,1,"my name is Delphine. I'm twenty-five years old and I'm from France.I like holidays.I don't like playing soccer or tennis but I love playing football because it's relaxing too.There are three people in my family:my husband,my daughter and i. My son loves skiing and walking.He likes playing badminton. he can play the guitar with his friends. See you soon! Catherine. Delphine. Dominique. Gwen. Sandrine. Elise. Delphine. Elise. Manon. Elisabeth. Isabelle. Julien. Emilie. Charlotte. Manon. Sylvre. Claire. Nadge. Christine. Edwige. Nicolas. Brigitte. Elise Moury. Sophie. Christine. Elise, Laura. Jean-Philippe. Corinne. Corinne. Sylvie. Christine. Nicole. Delphine. Jean-Marc. Corinne. Karine. Sophie. Florence. Sandrine. Anne. Laurent. Marine. Vincent. Claire. Xavier. Corinne. Patrick. Manu. Damien. Marie. Carole. Franck. Jean-Luc. Christophe. Sandrine. Patrick. Christophe. Pascal. Franck. Maxime. David. Nicolas. Florian. Christian. Martine. Fabien. Olivier. Peter. Thomas. Christian. Michel. Corinne. Christophe. Marie. Patricia. Ludovic. Christian. Christian. Christophe. Christian. Bernard. Christel. Alban. Pascal. Thierry. Sylvain. Pierre. Gilles. Bertrand. Etienne. Franck. Olivier. Daniel. Julien. Yves. Julien. Philippe"
RA-ALTA/fr-en-advanced,French,advanced,C1,basic,family,1,"I would like to discuss with some of them. This is a kind of article that will give you some informations about my family. My parents are very interesting because they are both cute and funny. Sometimes they talk on their phone when they want. They also love to talk in class, but sometimes they don't always play on a computer. In fact this is a big family, it's very difficult to find one and more easily to do so. I think this is really important. I think we can be together and together with all our friends. Please let me know if you agree. Thanks for your attention. Sincerely yours. See you soon. Yolande, Rene. Manon. Best regards, Nicolas. Julien. Laurent. Thomas. Big family : your home is in Paris. It's a little village near the city. We live together in France. They usually go back to work in an office. Bye. Corinne. Julien. Julien. Pierre. Julien. Dominique. Christophe. Gilles. Vincent. Patrick. Damien. Pascal. Bernard. Dominique. Jean-Philippe. Xavier. Marie-Christine. Christian. Sandrine. Daniel. Catherine. Julien. Maxime. Christine. Christian. Marie-Franoise. David. Pascal. Olivier. Delphine. Jean-Marc. Patricia. Fabien. Manu. Fabrice. Clement. Franck. Florian. John. Alex. Sophie. Andreas. Michel. Patrick. Leo. Julien. Michel. Julien. Christian. Jean-Michel"
RA-ALTA/fr-en-advanced,French,advanced,A2,mixed,hobbies,1,"I'm here today to tell you something about our city. It's a beautiful country and we enjoy all that is possible. In fact, it's a great place for camping, because I love walking on the beach, or swimming pool... We have also many places of activity in my town : tennis, soccer,... The most important are parkings... And like the museum... I don't forget to go out and eat at one of the most famous restaurants... I hope you will appreciate it! See you soon! Domi. Jean-Marc. Sbastien. Politis. Christophe. P.L.P.C.I.E.S.F.I.T.N.O.P.E.R.D.P.T.M.H.N.T.K.K.Z.O.U.N.U.W.N.E.L.O.N.K.KE.SP.W.J.E.O.TH.K.NE.TE.P.O.E.T.W.ST.B.W.TER.W.V.U.Y.E.Y.X.N.W.CO.W.W.T.E.W.TH.KE.ROF.T.Y.P.A.E.N.D.N.TH.TER.WC.W.BA.U.M.T.U"
RA-ALTA/fr-en-advanced,French,advanced,B2,mixed,holiday,1,"I'm very happy now because i am currently in my country. I can visit and. I can't go outside because it's not easy. I hope that i will be able to do a good trip to the world. The time is great! If you don't have any more informations, we are going to talk on the phone with your new partner at 7 pm. Your wife can speak English fluently but I will explain you how long ago i lived in France. I will try to tell you what i want. See you later! Yolande"" Thanks for reading the letter. Best wishes. Elisabeth."" width=""800""/> </selection><tag><symbol>SP</symbol><correct>tags</symboline></change>I am a french girl and i have got two children. My boyfriend is born in May. He was born in July and he is a student in the school. Now, i am looking forward to hearing from you soon. Good bye Catherine"" borderline"" every day. Best wishes, Delphine"" xxxx"" width=""800</correct></tag></change> Hi, Nice to meet you too. Bye! Yolandie"" width=""200""/></correct> I love my house. See you soon. X"
RA-ALTA/fr-en-advanced,French,advanced,C2,mixed,family,1,"we are all living in the same house. My parents and my sisters like to be with them. They live together, and I'm sure that this family will change more quickly because they think it's easier for me to see them. If you don't know the news of your sister's birthday, here are some facts on which you can tell us:- First, when I was younger, I would say that the first one of our children is very good for their health and also for our happiness. We have been working since 2000 years, but now, we are not able to do anything for example, because the second one is not very easy to find new jobs. Moreover, we must make a point about what we want to do in order to create a better society. Furthermore, we can help people who need to understand and develop a better world. Moreover, I will conclude that this family's culture is changing and not getting too much attention. It's really important to understand the reasons behind these changes. Finally, my sister and my brother look forward to having a nice time in their life! See you soon! Xoops, Sbastien.xoops. xoops.fr.xoopers.com"
RA-ALTA/fr-en-advanced,French,advanced,A3,l2t,hobbies,1,"I'm going to go to a sports club in the south of France. In spring, I can play golf with my friends. We can also play tennis with them. On autumn, it's sometimes rainy but we can sleep in a big park and eat out all the night. The weather is sunny so I will be able to listen to music and dance. It'll be hot and sunny too. I think it will be great! Regards. Delphine. Bye. Nicolas. Yolande. Your town is beautiful. You will find many things near Paris and the beach. You can come back to the swimming pool and see the movie stars. See you soon. Michel. Best regards. Pascal. Yolaine. Yolanne. Sincerely, Seb. Bye Pascal. Yalande. Xoilef. Hi! Your city. If you are interested, please send me your email as soon as possible. Thank you for coming here. Yoliane. Yolanna. Xoiles. Xoiler. xoilef@gmail.com You must come back in my city. I hope this is very nice. Yolanie. My friend. Xoils. xxxxoilef"
RA-ALTA/fr-en-advanced,French,advanced,B3,l2t,holiday,1,", i'm happy to know that it's a little bit difficult for me to learn English. I would like to learn the new language and the foreign languages of my country.I can't speak anything but i will try to use it as well. I'll see your parents every days. I hope everything goes well. See you soon! Yolande. Sincerely yours. Bye. Sbastien. Your best friends. Goodbye. Bye Rene. Domi. Kind regards. Sbastian. Sophie. Katia. Seb. Sophie. Seb. Delphine. Dominique. Corinne. Nicolas. Philippe. Laurent. Laurent. Julien. Damien. Sandrine. Pascal. Laurent. Pierre. Fabrice. Eliane. Christophe. Julien. Thomas. Julien. Laurent. Gilles. Vincent. Christian. David. Michel. Adrien. Christian. Daniel. Alex. Maxime. Patrick. Jean-Luc. Franck. Michel. Olivier. Guy. Christophe. Dominique. Pascal. Olivier. Julien. Jean-Sbastien. Dominique. Fabien. Julien. Yves. David. Manu. Marie. Jean-Marc. Etienne. Alain. Julien. Florian. Yannick. Ali. Mathieu. Julien. Arnaud. Xavier. Julien. Camille. Christophe. Damien. Fabien. Pierre. Laurent. Eric. Christophe. Christian. Benjamin. Nicolas. Isabelle. Nicolas. Julien. Julien. Emmanuelle. Julien. Nicolas. Olivier. Roger. Pascal. Jean-Nel. Thierry. Christophe. Olivier"
RA-ALTA/fr-en-advanced,French,advanced,C3,l2t,family,1,", my family is very small and it's very important to be honest with them. In fact, I'm a little bit lazy and not really ambitious because I don't like talking on the phone. My parents are always quiet but they're too hard. They want me more easily and they can help me to become less anxious. But when we have children, we can get away from them. We have one brother, he's neither patient nor patient. He has a mother and father. His name is Gilles. He is a lawyer who works as secretary. My mother is fairly young and she is very easy-going. She is so nice! It's difficult for her to get married and marry. I love him because she is very kind and friendly. I think that his family could be different if there were some friends. My brother has two brothers, they are both clever and funny. They are very good at all times. Their job is very fun and interesting. They love me and they feel like their boyfriend. See you soon! Best regards. Maryse. Laurent. Sincerely, Gina. Goodbye. Christian. Your friend. Bye! Manu. Sincerly, Nicolas. Seb. Michel. Julien."
RA-ALTA/fr-en-advanced,French,advanced,A1,basic,hobbies,2,"the week end of my vacation. I'm going to go swimming pool on Tuesday afternoon. It's a big swimming pool with no dangerous water. The weather is hot and sunny, we are playing soccer or football. The summer holidays is cold and sometimes snowy but it's very fun to play computer games. I don't like sports because it's too tiring. In spring, I love sports. But I don't play golf because it's not exciting enough for me. And in summer I go to swiming or running. You could see all my friends. See you soon. Bye! Jade. Yolande. Christophe. Yolandie. Your town has many beautiful places and culture. You have many things to do : nature, nature... And you can walk in the sea. We will eat in a famous restaurant and drink some fruit. Bye! Regards, Chris. Coralie. Seb. Katia. Bye. Katia, Katia. Domi. Elodie. Manon. Sylvre. Julien. Pascal. Michel. Corinne. Jean-Marc. Pierre. Claire. Dominique. Jean-Philippe. Xavier. Franck. Christian. Sylvie. Laurent. Marie-Claire. Pascal. Manu. Daniel. Karine. Thomas. Isabelle. Patrick. Peter. Paul. Florence. Martine. Olivier. Julien. Nicolas. Thomas. Sophie. Christine. Sandra. Thomas. Gilles. Bernard. David. Nicolas. Anne-Marie. Laurent. Jean"
RA-ALTA/fr-en-advanced,French,advanced,B1,basic,holiday,2,", my favorite holidays are spring. I get up at 7 o'clock in the morning and I play tennis with my friends. We eat out. It's a good day for me. I go to the park with my children. My favorite season is summer because it's sunny and rainy. The sun shining over the trees. I don't like the colors of my holidays but I love them! Bye. Sincerely, Sophie. Your friend. Thanks for coming back in your trip. Best wishes. Sincerly. Sincerily. Sincerently. Rene. Sbastien. Best wishes for you. Sincerery. Christophe. Sincerry. Sincerty. Delphine. Sincery. Marie-Franoise. Brigitte. Sincerny. Nadge. Laetitia. Sincercy. Christine. Nicole. Dominique. Elisabeth. Elisabeth. Isabelle. Laetitia... Corinne. Nicole. Marie-Rose. Carole. Manon. Martine. Sylvie. Sandrine. Dominique. Julien. Nadge and Pascal. Emmanuelle. Manon. Delphine. Christiane. Florence. Florence. Martine. Nicolas. Maria. Florence. Carole. Jean-Marc. Martine. Marie-Pierre. Brigitte. Laura. Christine. Claudine. Christine. Manu. Claire. Cathy. Nicolas. Florence. Christelle. Maryse. Pierre. Anne-Luc. Manon. Florence. Christine. Christian. Francis. Nicolas. Lisa. Nicolas. Christian. Julien. Julien."
RA-ALTA/fr-en-advanced,French,advanced,C1,basic,family,2,", I'm sure that you would like to go with my children. I believe that the little sisters are very important in our society because they help us to make things easy. That's why, I think that it is not the best way to improve your children. This seems to be the first step of all for me to know if it will be possible to make a good job. However, I do know that there are few points in this picture. If you want to work with someone, don't hesitate to contact me. So, don't forget to give up your homework. Best regards, Chris. Good luck. Best wishes, Nicolas. Thanks for reading your articles. Sincerely yours. Yours sincerely, Marie-Franoise. Yolande. P.U.F.L.N.Y. Best wishes for your daughter. Let me know if you can speak about yourself. Love, Roger. Michel. Reply to : Manon. xxx@hotmail.com To start, let me outline the areas where I need to write your answers. Firstly, I will talk about what you want to do : you must pay attention to the fact when you'll spend time at home. Then, I hope to see you later. See you soon. Sylvie."
RA-ALTA/fr-en-advanced,French,advanced,A2,mixed,hobbies,2,", I'm writing about my city. In August, I visited Paris with my friends and we spent a great time on the Seine. The weather is very hot and sunny, but I'm going to go swimming pool with my boyfriend. In July, I have fun with my parents. We are sailinging together. It's exciting and interesting too! But it's difficult for me because it's more tiring than sports. The weather was rainy and sometimes cloudy. We were staying at home during the winter. Then, I took out my house and I went back home. Now I want to visit this city! See you soon! Yolande R.X. Your newspaper is coming soon. Yolande T.X.X. You're here. See you later! Yolande. X. Yolaine P.X. xoxo.xoxo.com. Bye! Yolaine PS. Xoxo. Bye! Yolaine. Xoxia. Xoxowo. Xoxa.xo.xoo.xo/xwydom/xoo. xoo.xoo/xoo/yolande/xoo I hope you'll appreciate it. Thanks for your attention. Yoliane"
RA-ALTA/fr-en-advanced,French,advanced,B2,mixed,holiday,2,", my name is john. I'm a french woman and i want to visit Paris in order to meet people who are different from me. My favorite holidays is the summer because it's too cold for me! I can go skiing with my friends but i don't like playing badminton or swimming in the sea. I have a very good time so we could enjoy the evening at night and we'll sleep together on the beach! I love the holidays in France. See you soon! John. Bye.John.R.N.""They're all happy to meet you. What do you think? How about that? Have you ever thought about the holidays? I hope your best friend will be able to see you next week! Love, Roger""I'm a student of French language. I wish you enjoyed it. See you later.""But if you have any questions, please let me know if you are sure you'll come back from your country. Yours sincerely, Michel""Bye, Nicolas""Hi, Jean-Marc""Bye"" See you soon!""Yolande"" See you later!""""There are many things in this city to celebrate Christmas, it's a little bit scary... You must have fun watching the monuments."""
RA-ALTA/fr-en-advanced,French,advanced,C2,mixed,family,2,"I would like to tell you why my little sister and my grand-parents are so different from me. My brother's name is Adrien, he has a large, thin, black hair, a small nose and two eyes. He likes eating chocolate. His parents are both lazy and funny. They're very happy, they can't play with them. It's difficult for me to imagine that my grand-mother has no problems, she doesn't care of her. But in fact, she has only one little daughter who has not a little. She's really happy with us, she's always happy but she never take breaks. My sisters are quite tall and fairly handsome, they look like their father. My grand-child is neither shy nor lazy, it's a bit too lazy and sometimes hard. It's a good idea, I hope we'll make some progress again soon. See you later! Nicolas. Yolande. X. Gilles. Edwige. Laurent. Pierre. Corinne. Julien. Pascal. Sylvie. Dominique. Christine. Sandrine. Manon. Philippe. Vincent. Christian. Jean. Paul. Bernard. Olivier. Laurent. Jean. Christophe. Isabelle. Peter. Michel. Jean. Michel. Christian. Thomas. David. Julien. Marie-Sophie. Claire. Catherine. Franck. Nicolas. Florian. Christian. Julien. Christian. Xavier. Jean. Christian. Christine. Pierre. Eric. Franck. Jean. Julien. Patrick. Franck. John"
RA-ALTA/fr-en-advanced,French,advanced,A3,l2t,hobbies,2,", I think it's very interesting. In my town, there are many sports : tennis, basketball, volleyball. In winter, there is a lot of snow. The weather is sunny and hot. I'm going to play tennis every afternoon. The city has also some park where you can see wild animals and nature. We can go out together on the beach with friends and enjoy to dance all night. It will be fun! Bye, Nicolas. Thanks for reading me soon! Your friend. Xo-xo.com! Best regards. Sincerely, Nicolas. Xo.Xo.com Thank you for your email, Yours sincerely, Brigitte P., xxxxo.info for your comments. Your friend. Yours sincerously, Yolande. Best wishes to you and your family. Yolande Yolande, Xo.com, xo.com See you later. Jean-Marc. Xo, xo-xoo.com See You. Leo. Xo., xo.co.com Do you like playing football? Xo.fr, xo, yolande, xo and yolande. You're free to go home at 11pm."
RA-ALTA/fr-en-advanced,French,advanced,B3,l2t,holiday,2,", my favorite holidays are holidays and it's very fun. I like to eat at the restaurant and go out with friends and we can see all the best restaurants. In France there are many famous monuments such as les thermes de la Fontainebleau, Notre-Dame des Sens, Le Pont du Luxembourg... There is a big castle built by famous artists. You will find also beautiful paintings and sculptures. It's really relaxing for me. See you later! Bye! Elisabeth. Katia. Xo/Wikipedia Thanks for reading this message. Best wishes. Rene. Yolande. Yolandes. Yoland. Xo: Hi Elisabeth. I love your new year. See you soon. Yolands. Christophe. Yolandie. Xo. Yolourt. Xo B&B. Xo;<<<IS<correct>/correct>I'm sure that you'll come back from your city. The weather is hot so you can play tennis or volleyball together. I hope to see you tomorrow. Yolourty. Nicolas. Z.Xo. Xo Yolourts. Corinne. Z. Xo, Xo. XO. Xo and Xo. Julien. Yolornay"
RA-ALTA/fr-en-advanced,French,advanced,C3,l2t,family,2,", I would like to speak with you as much as possible. For my part, my family is very different. We are both easy-going and friendly. My father's name is Jean-Philippe. He is neither lazy nor lazy, but rather clever. He works hard. But he has got some difficult tasks and always seems to be fairly professional. He can't help people and never give up on their own business trips. My parents' name is Sylvie, she's thirty years old. She's from France. They live in Grenoble. They are four people in my family. I'm very happy to have one sister and two brothers. And finally, I have a brother, he's twenty five years old. He's always happy and nice too! We love him! I think we're not very successful, and we must change our habits. I think that it's important to understand what we want. Best regards Sylvie. Pierre. Bye. Isabelle. Corinne. Sincerely. Marie-Franoise. Rene. Julien. Vallet. Corinne. Emilie. Anne-Sophie. Isabelle. Sophie. Isabelle. Sandrine. Elisabeth. Carole. Sophie. Manon. Nicolas. Patricia. Laurent. Nicole. Martine. Marine. Philippe. Sandra. Camille. Nadge. Julien. Emmanuelle. Delphine. Manu. Dominique. Florence. Dominique. Nicolas. Delphine. Christian. Brigitte. Vincent. Michel. Christiane. Catherine. Dominique. Pascal. Christian. Christophe. Xavier"
lilygoulder/de-en-beginner-learner-english,German,beginner,A1,basic,hobbies,1,", I am very angry about my family and my friends. My parents are running and playing soccer every day and we always need a lot of sports like football or baseball. I think that's why they should go on sporting games all afternoon. They don't need to go out alone because it is too difficult for me. In this time I want to improve my English skills by doing some exercises with young people. Therefor I hope to see how much they will have in their home-school and where I learn. See you soon! Michaela Ziegler, Thank you for your interest in our company. Best wishes, Nadja Baumann and Kathi. Best wishes Nadja Baumgartner, Achim Sieglinde. Tatjana Schiele, Karina Nastlova and Alex Gleb, Nils Khnelberg, Chris Baumgartner. Yours sincerely, Natalie Schiele, Johanna Plenermann, Sebastian Wichard, Mike Baumgartners, Sabine Mller and Bill Frster. Yours Irmgard Sohlke, Sabine Ederandreuterhunt, Tim Bastian and Ralf Bieler, Chris Baumnig, Tobias Mller and Sven Baumnig. All these things must be done by our city."
lilygoulder/de-en-beginner-learner-english,German,beginner,B1,basic,holiday,1,"I'm fine thank you very much for the great holidays! The best way is to go with my friends and everyone can come from Germany too! My favorite holiday in Germany is. We celebrate the birthday of our new husband. We also have a lot of fun and we are all free together and can go out alone at home. See you soon! Thomas Lffler, 1st July 2011 Dear Robert, Thank you for giving me some nice news about my holiday. In this year I'll be back to  you bye. Sabine.See you soon!Rolfram Hanks, Karl-Heinz Mller, HandyLadyshka Schirnda,Natalja Dsseldorf, Benedyktoberfest in Berlin.Have a nice day!Best regardsJensJannik Seitzacher,Sabine Hirschfeld,Michaela Walkenhauer,Sabian Walkenhauer.We're happy!Bye!JohnfriedmannMueller.Beate Wiesel.Friedzacher,Natalie Hirschfeld,Thomas Hirschfeld,Chrisabeth Hirschfeld,Benedyphanie Hirschfeld,Bertholdberg,Alexander Wiesel,Sabina Hirschfeld,Sabinaldorff,Nataljana Weinfelden,Yours sincerely,Stefan Hirschfeld"
lilygoulder/de-en-beginner-learner-english,German,beginner,C1,basic,family,1,"I think that I can only say a little bit of my parents, but my mother has also two children. My sister is fairly young, because she has two children. She doesn't like me. The father is always busy with her, she loves to be alone in a forest. But now it's time for me to get married. It would be better if we could help someone else. We need some more things. So we are going to find out what kind of families they are living there. And then we will not lose sight of me! I really want to do a lot of things together. All the best, Sabine Scheiner, I know a lot about our home and how much we live on this day. In the past we found a house where all rooms are equipped with the bathroom. Maybe we were so happy, maybe it would be very hot, too. If you dont like this place, please let me know if you don't like this place. Let us know, how fast it is. Love Monika Heinen/Jana Wifeckmann A. Mller A. He likes flowers, flowers and chocolate. I'm looking forward to hearing from you soon! Yours sincerely, Katrin. Mller, Daniela."
lilygoulder/de-en-beginner-learner-english,German,beginner,A2,mixed,hobbies,1,"/>Mexico City is a great city. It's always very interesting and exciting. But I don't like swimming or surfing, because it's not dangerous enough to go alone with my family. So I don't want to drive by car, because it doesnt rain but I'm afraid that we'll never be able to ride a bicycle. I think it is important to have fun at our local gym and have a lot of fun together. In our last days we are going to stay at home for breakfast or evening. This is a wonderful place where everyone will find their way to the outdoors. In addition to the summer we're going to have lunch. And here's another exciting time! I'm looking forward to hear from you soon. Sincerely, Achimeline Mller"" I've got some advices regarding our daily routine. Here's a list of the reasons why I'd like to discuss this as a result of a long time ago. So I could say about the fact that I would like to get around with friends before meeting next week. If you have any questions, please call me or write an email. Best regards, Kerstin Lffler""  I think it was a pleasure to talk about sports, so if you meet someone, you must be more careful with what you want. Don't hesitate to contact me now. Yours sincerly"
lilygoulder/de-en-beginner-learner-english,German,beginner,B2,mixed,holiday,1,"and in a few days I want to visit the city. But I haven't seen such a wonderful place because it is very beautiful there. It's not only nice but also exciting. There are many things that we could do for my family. In the evening, I would like to see the big trees which is now on me. The park with lots of sun-cream would be great and I will enjoy the good weather. What makes your trip? Thank you for your answer. Yours sincerely, Irmgard. M.Nassi. Mller. xxx@12344.com. Yours faithfully, Sabrina. Sincerely, Ecciella. Vredenheim - Germany - Munich - Munich - Frankfurt am Main - Stuttgart - Cologne - Cologne - Heidelberg - Cologne - Karlsruhe - Cologne - Erfurt - Cologne - Berlin - Magdeburg - Cologne - Bonn - Cologne - Munich - Cologne - Leipzig - Rostock - Cologne - Madrid - Cologne and London - Cologne - Regensburg - Cologne - Rome - Kaiserslautern - Cologne - Augsburg - Regensburg - Kaiserslautern - Kiel - Kaiserslautern - Kassel - Kaiserslautern - Kaiserslautern - Regensburg - Paderborn - Kaiserslautern - Leverkusen - Kaiserslautern -... See you! Sabine Mller. Best regards, Christiane."
lilygoulder/de-en-beginner-learner-english,German,beginner,C2,mixed,family,1,"I would like to describe my childhood as follows: My mother and me were married in 1979. We had two sons and we lived with him, but now I am still living. They both live together. My father's name is Stefan and he lives there at their home town. He has also one son and his daughter is very old-looking. My parents are neither lazy nor hardworking. I'm not happy to see this little family with her. But I'll never have any more of them than our sister. Let me tell you what you mean. In the past few years I'd like to study for some years. I know that many people around the world could be better educated, because I love reading books, talking on TV and playing tennis. What do you think about your children? What does your mind look like? The next step is to try new words from different kinds of phrases into a texting form. This way, we learn English and it's not easy to understand the meaning of each word. At least they will be used to talk to other cultures. I hope I can imagine how these ideas could change my life. Best regards, Michaela Schaefer""teacher@gmx.de""teacher."""
lilygoulder/de-en-beginner-learner-english,German,beginner,A3,l2t,hobbies,1,"is very exciting, especially when I was young. It sounds like a little boy but it's not easy to find one or two people together. In my village we have many places of sports such as basketball, baseball and swimming. We are sometimes very busy and play good games with friends. I don't want to move alone too late to work or go on business trips. The weather is also great, so I'll get some interesting ideas. And there will be much fun if I could be more careful about other activities. In my old days I'll see my family, that they got lots of free time, maybe maybe i'd like to visit them. We need all these things together. What's better? We're going to have some fun. We would love to meet friends for our leisure time. See you soon! Best wishes, Nicole Heinenhaus - HR Manager GmbH Job Description: Your jobs are important for your success. Please let me know if you think this job offer is suitable for you. Best regards, Chris Khnelke - HR Manager Marketing Manager GmbH, Hamburg - Personalmanager Industry: Office manager Location: Hamburg Hamburg, Hamburg - City Manager Location: Munich - Germany Job duties: Design adverts, manage projects and working with sales to build client base We have the opportunity to design adverts. You will find out which areas you are looking for. Thank you."
lilygoulder/de-en-beginner-learner-english,German,beginner,B3,l2t,holiday,1,"I will tell you something about our holiday last year. The weather is wet and it's very exciting. It was a great experience at the hotel, so we had a lot of fun. We went to the beach, where we played playing tennis. So we went to the cinema there, where we could play some instruments. In this time we were really excited. But the best thing is, that we can make music with us. See you soon! Monika S. Jrg. Thank you for your answer. Your friends, Sabine Heinen, Ursula Rohlke, Ute Weinmann, Petra Weber, Kerstin Bohlke. Best wishes, Irmgard Heinen, Susanne Mller, Sabine Rohlke. Thanks for your mail. Yours sincerely, Nadine Mller. See you later! Yvonne Mller, Tanja Dsseldorf, Angela Weinmann, Kerstin Ehlersbach, Sabine Tietzschler, Lisa Wangerfeld, Melanie Nastbach, Kathi Fiedelsberg, Thomas Vredenheim, Markus Sielheim, Sebastian Dsselderschmidt, Martin Greinerhof, Peter Putzer, Christian Schwitz, Michael Weinmann, Thomas Schweiger, Robert Zeiler, Ralf Zimmermann, Thomas Blausenburg, Sebastian Ziegler, Jochen Tietzschel, Olaf Schilling, Sascha Heinen, Peter Frster, Klaus Wangerfeld and Paul Kehrsfeld, Markus Wangerfeld. We are happy"
lilygoulder/de-en-beginner-learner-english,German,beginner,C3,l2t,family,1,"I am a very unhappy person and it seems to me that there are some things where you can't afford. My mother is always at home and she doesnt like phones with her father. She doesn't like phones but they are expensive. It's not easy for us. I am looking forward to hearing from you soon. Best wishes, Maria Righter, HR Manager, Stuttgart - all.Yours sincerely! Mrs. MllerAge: 25Birthday: 11 SeptemberLike doing: cooking, shopping, reading, listening to musicFavorite: summerDay: SaturdayNumber: 13Hair Color: GreenI am happy.Best wishes,Mrs.Mller: Thank you so much for coming.See you next week in your new office.Kind regards,Karl-Heinz ZieglerUte MllerGoodbyeMrs. Righter, CEO of Global IT Company!Best wishes,Manfred HeinenPhone number: ### ### ##,## ####Best wishes,Martin SchnurZiegler: CEO of Global Marketing Company, StuttgartManfred Heinsinger is one of our best salesmen's suppliers, we know, that our company has become more competitive as our product manager and we work together with Big Hat. We also need to develop our website for advertising campaigns.Best wishes"
lilygoulder/de-en-beginner-learner-english,German,beginner,A1,basic,hobbies,2,"! I like scuba diving because it's relaxing. In my town we are not alone. We have also got a lot of fun with nature, so we can go swimming. The weather is very good. It's going to be very hot and sunny. I love it. We play tennis on Saturday afternoon. So it's going to rain all day long. See you soon. Bye. Sabine. Sabine. Sascha. Sabine. Kerstin. Kerstin. Tanja. Ute. Martina. Anna. Kathi. Kathi-Karl-Heinz. Anna. Annett. Olaf. Olaf. Sven. Thomas. Michael. Ralf. Hans-Heinz. Christian. Michael. Michael. Horst. Thomas. Sabine. Lothar. Matthias. Karl-Heinz and Manfred. Hans-Josef. Martin. Heer. Ralf. Thomas. Thomas. Rolf. Wilfried. Heer is a great city. Heer ist famous for many sports such as football, soccer, baseball and baseball. He has lots of fun and he has some interesting games too. He likes to learn to play his own horse and he loves to listen to music. His name is Uli. We are always interested in other sports. But don't miss me now, I'm sure that I'll get back soon."
lilygoulder/de-en-beginner-learner-english,German,beginner,B1,basic,holiday,2,"I haven't a bad year for my family. My favorite vacation was in Berlin and London. It was very nice at the beach. The weather was excellent but it wasn't good. All of us had a wonderful trip. We were so happy with this holiday. What do you think? Best wishes, Daniel and Katharina. Your best friends are well. See you soon! Bye. Sabine. Greetings from Germany. See you next week! Bye! Katharina. Greetards from Dresden. Thank you very much! Achim. Hugs, Monika. Greetays from Berlin. Best wishes, Achim. Greetay, we can come back from your home town. Have fun! Greetings bye. Tobias. Greetarts from Leipzig. Greetown. Greetowns from Berlin. Greetorussia from Hamburg. Greetors from Leipzig. Speak to your place in front of the house. Greetars from Leipzig. Bye! Greetours from Leipzig. Ines. Greetour. Greetness from Leipzig. You will be glad to see you there. Greeturges from Leipzig. See you later! Greetls from Leipzig. Yours sincerely, Christian"
lilygoulder/de-en-beginner-learner-english,German,beginner,C1,basic,family,2,"I would like to say that my mother has to be a little older than me and she's neither a big nor slim. My sister doesn't know how much this daughter live, but now she got married in a small family. She's also not interested in big-income families because she wants to have a lot of jobs. But they're not interested anymore and if you want, they can afford it more than a normal pensioner. This is why I'm looking forward to hearing from you soon. Best regards, Katharina. Werner. He's a nice person but I think he isn't a good guy too, so I'd like to tell him something about him, so he hasn't always been able to do his job in a high school. But she didn't get up at all and now she's just having one child. They don't get enough money because of financial problems. So I think we are going to take care of the future, too. We are still living there! All the best, Sabine. See you later..., Linah H. (Donna). Yours sincerely, Linda Nguyen. Thank you. Yours sincerly, Linda Nbuyen. He's very kind, but it's not only hard to make changes, but also easy to find. If you don't see the other parents then you will be happy with your family, I am sure you'll never forget it!"
lilygoulder/de-en-beginner-learner-english,German,beginner,A2,mixed,hobbies,2,"I like to participate in sports such as football, basketball and baseball. In my opinion it is a great sport which I think about all of us. There are many different kinds of sports like golf or soccer. They offer different types of music, such as basketball or badminton. A lot of people prefer playing football because they feel better at their home and on the other hand they often have problems with the equipment but they also like doing yoga. On top of that there are so many restaurants and bars for everyone who does not need these kind of sport. I'm looking forward to hearing from you soon! Best regards! Natalja N. Weber, Bastian Brandt, Michael Mller, Thomas Aschoff, Michael Frster. The best sport I've ever heard since years. You can't imagine what this year? All three things I found out are very important for me. And how many people can do after that? Let's go along when I will tell you why I want to improve my educational education. Regards, Grit Ruthera Schillinghausen, Johanna Ziegler, Melanie Dittner, Sebastian Bock, Sascha Frster. In the end, I'd be glad if you could spend more time outside. Please let me know if you'll be interested! Best wishes, Dominique Khlmann"
lilygoulder/de-en-beginner-learner-english,German,beginner,B2,mixed,holiday,2,"I want to visit a beautiful beach in the summer, but I have a little time in this autumn and a little bit of fun! But it is very relaxing, because I have been travelling around the world. It was a dream for me. At first I visited the beach. In the evening I made some chicken sandwiches and made a lot of dessert. My favorite food was my coffee drink. Then we had a dinner with Pierre LaRouche. I hope that's not enough! See you soon, Natalja"" bye Maria Gleb. xxx@gleb.com We went on camping in the summer! Best wishes to you, Dominique"" bye! Monika"" bye Sabine"" bye Birgit"" bye. Daniela"" bye Manfred"" bye, Julia"" bye Sandra"" bye Gleb.com"" bye... bye Kerstin"" bye Kerstin."" bye Martina"" bye Susanne"" bye Andrea"" bye"" bye Lisa"" bye Karin"" bye Martina.orgay to our holidays! Greetings from your friends! Bye Sabine"" xxx@gfr.de Bye Kathi"" bye Brigitte"" bye... bye Sandra.orgay or bye"""
lilygoulder/de-en-beginner-learner-english,German,beginner,C2,mixed,family,2,"I think that's not easy to understand. My mother and me are both very happy. My parents have got an average income of $35.000 each year and my father is also taller than me. We have also in our last years a lot of family with a small family. They earn a little bit more money than me. It will be much better if we get this job. We would like to have children who love to live there. Kind regards,Kerstin Heinenbach, Petra R.A. from Germany, I''m looking forward to hearing from you soon.Yours sincerely,Kirsten Khnel, Maryanne Schielehner from Germany.Have fun with you!See you later!Bye!Sabine.Ursula HeinenbachKerstinHansjakowski,Lucy Ruschke from Germany.Let me know what you mean.Your wife Anja Bastian from Germany.Kind regards,Nadja Mller from Germany.Best wishesJane Ruschke,Sebastian HeinenbachI can't imagine how old your first child lives.You always wanted to visit a young man. I am sure we could study and work together but it wasn''t hard for us.Kind regardsKerstin"
lilygoulder/de-en-beginner-learner-english,German,beginner,A3,l2t,hobbies,2,"! You don't like football or badminton, it's going to be boring, so you'll have a lot of fun. I'm sure that my friends are also very friendly with me. The first time we started playing soccer is not allowed but if we will start playing sport they should remember all things. That's why I want to make some sports in our city. On Saturday morning we eat out in a restaurant and then go shopping. But after this we'll see them in a big bar. The last thing I could do is swimming because it's too dangerous. Maybe we'll stay there on weekends? See you soon! Kerstin Heinen, Christian Nehalf, Katharina Schewe, Martina Ziegler, Sabine Hegering, Susanne Khnelke, Tanja Mllermann, Sabine Aschofferschekner, Ursula Krause, Sebastian Bockbach, Wolfgang Frsterberg, Tanja Leutzfeld, Michaela Paltrowski, Tobias Mllermann. Best regards, Katharina Aschoffersches, Stephanie Lfflermann, Kerstin Khnelkes, Heike MllermannThank you for giving me your interest!Best regards,Kiels,Ursula Rietholdmann,Ursulla Mllermann"
lilygoulder/de-en-beginner-learner-english,German,beginner,B3,l2t,holiday,2,"I'll visit the city of Hamburg and observe a famous festival. We arrived at this year with an amazing hotel near the beach. It was very exciting! The hotel was so beautiful and we had enough room for swimming. After a long time we could go sailing. So far, that evening we were able to enjoy the cold weather. This event is one of my favorite holidays. So we are sure that it's really cool and windy. What will be the best? Love Sabine. See you soon! Anna. See you later! Ursula. See you next week. Yours sincerely, Nadine. See you again! Linda. M. Mller. See you then! Yvonne. See you. Nicole. See you! Simone. See you tomorrow night. Michaela. See you first time. Sabine. See your new friends. Bye. Ursula. See You soon! Andrea. See you back from Germany! Achim. See you, Lisa. See you now! Daniela. See you today! Manuela. See your wife. Bye! Katrin. See you here! Daniela.See you soon! Kerstin. See you right! Bye. Martina. See you there! Goodbye! Sabine. See we are still in a great city! Bye! Sabine"
lilygoulder/de-en-beginner-learner-english,German,beginner,C3,l2t,family,2,"I like to explain my opinion that this book's topic was very important to me. For example I would like to say that I have two children. They are both happy, and as my parents were not able to know all the other things they had. They also need a lot of time, but there is no way to learn more about them. And this book makes me feel better. The most important point for me is that it has been written before, but that the whole family is still alive. What do we want to do? It seems to be a good idea, because the older generation had a similar situation. My main reason why I think that my brother had a bigger family than our father and we could spend more time with him to find out what he liked. Moreover, his name is Gudrun. He was born on September 16th 2010 at his home town. There are many different families with little family, but also we can't afford a baby, so we could get a child from now. Furthermore, we could get some friends from other countries. So I am sure, it will be great if we can see where our parents live together, how they love each other, which means they are all-one-two years old."
lilygoulder/de-en-intermediate-learner-english,German,intermediate,A1,basic,hobbies,1,"I have to say that there are so many things in my town, but it is not a good idea to go swimming or surfing the internet. We are going to go sailing because it's too dangerous for me. But this is what we could do. We also like dancing in our own village. It will be very exciting, if we will play together. It should be fun. Therefor I would like to visit the museum or maybe to listen to music. I hope all of us enjoy sports, too. What do you think about this? Yours sincerely, Ute Schleicka Mller (Sabine Khlig) (Hirteen years old), Katharina Sohl (Gabiya Gleb) (Lucy Tietz) (Wolfram Ahlenbach) (Kelly Mller), Sabine Schleick (Thank You!) (Heinz Fahnmann) (Natalie Claudwig) (Karina Ziegler). I am really looking forward to hearing from you. See you soon! Ursula (Maria Nessels) (Jana Racholda) (Katharina Schleicks) (Claudwig), Katrin (Katharita Schleicks)) (Tatjana Racholds) (Friedz Mller), Michael (Klaus Heyer) (Lehrer/Lehrerin) (Christin Schwenninger) (Beate Schleicks)."
lilygoulder/de-en-intermediate-learner-english,German,intermediate,B1,basic,holiday,1,"I've been in London for some time. My favorite holidays is the autumn festival. We took a tent and made a big shower. In the summer we had a little party. It was really great! But unfortunately it wasn't enough to go out. I don't know what I can do now but I'm very happy. See you soon. Regards, Maria Lffler, Martina. Nice to meet you again, too. Best wishes, Sabine. Sascha. Sabrina. Greetings from Berlin. Yours sincerely, Achim Greeting. Greetymoon. Tanja. Greetike. Greetys dearly. Greetisabeth. Greeti. Greets from Germany. Goodbye, Achim. Greetie. Greeties from Germany. Bye. Kerstin. Greety. Greetou. Greetyna. Greetuebke. Greetig. Greetiy, greetie. Thomas. Greet's nice. Bye! Greetie, bye. Greetory. Greetor's new year. Greetown. Greetail. Greetery, bye! Greeting. Bye Greetie."""
lilygoulder/de-en-intermediate-learner-english,German,intermediate,C1,basic,family,1,"I'm talking with my boyfriend in our last newspaper. His name is Bobo and he's taller than his father. He has long straight blonde hair but short brown eyes and big blue eyes. He's very handsome and thin. My sister has short brown hair and white eyes. She looks like my mother, who is fairly tall and thin. I think we are both as people, because they aren't good at me. But it would be nice if we had a lot of fun. Maybe we could make this party together. See you soon! Chris S. Mller I am writing to you. Bye! Amy. Karin Lffler. Manager of a big company. Goodbye, Tanja. Daniela. We are looking forward to hear from you soon. Best wishes, Paula. Anja. See you! Birgit. Thomas. We are just two months old now and a little bit younger than us, so we'll love you. Kind regards, Nadine. Greetings, Susanne. Yours sincerely, Sonja. Sabine. Ziegler. Goodbye. Katrin. Best wishes bye. Tanja. Greetie. Kerstin. Best wishes for your interest. Ursula. We're all three years old. Let's go out."
lilygoulder/de-en-intermediate-learner-english,German,intermediate,A2,mixed,hobbies,1,"I like to meet my friends and play soccer, but in my town is not a good place to go sports. I don't want to drive by car or swim because it's dangerous. It was a pleasure for me. In the afternoon we eat out in our garden, eat together with friends. We are playing tennis every evening and we have a lot of fun. I like to see my friend Peter and his wife. I love swimming. I like walking and playing badminton, but sometimes I think we can learn different languages and different types of music. I hope I can make some changes too. Yours sincerely, Naela Heinenbach. Naela Jansen. Naelas Tennis - Live at La Maison restaurant. I'm looking forward to hear from you. Bye. Naella. Bye! Naela. Sabine. Sabine. Thomas. I'm very happy about your time. Please let me know if you can come. See you soon. Nael. Anja. Naelja. Sabine. Best regards, Sabine. Sabine! Sabine. I'm not sure why I should try to reach my goals. Have a nice day in your town. What do you mean? Naela"
lilygoulder/de-en-intermediate-learner-english,German,intermediate,B2,mixed,holiday,1,", I'm very happy to hear from you and have a good time in Oslo. I hope that I can give you some information concerning your holidays last year. So far I have not been able to tell you anything about my trip with the hotel near Paris, France or abroad. But I haven't visited any other country like Turkey but I will come back at this moment. I really love it! I'll be glad if we are going to visit this place! Bye! Nina, I'm so sorry. See you soon! Best wishes and see you soon, Sascha. Kerstin. Michaela. Martina. Sabine. Olaf. See you next week. Best regards. Karin. Heike. Yours sincerely, xxx@gmx.de. Yours Daniela. Tanja. Peter. Anna. I don't know why you should stay there for more than two weeks. You're right? Yours sincerly, Katrin. Sabrina. Tanja. Bye! Nadine. Ursula. Franky. See you again tomorrow evening...Love, Sascha. Christian. Greetings Anja. Greetays Martina. Sabine, I'm fine, thank's for your invitation. See you later! Kerstin. Monika. Katharina. Greetay. Michaela"
lilygoulder/de-en-intermediate-learner-english,German,intermediate,C2,mixed,family,1,"I would like to give up my own home, because it's very interesting and rewarding. But i think that everybody knows what to do at school. I don't want to talk with people and I think they can learn in different situations without having to be involved. As long as we can help us understand our society and our environment, I'm sure that my brother will find his way through the work of some other young people. My mother also wanted to live in the middle of her life. I'm sure she will get used to working in this field of development. We need your support, but I really love my job. With kind regards, Christiane Mller Mller. Kind regards, Christiana Nastweg. Ines Nastweg 1. The first step is to take care of the children, so if you are going to meet them on time, then they'll see that they're going to know eachother. It sounds really exciting, isnt it? Please let me know if you are interested. Best wishes to all. Bye! Juliane Mller. Kerstin Schewe. I'm looking forward hearing from you soon. Yours sincerely, Christiane Nastweg""... I'm looking back to the next week. What do you think about the last days? I am happy to hear from you. Let's go out together and I hope you come! Yours sincerly, Christiane."
lilygoulder/de-en-intermediate-learner-english,German,intermediate,A3,l2t,hobbies,1,"I like football, because it is very exciting. It's not only fun but also interesting. In my town there are many things to do. The most important thing is that we can get up with all kinds of sports on a daily basis. We have lots of friends from everyone, so I think that is why don't you try to make music. So we need some dance classes. The best of all is to go to salsa or ballet. You will learn about other cultures. But the most famous festival is the festival of Tenerife. I'm sure you'll love this Festival. We're going to listen to pop and dance music. Maybe maybe you could come back. Best regards Werner Schobertsdorf! Kerstin Mller, Stefan Riethmann, Chris Lffler and Sven Heinen. And finally, we are going to play soccer. See you soon! Franke. Karin S. We're having a great evening in Hamburg. Bye! Kerstin. Sabine Ziegler. Your friend Christian. She's playing the piano, she likes it. Kind regards Kerstin. Anja. Her name is Ute. I'm wearing red trousers and blue jeans. She loves her dancing too, she doesn't like scuba diving, she's always funny, isnt she? She is a good singer, she's happy. Greetings"
lilygoulder/de-en-intermediate-learner-english,German,intermediate,B3,l2t,holiday,1,"I'm so happy that we can see us in Germany again at the same time. We are a very beautiful holiday destination and for the reason of our travel experience it is my best wish. Best wishes, Peter Gupta, the Travel-Hugh-Boarder and The Tourism-Consultant. Best regards, Thomas""  Sincerely yours.Hi! Natalie.I am really pleased to hear from you.Best wishes,Thomas""Benedykt""Sincerly,Sebastian""Kerstin""Florian""Steffi""Ralf""Benedys next holidaysSabine""Carson""Thursday,August 29th See you soon,Chris""Jun""Gupta""Petra""Sincersee,Michael""Ralfsdorf""Ute""Benedies,Bye!Sina""Kerstiner""Natalie""Tobias""Eric""Sincomments?Kind regardsLinda""Kerstistation""Goodbye""Ralke""BenedaysBenedyken""Dear Tim""Werner""Luise""Best wishesMaria"
lilygoulder/de-en-intermediate-learner-english,German,intermediate,C3,l2t,family,1,"I think that we can do something about our family because it's very important to learn something from others in different way. One of my favorite subjects are housework, so if I don't know what is going on in my life, we could go there for example to a school with my brother in my house. But the same time I'm talking about how much money I can buy, but not all things like clothes and clothes. I also love eating out, because I enjoy reading books every day. I want to talk more with people, too, than make friends. Maybe maybe a couple will come back together again at home or get married soon! My husband is called Peter. He has long, straight blonde hair and blue eyes. His name is Roland. He likes to play guitar and he always doesn't like hearing the sound. It seems to be an exciting place in his life. But even when we're happy with him we won't find any other friends, so he thinks he wouldnt wear any kind of sunglasses. He wants to sing a song, that was good enough for him, because he didn't like earrings or earrings. What does this mean? I am sure, you'll see me next week..."
lilygoulder/de-en-intermediate-learner-english,German,intermediate,A1,basic,hobbies,2,"I like running, swimming and going surfing because it is boring. I like football or baseball because it's very interesting. I like reading books but I don't like playing badminton or tennis because it's not so exciting. It's very relaxing and fun. In my opinion it's not too difficult to go scuba diving. My favorite sport is sports such as sailing and skiing. The best thing is that everyone likes running in this country. We all have some friends who can play a lot of games. See you! Your Friends at www.john-tiles.de. We are looking forward to hear from you soon. Yours sincerely, Sabine Havelfeld. Thank you for your email. Kind regards, Sabine. Michaela Heffler. We're happy to see you there, if we could make our trip into the world. Bye, Chris Shlmann. Good luck. Martina Mller. Greetings bye, Sabine. Thomas. Our company has made a great holiday together with us. See you later on Monday, June 29th, 1pm. You are here. What about being at home? See you! Karin. Greetays Thomas. We're looking forward to meet you. Best wishes, Sabine"
lilygoulder/de-en-intermediate-learner-english,German,intermediate,B1,basic,holiday,2,"I have found a really amazing holiday for you. On the first day we went in a great hotel near the sea. It was very interesting and very relaxing. The weather was warm and sunny but also the weather was cool. Then we had a wonderful party with all of us, to eat together. After dinner we took a shower and washed our dishes at night. We visited each other, they were very friendly and tidy. Finally we met a little girl, who lives there in his own family. She is still living. She has got her mother in the house of a big estate in London. In summer she goes to the beach and watches movies at night. I hope you will enjoy it! See you soon. Sabine. Greetings Martina. Greetie. Greets Anna. Greeties. Greetys. Greetor. Greetines. Greeting. Greetays. Greetians. Greetials. Greetiens. Greetianja. Greet's daughter. Greetisdank you. Greetiella. Greetish. Greetios. Greetia. Greetien. Greeti. Greetinay. Greetig. Greetischeske. Greetike. Greetja. Greemina. Greetio. Greetias. Greetich. Greetiestel. Greetiker. Greet. Greetikennords. Greetistsohn. Gre"
lilygoulder/de-en-intermediate-learner-english,German,intermediate,C1,basic,family,2,"I'm talking with my wife on this day in her last meeting. She was born on August 27th at 8 pm. It's not only because of its size but also because of their beautiful nature. My husband lives in London but he has long straight brown hair and big green eyes. He likes to play football every afternoon but she is very taller than me. I think that it's also worth doing so much money. And i like my family and even more because they can't afford me. I don't like my family too, nor do we all want to see our daughter. Please let me know if you are interested! Yours sincerely, xxx@gmx.de. Thank you for your interest! I am happy to hear from you soon. Kind regards, Nadine Ziegler, Anna Ettner, Katharina Ziegler. I look forward hearing from you. Yours sincerly, Johanna Schewe. Martina Schewe. Thomas. Heike. Greetings, Sabine Lffler. Sascha. I am looking forward to hearing from you again. Best wishes. Bye! Anja. Sabine. Greets, Linda. Sandra. Greetlich, Katharina. Your friend. Tanja. Goodbye. Manfred"
lilygoulder/de-en-intermediate-learner-english,German,intermediate,A2,mixed,hobbies,2,"I would like to discuss my topic in a few articles, but unfortunately it is not possible for me to answer them as much as in other parts of Germany, except that there are some things which I have already mentioned before, such as a swimming pool and the swimming pool at the weekend. I think I should be able to make a lot of sports when you meet friends or listen to music. I also want to tell you something about a lot of different kind of sportive activities. Please find enclosed a budget outline including all my personal experiences, my finances and savings per year. My last point is, if there are more than enough opportunities for sports on this website you will get more information. Please let me know what I need in order to show myself with my name and my address. Best wishes, Jannik Ehlertner, Thomas Hoyerswerder, Daniela Mller, Frank Wieland, Achim Nast and Ralf Lffler. We are looking forward to hearing from you soon! Best regards, Stefan Dsseldorf, Werner Wieland and Sebastian Vetter. Regards Markus Mller, Matthias Waldbach, Stephan Ruckelberg, Michael Weber and I'm looking forward to hear from you. Best regards, Sascha Seefeld"
lilygoulder/de-en-intermediate-learner-english,German,intermediate,B2,mixed,holiday,2,"I have been vacationing since two years. But my dream is to travel a lot of times and see the world. And this trip will be a very interesting experience for me. See you soon!Nataliektner@gmx.deHelloAnna. I'm fine, thanks. What's your story? I hope, that we are in Oslo. There was a great holiday every year. After a few days we went to a hotel and after several days it became so exciting. So we visited the beautiful beach which is called the Great Wall. It was really amazing there. See you soon!Sabine.Natalieksandra.Telephone number ########## ######Yours sincerely,Johannes SchillinghauPhone xxxxxxxx@gmx-net.deEugen.Karl-Heinz.comBestwishes,Lena.Munichthel.RegionalBenedyktnerDrsula.Greetings,Ute.Natalieson,Bernd.Natalja.Ralf.SabinePetersenbach.Natalina.Ralfsdorf.Natalia.Katharina.Nataly.Natali.Natalielaylor.Natalion.Germany"
lilygoulder/de-en-intermediate-learner-english,German,intermediate,C2,mixed,family,2,"I would like to write up my autobiographical essay in an article, because it's quite interesting. In this essay we have some ideas why i would want to find another person who wants to live and work with my wife. Firstly, i think, my daughter is very beautiful and not a little bit shy but also dangerous. Secondly, my son is really intelligent. He's always he's happy and friendly. Furthermore i would love to talk about his life. The last two topics are discussed. One reason for me that i had a lot of fun when i got married. I would prefer to do something new at home with my husband. It seems to be more exciting than it is with him. Finally, my mother is very nice and she has a strong sense of humor and affection. In the end i would like to make friends. I look forward to hearing from you soon! Best wishes, Natalja Heinen - Manager for Big Family! See you next week. Love. Daniela Lffler - Manager for the company of Big Family. Please do not hesitate to contact me if you need more information. Sincerely, Nadja Mller - Manager of Big Family: www.my-girlfriend.com. Yours sincerely, Sabine Nast - Manager of our company."
lilygoulder/de-en-intermediate-learner-english,German,intermediate,A3,l2t,hobbies,2,"I like playing football, football or badminton because it's always very interesting and exciting. I like sailing but it's not so easy for me too. You should stay in a sports club. I think that is great. I don't know how much sport there are going on in my city. In the evening we will go dancing together. We have fun and dance music. It'll be great if you get up at 10 o'clock. I'm looking forward to hearing from you soon. Yours sincerely, Christian Sandner 1st September 2008. All things needed! You mustn't wear sunglasses anymore. You can wear clothes and shorts. The next time, you need sunscreen. Have fun! Bye, Daniel""...Bye! Paul.""I am looking forward to hear from you again.Best wishes,Sascha""Sabine""Sabina""Tim""Greetings,Bernd""Sabry""Michaela""Best regards,Daniel""Thomas""Best regardsHorst""Kerstin""Kind regards,Berthold""Diane""Best regardsAlexandra""Best regardsSteffi""Best regardsKerstin,""Best regardsUrsula""Best regardsMichaela""ReferencesLinda""Best regardsJohn""Best regardsChris""Best regardsJulia""Best regardsEugen""Best regardsMartin""Best regardsJohanna""Best regardsRalf""Best regardsPetra"
lilygoulder/de-en-intermediate-learner-english,German,intermediate,B3,l2t,holiday,2,"I was visiting the Netherlands last weekend and we were having a wonderful stay at the beach. But we had a great time here. It took many days for my passport to go out with friends. We enjoyed this vacation because it was very relaxing. In the evening we got a shower and brush our teeth. I went to the bars and drank some coffee. The weather was good! And when we came back home we didn't have enough money. All the best. See you, Katrin. Bye Sabine. Nadine. Cheers, Tanja. Nicole. Cheers. Sascha. Cheers. Bye. Thomas. Cheers! Anja. Cheers? Cheers. Heike. Cheers! Bye. Cheers... Cheers. bye..Cheers. Martina. Cheers.... Cheers. Thomas. Thomas. Greetings from Germany. Nice to meet you. Bye. Olaf. Cheers again. Let's go out together with you and see you soon. Best regards. Ursula. Cheers and Michaela. Cheers!! Cheers! Cheers. Bye! Cheers! bye. Cheer. Buying your suitcase. Best wishes. Bye Ursula. Cheery. Cheers"
lilygoulder/de-en-intermediate-learner-english,German,intermediate,C3,l2t,family,2,"I am looking for an interview with my sister, her husband and me. She is neither very shy nor easy-going. My son is fairly ambitious but his father has not enough to do it, so he must be careful when they are unhappy. His name is Irmgard. He is tall and thin, but his wife is also thin. She is quite smart and hard-working. Sometimes she doesn't like being a bit lazy because she isnt good at speaking English. But sometimes she is too difficult. I think that's really important! Yours sincerely, Kerstin. Mller. Thiefes. Sabine. Wentembermentary, August 28th 2011 at 1pm The survey of our company has been conducted over four years. We feel good in this job. Unfortunately we don't pay attention on the fact that the sales are not reliable. Furthermore we would get more money for new products if there were any problems. As we can see our new product is just as expensive as the old one. We look forward to hearing from you soon. Best regards, Sven. Gabyel, Daniela. Nastie. Rinaldo. Havel. Greetings, Karin. Ewald. Horst. Vossmann"
lilygoulder/de-en-advanced-learner-english,German,advanced,A1,basic,hobbies,1,"I want to go swimming or walking with my family. I like sailing because it's fun. In spring I'm going to swim, but it is not easy for me. We play soccer every day at 8pm. I love swimming and dancing. I hope that we will enjoy our sports. Please find enclosed a budget outline including all necessary information about my daily activities. You should make up every morning. If you have any questions please email me. Thanks! Bye, Sabine. Mller. Dusseldorf is very good for your situation. I am happy to hear from you soon. Best wishes, Thomas. A.S.: Hamburg is great. I wish you good luck. Greetings, Christian. Mller, Susanne. I am looking forward to hearing from you. Kind regards, Ursula. Mller! See you! Klaus. Goodbye. Uhlen. Uhlen/Uhlen. Uhlmann. Khnelbeck is very good. You are well organized. You can do some sport like basketball and football, but also baseball. I am glad to meet you. Best wishes for you. Sabine. A.U. I am going to go running with my family and my family. You can dance, sing, play soccer and listen to music. Best wishes..."
lilygoulder/de-en-advanced-learner-english,German,advanced,B1,basic,holiday,1,"I would like to thank you for giving me a wonderful vacation. On the first day I will go by boat and meet my friends in the great hotel of Oslo. On the second day I'll make a trip to the beautiful beach. It is very nice when it comes to. Then I hope you can come! Bye Sabine. Thank you for your help. See you soon. Yours, Daniela. I look forward to seeing you there. Best regards, Daniela. Good luck and good luck at your visit. See you later. Monika. Greetings from Berlin. Greets all! Bye Katrin. Sabine. Greetie. Greeties from Berlin. Bye Tanja. Greety. Greetymoon. Greetays from Germany. Bye Kerstin. Greetay from the UK. Bye! Greetings in Berlin. Greetown from London. Greetery, Anna. Greetely yours, Sebastian. Greetly, Sebastian. Goes back to New York, where we had many holidays. See you then! Greetighe. Greeting. Greeti. Greetily yours. Greetime. Greetyna. Greetbye. Greetighove"
lilygoulder/de-en-advanced-learner-english,German,advanced,C1,basic,family,1,", I would like to tell you something about my sister. She lives in Berlin, Germany and she has some problems with her language skills. My mother likes her English because it's very difficult to speak Russian and Italian. So my brother does not like his languages but he doesn't like using the same word in different contexts. He is able to communicate with other people at all times. But sometimes, if we are married, we can make a lot of money from our daughter. If you decide, don't be anxious. We need more time on our feet. We could start with a booking trip to Florida next year. It will take two weeks. This makes me feel better as my husband. I hope that I see us soon, and also I think we could meet this wonderful couple. Best regards Kerstin Mller, Hamburg City Marketing Manager, HR Office, HR Phone ####/###. Thank you for your attention. Sincerely yours, Sabine Mller. Your parents-in-law.de. See you! Sonja Lfflerbach, Head of IT Department, Hamburg. My son, Daniel, lives in Hamburg. His name is Stefan. I am a secretary. I'm a manager and I work in office. The biggest problem I have is that I love my job. Please write back as soon as possible."
lilygoulder/de-en-advanced-learner-english,German,advanced,A2,mixed,hobbies,1,", I want to speak German and English but I don't like my language. We are on a boat trip to Florida and we have another interesting place where I can swim. I also like to watch football or badminton and so I think it is very exciting. In my opinion, there are many things which could help me with this sport. Please give me a brief history of my home town. Please tell me what will be done if you get some information about that. I'm looking forward to hearing from you soon! Best wishes, Manuela Lfflerhaus, Regionalnachrichten.com. Yours sincerely, Daniel Mller 1. Juli 2010 at 10:30pm. I'm glad to hear from you again! Best regards, Alex Sohlkowski 2. August 2011 at 11:00am. I've heard of our first meeting in Berlin last week. It was really good for us. I hope everything goes well for us. Best regards, Daniel Mllisfeld 1. August 2011. You're not alone? Please let me know how long you'll go to meet you soon! See you, Anja Khnel 1. September 2011 at 11.00am. We're having a great weekend in London. Take care!"
lilygoulder/de-en-advanced-learner-english,German,advanced,B2,mixed,holiday,1,"I'm fine thanks for your mail. How are you? My best friend and I can tell you something about my holidays in the last few days. We had a great time here, when we were in our hotel in Oslo. On Tuesday evening I was visiting London. I would like to visit some other cities of Europe. In the night I went out with my friends from all over the world. It's amazing! See you soon. Bye Ursula. Gleb. Thank you very much. Best regards Katrin. Sincerely yours Sabine. Yvonne. Bastian. Bastian :-) Greetings to you. Your friend. Ursula.Blauer Name! Greets Christian.Blafermann.Blafflerweg 351994 Hamburg-Holland.Germany.Blaertnerweg 3423599 Hannover-Hollandsbek.Holland,Germany.Greetings to be on vacation.Thank you for your good luck.Best regardsRalf.Blafers,Thomas.Blaultmann.Kerstin.Natalie.Blauesterweg 351199358 Rostock-Hollanden.Hollandsburg.Hollas you?Love,Thomas"
lilygoulder/de-en-advanced-learner-english,German,advanced,C2,mixed,family,1,"I am writing to you this article because my mother is very tall and fairly thin. She's not really thin. She is also tall and fairly small but she has a lot of advantages. The size of her hair is smaller than your normal size. That means, she doesn't look like me but she can be as friendly as any other person in her familiy. In addition, she is also quite tall. The size is not too small, and it is easy to live with them. If you are interested, please feel free to contact me if you need more information. Thank you. Yours sincerely, Lina Schleriker 1/2 pm, Stuttgart Germany Phone xxx@gmx.de or #### ##########. Kind regards, Lina. Lina Schmann 2/3 pm, Stuttgart City Germany Phone xxx. See you next time! Greetings Monika Sacher 1/4 pm, Stuttgart. Stuttgart, Stuttgart Germany Office Manager. Regards, Lina F. 1/5 pm, Stuttgart USA Department of Education and Qualification. Greetings, Sascha. Lina. 3/6 pm, Stuttgart/Ralf. 8/7 pm, Stuttgart, Stuttgart UK Department of Health and Human Services."
lilygoulder/de-en-advanced-learner-english,German,advanced,A3,l2t,hobbies,1,", I like  surfing in Germany. In this summer it's very exciting. But I love dancing, because it is too dangerous for me. I don't like going sailing or sailing but I like playing a guitar. In autumn the weather is sunny and warm. I go swimming and I play football. At night my wife does gardening and flowers in her garden. She sets the table and the music is great. The weather is usually sunny and windy and we have fun. We are always looking forward to see you next week. We can play the piano with you when you come back. See you soon! Sabine S. Heydrich. Ines Gersloh. Ines Ehlmann. Ines Lffler. Ines Dsseldorf. Ines Mller. Ines Heinen. Ines Greiner. Ines Pielke. Ines Uhlenhorst. Ines Bensen. Ines Waltersdorf. Ines Slaweber. Ines Wichelhagen. Ines Schleiheim. Ines Hoffmann. Ines Zemina. Ines Rendsburg. Ines Schwennig. Ines Oksana. Ines Weber. Ines Krause. Ines Atsen. Inewersweiler. Ines Blomberg. Ines Fuerth. Ines Gronau. Ines Wernigerode. Ines Oberhaching. Ines Oldenburg. Ines St"
lilygoulder/de-en-advanced-learner-english,German,advanced,B3,l2t,holiday,1,"I'm very happy that you are looking for a holiday in the Baltic Sea. My favorite vacation is in Germany. We had a wonderful holiday last year. The weather was warm and sunny, it's cold and windy, but we don't like hot air. But we can go out together and enjoy my time here. It was a great day! So far so good, because I went sailing in Europe during the spring holidays. That was a dream of me! See you soon! Best regards, Sabine, Naela. Good luck to you! Naela and Naela are my best friends in this exciting world. We will stay at home for another day next week. Bye, Naella. Goodbye, Nael. Naela is beautiful. See you! Nailah Naela, Nael and Nael. It's very interesting, too. In summer we'll take a tent, a sleeping bag, a flashlight, some bottles of water, sunscreen and shorts, sunglasses and sunscreen. See you again! Naella, Naelas. Thank you for coming. Naella! See you. Nael. Yours sincerely, Kerstin, Nael"
lilygoulder/de-en-advanced-learner-english,German,advanced,C3,l2t,family,1,"my name is Werner. I'm from Germany too. My mother is twenty-two years old and lives in Germany, but she is very thin. She has short brown hair, blue eyes and white ears. My brother is fifty-seven years old and he is taller than me. He's not so thin as my father. He looks like my father and I think, it is good to have a nice sister. The best thing is that we can always make music together with other people. I don't like this idea because I think they are very friendly. In the past three months my friend and my uncle had a lot of fun. So I guess what happens next year? We started with a new musical instrument called ""Take"". It was a great experience. I won't find anything more exciting! We hope all goes well for a while now and we'll be happy! Yours sincerely, Werner. Werner. Hans. Werner. Werner! Sabine. Thomas. Werner. Sabine. Werner. Thomas. Horst. Thomas. Thomas. Olaf. Horst.Thomas. Thomas. Dieter. Horst. Harry. Horst. Hamburg. Horst. Horst. Hans. Olaf. Wilfried. Olaf."
lilygoulder/de-en-advanced-learner-english,German,advanced,A1,basic,hobbies,2,"I want to go dancing because my husband is very ill with fever, but I don't like swimming or football because of a sore throat. I like going surfing because it's relaxing and fun. My son is so nice, that he plays tennis every morning, but we all can play soccer, so I think he will be more interesting than me. But when we have been playing this sport we are going to visit our friends, who will come back on Sunday. I hope we can help, if we can get out into the new life. We could also take a look at other sports such as basketball and baseball. Thank you! Best regards, Sabine Witte! Holli!Best wishes,Melanie S.Kerstin Schirte.Sebastian.Ralf.Sebina.Telephone number: #############1. April 2011 - 6pm 1. August 2011 - 30pm 1. September 2011 - 29pm 1. Oktober 2012 - 3. Oktober 2012 I am looking forward to hear from you soon!Sabine,SebastianSebastian,Sebla.Sebla.,Sebastian.,Sebla..Sebastian"
lilygoulder/de-en-advanced-learner-english,German,advanced,B1,basic,holiday,2,"I'm very busy. I've got a typhoon in the past year and now we are visiting the beautiful beach of Oslo. It's great! But also it is a little bit scary. There will be many different places to go with us. For example the weather on Tuesday afternoon or the famous beach near the city centre. We're going to visit a lot of amazing places like Liverpool Road. The best time for my holiday is Friday night. I hope you'll come. Greetings Susanne. Ursula. Best regards, Nadine. See you soon! Sabine. Bye! Katrin. Heinen. Gaby. Good luck. Tanja. Horst. See you tomorrow at home. Bye. Sascha. See you next week. Johanna. Lina. Gabyvonne. See you later. Bye bye! Kerstin. Bye. Anja. Mller. See you then. Katrin. Goes to Oslo! Martina. See you again next week. Good luck! Janine. See you here. Bye, Sonja. See you there! Bye. Nicole. See you in Oslo. Bye Tanja. See you! Johanna. See you on Monday evening. On Saturday evening you can see me in the garden. See you after a meeting. Bye"
lilygoulder/de-en-advanced-learner-english,German,advanced,C1,basic,family,2,", my mother is called ""White man"" and she is one of her most popular figures in this field. She has long straight brown hair and blue eyes but not white hair. My father is also taller than me. He looks like my grandfather and we have to be both young people from our familie. My sister is called ""Cool and Big Family&quotmentally&quotments. She likes being fairly thin and very happy. She is neither cool nor handsome. She is both smart and intelligent. We can live together in a community where everyone gets his own life. I am sure, that our parents will love their lives because they are all on their way to becoming new friends. All the best, Sabine. She likes doing sports every day and getting married. Her name is Sandra and she's always interested in other things. If you agree with me, please let me know if you can't find any more information. Best regards, Sabine. Sabine. Sabine! Sabine. Ines. Sabine. Ute. Heike. Sabine. Thomas. Sabine. Nicole. Sabine. Ursula. Anja. Anja. Tanja. Anja. Olaf. Kerstin. Nadine. Sabine. Anja. Ines"
lilygoulder/de-en-advanced-learner-english,German,advanced,A2,mixed,hobbies,2,", I like to hear from all my friends and family. In this area is a good place for me. My favorite sport is swimming. I like to play tennis with my friends. We also have fun. On Saturday we are going to go sailing. It's very interesting. I like swimming but I don't like playing football because it's too difficult. I think, thats not easy. I will try my best in this area. Best regards, Jutta Mller. A new Regional Marketing Manager at Tuesday, April 22th. In my opinion I can do much work together. But we need lots of creative ideas and we should learn more about our company. We would like to improve our reputation as a leader in a global market. All in all it would be great if we could do anything else to make our customers happy. Please let us know when you are interested. Yours sincerely, Klaus Nastbach, Manager of the Regional Marketing Manager in Munich. I'm looking forward to hearing from you. Sincerly, Sabine Khnelke 1. April 2011""I am looking forward to seeing you soon! Best wishes,Lara Gstlacher""Ralf Hirschfeld 1. April 2010""I love to see you on Monday morning, April 24th, so I hope you'll find out what's your goal. Best regardsLinda Nastbach"""
lilygoulder/de-en-advanced-learner-english,German,advanced,B2,mixed,holiday,2,"I'm very happy that you are staying in the hotel and enjoying the nice view of the sea. The hotel is a beautiful park on top of the beach. In the evening you can relaxing at home and enjoy the rest of the day with me. It's not exciting. On my birthday, I like to visit the bars. In the afternoon we go for a delicious dinner at your house. We have a great party! Best regards, Tanja Sohltmann!Sabine Sohltmannsdorf, GermanyMirco Heinen, Munich GermanyBye!Sabina Dchek, Berlin GermanyNatalie Ewaldhausen, GermanyFavoriteSeason: summertime. In autumn it's warm and sunny. I'm looking forward to hear from you soon.Best wishes,Stefanie Greger, Stuttgart, GermanyThank you for your answer.Sebastian Rittner, Hamburg GermanyGood luck,Sabrina.Claudia Sohltmansdorf, Stuttgart GermanyI'm glad to see you again soon.Werner Sohltmanfredke, Wuppertal GermanyMy best friend,Rolf Weber, Stuttgart,GermanyI wish you a good night and good luck.Yours sincerely,Kerstin Rittner"
lilygoulder/de-en-advanced-learner-english,German,advanced,C2,mixed,family,2,", I would like to tell you something about my family. My father, John Jr., lives in England. He has lived with his mother and two sister, but they are not as smart as me. They live together on this island. Their parents aren't so intelligent. They love to be friendly and tidy. But I don't like them because it's important to be more careful with their behavior. I can imagine how they were born when they came from Russia. I'd like to encourage you to write down all your questions, if you agree with me. Please let me know which questions will arise. Best wishes, Michaela Rueckweg, MSU Personal Experience in Berlin, Germany. Best wishes. I'm happy to hear from you. Bye! Sabine Wellerau, MSU Marketing Manager, Hamburg Phone xxx@john-tiles.de, ########, ####/###. I am looking forward hearing from you soon. Kind regards, Sabine Wellerausgehearck, IT-Manager, Hamburg Phone XXXXXX, ###/###, TTY ##/##. Thanks for your answer. Yours sincerely, Linda. Mller. Esteem"
lilygoulder/de-en-advanced-learner-english,German,advanced,A3,l2t,hobbies,2,"I am writing about my favorite sport activity in my city. The best sports are baseball, tennis and golf. I like playing badminton because it's very interesting. It is sometimes tiring and fun. So it's easy enough to go out alone in a big park or swimming pool. I'm sure that this is not all exciting. In my opinion it's very important to have a good time with friends. But it will be more fun. On the other hand I think we should make up music with some friends. You can see it on my homepage at www.my-eat-soccer.com. I like dancing and scuba diving too! See you soon! Gudrun Lffler. A. Bastian Dittner is a sales assistant. He plays basketball every afternoon and he works together. I know that there is no way to lose money. We have also lots of fun! See you later! Best regards, Tanja Pohlmann. Bastian Bastian. A.Blauerhuber. Bastian. Bastian Nast ist a marketing manager. He has worked as a sales assistant since 2000. He is very nice. I love it! Bye Gudrun. Bastian"
lilygoulder/de-en-advanced-learner-english,German,advanced,B3,l2t,holiday,2,"I was on vacation in Berlin when I was 23 years old and had a great time there. The weather today is very sunny and the wind is blowing out of the sky. It's not too dangerous but it's always nice! And it was really amazing when we were travelling around the world. We went by boat to the sea, it was raining all afternoon. There was so much fun with this beautiful beach. We took a ferry to Marseille where we had to go for the rest of the day. In my opinion it would be very important to stay at home because it's relaxing, relaxing and exciting. But that will be enough for us to see you soon! See you later! Regards, Thomas. Ute. Love, Kerstin. See you soon! Bye! Sascha. Sabine. Sabine. Greetings from Berlin, Germany. Your friends Michaela. Sabrina. Sabrin. Sabine. Sabrine. Greetner. Greetners. Olaf. Greetning. Sabine. Thank You. Greets from Berlin! Greetings From Berlin! Greets from Leipzig, Germany. Greeters from Dresden! Greetts from Berlin! Bye. Greetness! Greetners! Greetner from Leipzig,Germany. Greetie from Dresden! Gudrun. Greetigbys from Berlin! greetings from Leipzig,Greetings from Hamburg! Greetigs from Leipzig! Gre"
lilygoulder/de-en-advanced-learner-english,German,advanced,C3,l2t,family,2,"I want to explain my reasons why we should choose our bestseller. It's not only one of my favourite books because its a great choice for everyone but also with children. This book will be an interesting addition if you decide on a topic like the topic of the famous French writer, Marie Curie. The main point is that we should choose some specific topics as well, such as the issue of the new generation by her parents. We can choose from these two different views, if you are interested, how many people could choose and what kind of issues they would need. If we do choose this topic, then we should choose the bestseller for all the readers who agree with them and give them a brief overview. In conclusion, it will be a good idea to find out more about the bigger picture. Finally, if you don't think about the future, then we'd love to share their opinion, so please think about it. Love, Nadine Khnelke. Kind regards Sabine Lffler. Thank you very much! Your friend Susanne. Thank you for coming soon! Regards Martina Lffler, Monika Mller. Thanks for your interest in our family and the ideas we make for our blog. Best wishes! Regards Michaela"
lilygoulder/pl-en-beginner-learner-english,Polish,beginner,A1,basic,hobbies,1,"-   .It's really fun! I like this, but it is very fun and enjoyable when you start to exercise. In my town there are plenty of quiet places such as shops and restaurants that don't work well. It seems to me that we will be happy now. You have a lot of fun on the city. So you'll find some exciting activity with friends and family. The club has great joy and passion. There are lots of delicious food and drinks which also enjoy healthy meals. They love gardening and cooking. As you know, you might think about our life and how much more people would be able to make their lives out.   To make our living happy and happy, you need to go shopping. After all, you need only one time. That depends on what's going on your day or night. But let me know if I want to get home next week. What was good enough? I'm sure you should spend money in the evening.  On Thursday afternoon I have to eat breakfast and snacks every morning. We may even drink a lot of watery cups and coffee or tea. It helps keep us happy. If I am happy then I'm sorry that is.  For example, you could not get any idea of doing things down the road."
lilygoulder/pl-en-beginner-learner-english,Polish,beginner,B1,basic,holiday,1,"I'm going to celebrate my birthday in the afternoon. I like this holiday is a gift of love and affection. You'll be happy! It's very beautiful. It's nice to hear from you so much! Isn't it? She likes me as well. Her favorite was a little girlfriend who first came home in the morning. He's also looking for a wedding. She's always lovely and she doesn't know why. In my wedding I am not sure how many children come. She wants to stay in the house with him or herself. Then he gets away from his home when he goes to bed. We are really pleased. The party is fantastic and we are happy. She's happy to share with others. We love things because she loves something. But we can tell what kind of things. What about her life? My name comes from Poland. I'm a boyfriend. She loves everything but not everyone else. There are two things that might help us. One thing is that you will feel confident and honest. Bye! Thank you for your feedback. Let me know if you want to share with friends. Thanks! A lot of people make money, don't hurt me. The fact that you need to buy some money is one of them."
lilygoulder/pl-en-beginner-learner-english,Polish,beginner,C1,basic,family,1,"! It's very important to know what it was like when I started my life in Poland. When I went on shopping we would go abroad because of our house. So I didn't want to stay in London but she couldn't make the job so that was a big job too. She came from Germany and I became a partner at my town. But I was really surprised if I had one child. The next time I'm going to travel with my sister home. That way I worked in London. Nowadays people are living in the UK but they're not always happy. They live in London, and they can talk to them. We often get into a little apartment and we don't feel like that. To me, there are many interesting things to do  when I were working. In my opinion this will be true. I've seen something very much as fantastic as possible. Not only is my favorite hobby but also for me. There are some people who come together and enjoy different things. Some people tell us why people love people because of their culture and other lifestyle choices. Then, though, I hope you have to find out how much more fun! And then, maybe maybe you'll try to learn something new enough to achieve yourself."
lilygoulder/pl-en-beginner-learner-english,Polish,beginner,A2,mixed,hobbies,1,",  my name is Anna. I'm going to visit you before a week ago. My wife's daughter was born on Sunday 6th November in New York City. He's working as a teacher and we are preparing for some time for dinner. She has always liked restaurant and restaurants and she likes restaurant. The house is beautiful and well-being. Her parents' family have long lives with children. She loves cooking and they love food. We live in town there. When the kids start learning about their children, they will find out more information from around the world. Bye!  There are many important places where kids are like. Sometimes, when students become shy, they'll be afraid of reading books or movies. They want to think about different kinds of things, but it doesn't matter if you are willing to ask questions. My husband's brother is very happy. What about her? Is this really good? Let me know what you know. Do you know that school is so fun? It helps us learn how to write down words and other ideas and how to use them in everyday life. And let me know what's best for our children! I'm sure everyone knows how to write back letters and even make mistakes. To find out, my daughter's father would be happy to say ""Oh! You are happy!"" It's a great thing to learn because it isn't bad."
lilygoulder/pl-en-beginner-learner-english,Polish,beginner,B2,mixed,holiday,1,", love!I like it? My name is Natalia. I am happy with me and my wife. She loves to write a letter from my mother's sister, but she likes singing music,  listening to music. I'm very angry because I was young enough. In my old age I have been going for some time in my family. Nowadays we can speak very much. We live in town of Antipina and also in the city center where people are looking for new ones. As I know I am happy.  The next day we're making this wonderful journey. I like my first trip. Let's remember that we really don't know what kind of thing happens. You'll find something more interesting than that.  How do you know? Hey you!   But there is not only one great adventure, but also one fun - adventure. This trip helps us to get better at home and stay at home. I like playing video games or playing soccer. It sounds nice, so maybe you will learn how to play basketball. There is no chance to go to another area. It's a big pleasure, too. To learn something, you need to know things, just be careful! Bye. To meet you now, let's come up with your friends."
lilygoulder/pl-en-beginner-learner-english,Polish,beginner,C2,mixed,family,1,What do you think about my family? I don't like to write all of those articles and they are really interesting but it's very important to say that I want to meet you with some people in order to be good person. This is because if I'd like to see you're very happy and not being able to make up your family is a lot easier than having to live together in one place. We will need more information on our family than we would like to spend on their own home. How does this matter? It seems like that you can come back from another group. And if you have time and talk about things you'll probably find out when you want something new. I'm sure that you will try to understand how your family has changed and which way you could use them. In fact there are lots of reasons why I'm going to improve my life. Please let me know if you've ever been doing everything right now!     The importance of taking care of your children at home is so important that you can enjoy your food by yourself. But what about your child? I'm sure she's too much nervous and so maybe not afraid to wait for help but I hope it may also be helpful if you get enough advice.
lilygoulder/pl-en-beginner-learner-english,Polish,beginner,A3,l2t,hobbies,1,"In my town there is some fun, but it's a big thing. I'm quite tired because of my life in Poland.I'm very anxious to get the food we eat during the day.I have been getting food at home on Saturday afternoon. He doesn't like any other activity, but he'll always go with me every morning. You know how wonderful you are! My family has a lot of children. I love the way of talking. I think this kind of time can be enjoyable if you want to travel. My friends are looking forward and they're going to find something which makes them happy! I hope that I will stay at school or maybe even longer. Let's say - everyone likes going to work when you want to make your job. The first thing about learning English is to learn English. It's hard to say what you need to do when you want yourself. We don't need to come up with another person, especially if you want him/her. They will talk about things which helps us to move around their lives. That might help you feel more comfortable. So let's take care. I am sure we will meet you. There is plenty of resources available. My name is Anna. I really wanted to live in Warsaw."
lilygoulder/pl-en-beginner-learner-english,Polish,beginner,B3,l2t,holiday,1,"I'm writing on the first of my birthday party at 4 pm. I was born in Poland. He graduated and he is a student. She is very young, but she doesn't like it. We are happy when we want to stay home for me. In my father's birthday party I made it one month ago. It's nice! You can find it as a fun event with your friends. Let me know what's going on - why do you think? I'll never be afraid that I'm happy and not only because I will spend time on dinner but also if it comes to be really happy! Please, my name's Wiktoria. But I love this. What's next? Isn't it true? I don't like that. When you start to write down your last letter, you may go to Poland. There is no need to worry, but I'd love to see it! I'd love this new day because I would like to celebrate it in order to get up! The best thing is something amazing! My name's Magdalena. I'm happy for us! Thanks for your feedback, Natalia, Anna. I'm well aware, but I'm not sure I've ever loved this country. I hope you are lucky! I'll have more than just one chance to come! I love this holiday!"
lilygoulder/pl-en-beginner-learner-english,Polish,beginner,C3,l2t,family,1,"my family, but I don't know how to live with them. I think it's really hard work. It's a big thing. But we will like to share our relationships with others. We can live with friends, people, families and friends. Everything goes right.  What do you know? Please try to answer what might be better. It helps us to make us happy and happy. It helps me to learn more about life and life. If so, why are you doing things that help me to improve my life?  What about me? I am sure there are other things I'm able to know. Let me tell you.   To understand, this is not good. The term is something new. But what about me is very important. I mean, that if someone would like to visit me, please refering to this website without knowing any of your reasons. In order to describe it, you must also find out where you want to get rid of some serious concerns. Bye!  To explain, I always recommend that you be aware that you are looking at home from Poland. Bye was one of the most famous buildings in Warsaw. My name is Anna. She was born in Warsaw and then I was in Warsaw, just after years ago. He had an old boyfriend who got married in Warsaw, but he wasn't a guy. But in Poland she didn't care for him."
lilygoulder/pl-en-beginner-learner-english,Polish,beginner,A1,basic,hobbies,2,", You need some time when it's too long. You should stay on the streets. This is where you are going! It's a nice place to go by the park so I'll always be happy with that. You will have to eat dinner at the restaurant. But I'm sure that if you don't want to spend my money you would like taking part of the rest of the meal every day. There may be plenty of fun food on the street. In addition, there are lots of healthy meals which we enjoy with our friends. For instance, breakfast can provide some vegetables such as spinach or tomatoes. These dishes are delicious and nutritious. They can make up a lot of the city. The restaurants are friendly and they're really quiet. You will also have more fun. If you find yourself looking out what you like to see in your town you could buy something from your family's favorite restaurant. And you can come from the airport which you like. My favourite restaurant is this is very beautiful restaurant. If you think about your visit you might have been using local food.  That's why you'd like to take part of your trip and stay there.  So, you could also find a good way to get better. It's also amazing. We've got enough information about the events, how it's happening.   Nowadays you can't travel and even go to town. When you arrive, you can start getting ready for the trip. It's worth doing your"
lilygoulder/pl-en-beginner-learner-english,Polish,beginner,B1,basic,holiday,2,"! My name is Izabela. I am from Poland.I'm from Poland, so I'm going to stay in my house and go shopping. I like to visit the town where you can enjoy your birthday. This is just a nice place to start!  I've been visiting city. We will be very friendly, but now we are going to travel. It's great time for me. And it was really exciting. Hey,  I am going to bring some food with us. But when you're going to buy something at home we'll spend $40.00. The thing that I want to share with me is what I need to know about dinner. Let's say, why? You should ask me if you want to take care of this event because everyone knows how much money you would cost. You should remember, you should prepare your meals, as well as possible if you want them. To answer, please, we could make a lot of food in order to keep our family happy. They hope you will find many things which would help you get better. It will help you, as well. Bye. Hi Anna. I'm going across one country every day. I'd like to read more about my favorite Halloween."
lilygoulder/pl-en-beginner-learner-english,Polish,beginner,C1,basic,family,2,"I want to share with my family on behalf of many young people. For them it's very important that we live in our city and we live in town center of Warsaw. In my opinion there are three different things you can do from doing so. Firstly, one thing should be honest about your family and what will happen if you don't like it. Secondly, someone who wants help me with a lot of good people can make some decisions. Then they find out what makes us happy and that helps him better than he has done any other task. Secondly, all things should be very important because I wish to take care of others as well as possible. To do this, you need to consider how you might work in front of people at home but not those outside their house. Sometimes they start to learn something new when you decide to change your life style. Second, you need some time to change your lifestyle. Secondly, you also need to change your social relationships with friends and relatives. One way to think about yourself is by looking forward to the information you can use during your trip, just go away and then talk to someone you would like to know where you can get ready for you. Secondly, the best way to improve your personal lives is to plan your self-esteem. I'm sure that you can't give up your feelings and try to stay healthy, but if you wanted to put your name on your blog. Secondly, your family needs to be changed and you could not"
lilygoulder/pl-en-beginner-learner-english,Polish,beginner,A2,mixed,hobbies,2,", I have no idea what is going on in my city with my country - I will go by shopping for a few days and maybe maybe we don't know how much it works - but I hope I will be able to take part in my old home.   I am looking forward to  going abroad after all of this time. Please visit me if you want to find yourself. On Tuesday morning we'll go to the local school. We're going to live in a beautiful park where you can learn new skills, work, and play games.  My friend's name is Anna. I'm going to travel and go back to London and stay there at 8pm. The hotel is very interesting and quiet, so it's nice!  Hey,  I would like to visit our town when I was 6am, and I'd like to see some people who love the day with their friends. Hey  I want to write about my family history and life, which may come from Poland. I have been writing in New York City and now I've always been speaking in New York University. It doesn't mean that I was more active and well-being than I ever thought. You can speak English or English.  There are plenty of opportunities to get up your job. If you want to make a trip, please read more about your visit."
lilygoulder/pl-en-beginner-learner-english,Polish,beginner,B2,mixed,holiday,2,"I was last minute in my life and I am happy with it! She is a good friend and she loves the beautiful beach. She enjoys this sport for me and always she love it. There are plenty of fun, so much more fun! My name is Anna. We have all the fun and I like my family but we also enjoy the lot. And we hope that you can enjoy your favourite island. You will be able to learn new things. You'll find many things which can help us better - especially if you want to stay home. This program provides some tips on how to improve our health. I'm sure everything is healthy enough to keep them healthy. Bye  we're really happy and they'll be able to become perfect friends. As soon as I got up at the time I'm happy when I come back from London. They will take care of their parents and caregivers in order for them to meet others. It's not very bad luck. What do you know about me? Is there any person who likes me? Please tell me what you see in my family. The book 'The Last Supper' and 'Justice', shows you how good you loved your trip! You can't say that you would like to live in Australia, just because he doesn't worry that you should travel abroad."
lilygoulder/pl-en-beginner-learner-english,Polish,beginner,C2,mixed,family,2,"- it's the best thing to go to a farm and I'll find something like this. Please let me know what makes your child happy, but i'm sorry that we are happy to grow up in my own house. We live on our table and they start to spend on other plants. They also eat the food because of their fruit and vegetables. I don't want to be afraid if so things happen.  Let me know if there are some people who make their children more comfortable and get back to work. I hope that this would improve my life. What is more, I will learn new ways to prepare them.  Let's see how much of it works for us. I've never been able to do anything because of their own life. I am sure that even now we need help from all kinds of animals, which can be used by animals without being prepared for use. Bye.  I'm sure that  I will be better able to take care of creatures!  But I'm sorry, though, not everyone is concerned with such an impact on our environment. I believe that in case of other reasons, people might try to cope with stress. If you're doing something, please consider reading this page. I'd like to leave comments on Facebook and I'm aware that this article could prevent serious health problems."
lilygoulder/pl-en-beginner-learner-english,Polish,beginner,A3,l2t,hobbies,2,"I like my city. I love it because there are many other things I would like to do. I think it is fun! First of all, my friends were very nice. Secondly, the most important thing I ever thought was how I am going to be on a beach. It was a beautiful place. My favorite sport was walking on the beach. Bye! In my house I used to go swimming for days. This really liked me. It's nice. The best thing I did was walking around the world. We could go to our cities but they didn't enjoy this. That's why I couldn't want to move so much more than just walk. So we didn't need to get out with our family and friends. What I've done is to make sure that I'm going to be able to find new friends who will visit me. When I go to my home I have time for my trip to the airport. There is plenty of opportunities, but I think I don't know about your life. You know someone who has lived here in Poland. And it seems interesting - what does your life? You know, people living in Warsaw and Polish. They live in Warsaw but I hope they should stay next year. As you know, when I come back from Poland I'd like my friends."
lilygoulder/pl-en-beginner-learner-english,Polish,beginner,B3,l2t,holiday,2,"I was very impressed by the beautiful Christmas Christmas holiday of my first birthday. I like this year's holidays because I've never seen it! It's great and delicious for us. My favorite is Easter Day - which I can enjoy with dinner and dinner. Let me know what a good thing is. What do you think? Firstly we are going to take the bus. In my own family, I'm happy to hear from the local people who love this holiday. Secondly, when I want to go to Poland, I hope that the holiday will be nice. As we're trying to tell, our country is unique and friendly. There is no big problem. But everyone should listen to a lot of times. If we need to live, I would like to visit someone who loves this holiday. We always have time for them. To do this, they may feel like they are happy. When I started to speak of music, I heard more about our last birthday and then I remember how much fun we made during the holiday. That is why I am really angry and not afraid of anything. On Sunday afternoon I had the opportunity to go to Warsaw Theatre. I'd like to write books and read booklets, but on Saturday evening I couldn't get any help. Bye, I knew nothing about it."
lilygoulder/pl-en-beginner-learner-english,Polish,beginner,C3,l2t,family,2,"I will see all of my friends.  The only thing that we are going to be doing is by staying with someone. What's more people can get me into trouble when they go to town. As soon as we're going to live there, so please don't worry if we could make our life easier. It's very helpful because it gives us something new and we will have to spend time on vacation at school. Some things are really important but it's not always possible without any other problem. But maybe we'll enjoy some things, say they want to share their life with others and they will become better.   In my opinion one way is to buy my family and do it well. I think the best way to find out is to buy them who may come from a city where we would like to stay.  In my opinion this means just to do the things together. Bye! There are many interesting places where shopping has been in place. I can buy everything outside of the city because I'm sure that there was no reason why we were buying anything outside of the country and then they'd like to eat too much food during the holidays. We would also like to visit all the people after dinner. For example, there is no idea how to buy something. If you wish you would like to travel in the countryside it will help you to get more comfortable."
lilygoulder/pl-en-intermediate-learner-english,Polish,intermediate,A1,basic,hobbies,1,"on Thursday, August 18th, 2013 at 9pm. It's a nice time to visit my town! It's lovely place, too, so it's very exciting and enjoyable. I'm sure that we'll be happy to go out there for some day in summer. We will spend our nights with friends and family members every night and come back from the airport.  If we can live we are going to go shopping on Saturday. I like to ride tickets, but I prefer not to be off-the-shelf. In winter, we have a lot of fun and entertainment.  The best time is when you want to visit my city. You may find something new or something new but I also love things because I don't want to travel and enjoy your life.   Let me know if you want to see this town and how many other attractions they have been? I hope it will be great tomorrow.  On Friday, August 19th, I am going to go to my hotel and work and I leave. I wish everyone to go for more information about our town and learn about the places I've visited. We can stay in my town during vacation and have fun. We can meet people who need money for dinner, play tennis, dance, music and sports. I hope we could buy some clothes and shoes."
lilygoulder/pl-en-intermediate-learner-english,Polish,intermediate,B1,basic,holiday,1,", I am happy to meet you next time. I will enjoy my birthday party and my birthday party. It's good time for me because it was a big event, but I'm sure that this event is the best chance of our family life. Let me know what happened in my first birthday party! My parents hope they'll love my birthday party! Thanks to everyone, all of us are very thankful.  We're always happy when we come to the restaurant. I like my birthday party at 11th Street. I would like to invite guests to their birthday party to our wedding party. If you want to celebrate your birthday party please don't hesitate to join. You can go to the restaurant for 30 minutes after dinner, so be honest. As long as you stay on the beach or you can walk on the park, visit the beach. This is an exciting time. I think more of my friends and colleagues are looking forward to meeting, which they did during Christmas parties. They may be able to hear from friends who are well. Bye! There are plenty of things going on around them. Firstly, I want to see you soon. The fact that you should not give up is nice thing. To sum up, I'd like to meet you soon."
lilygoulder/pl-en-intermediate-learner-english,Polish,intermediate,C1,basic,family,1,"I want to answer yes but I believe that we are making money out of our families' home. What about my sister? Why don't it's not so much easier if she gets home from me when she comes to dinner. The idea of doing this is that we can always get to their grandparents by visiting them on the internet. We need to go on other way to the house. It doesn't matter how long ago it was, so it was very difficult in life.  I'm sure we would be more happy than ever before. However, I think there will be no point for us because we could get better. In my opinion we shouldn't let them feel good. They might be angry or angry again, but they'd also become anxious, happy and happy. But we don't care what happened at all. The reason why we would be worried is that we didn't live without people. If someone did something, then everybody would be happy. I don't know how many times in the future we could come back with new friends. If we were married, we wouldn't wait to see a baby. Bye says that we had an opportunity to learn how old he was and he wasn't surprised to find him. He said that I really want to learn how to improve his family.  So if we wanted to learn how people came to me, then we couldn't help anyone who knows how important things changed over time."
lilygoulder/pl-en-intermediate-learner-english,Polish,intermediate,A2,mixed,hobbies,1,"I am a freelance writer for The New York Times. I'm from Poland and I work on my job as freelance reporter, but also I live with my family. In my town is located about 100 kms. My family loves food and gardening because of the local environment and my lifestyle.   I love plants and animals like this town. It's very difficult to buy something. We need some clothes and shoes that we can't afford. I have to be happy when we are young. The city has several towns, in which you can make important trips and travel to other cities. You can get in touch with friends who may come from nearby businesses or even the public where you go. I prefer to stay in London, London, London and London. We would like to visit our country and go home by taxi every day. In addition, I'll want to go shopping at the airport and go outside. As you know, if you can see it, you will find that you're busy in London.  There are many places, in which there are lots of people who can attend schools, they could not have any experience in the hotel. At first glance, there are many shops in London, while at second glance, in which street vendors sell tickets and money. To me, what kind of business is called 'welfare'? What about a tax? I don't really understand why."
lilygoulder/pl-en-intermediate-learner-english,Polish,intermediate,B2,mixed,holiday,1,"I'm a big fan of Christmas and I am very curious about my favourite country. You are beautiful in the middlelands. They have amazing views of mountains, mountains, mountainsides, lakes and great beaches. There is plenty of tourists there. It's lovely city that makes people happy and exciting. There is lots of places where we can see and hear from visitors. The best place to visit is one of those parks located near the town centre. We live in the most expensive city, but it doesn't mean we should go for a vacation with our family. If I want to travel, you will find some nice island in the middle area! Please read this book, it's your first trip. And if I wish you, please don't hesitate to come here by e-mail. I like to watch movies and movies, which usually make me laugh at the time when you're young. As soon as you get older, do not bother you. I always ask, 'What is your name?' To answer, I'll love to hear from you, and I know what you're going to be doing. We've talked to parents, because I feel like I'd like to meet you after long trips on Sunday. It's wonderful."
lilygoulder/pl-en-intermediate-learner-english,Polish,intermediate,C2,mixed,family,1," I'm going to give up my family and I can tell them how they are in their families. I think that this will be more interesting than yours. It's very important because it helps me understand what people want to see. I would like to take care of my wife so she'll love him every day, especially if he doesn't want his parents and his friends. I'm happy, but I'm not sure why we all need it. We live in our own country and we live together around the world. So let us know where to start  - well enough for me to feel good and thankful. Thanks. My wife loves everything! She also likes talking with her husband on the internet and we always have a chance to do it. He has great love and wants to make things laughing. Let's hope we will find a way to meet new people. I am happy to see you!  I really liked your family and I enjoy it. I love everyone. I love my life. We love your family and we share with you many gifts to support me. Nowadays, you are just sorry to forget some of the reasons why you should go to another place. You may become frustrated by something too much."
lilygoulder/pl-en-intermediate-learner-english,Polish,intermediate,A3,l2t,hobbies,1,", I have been reading this website from Polish. It's very important that we make learning about our surroundings. We can learn new language, which is a good place for us and the world. I'm going to talk with people who are curious about their environment. I want to describe my life by asking me why we should be doing it so much. I think that as soon as possible I'm taking part in everyday activities like cooking. They are amazing places for kids. And when they're busy living it will come back. For example, if you want something more interesting than what was done by someone else there is no chance of finding anything useful. You might choose a particular restaurant or a restaurant. There are many kinds of restaurants - you need to cook food on a table and eat dinner on a table. But sometimes it makes you happy without any kind of help, so I hope we'll try to find something fun with them. My friends always know how things could be done. If I would like to change a situation I'd like to invite to my friends to visit them. I'm thinking so, but after all I still feel tired during this time. And I hope we will get more excited because of it. I'm sure that we will continue to see everything."
lilygoulder/pl-en-intermediate-learner-english,Polish,intermediate,B3,l2t,holiday,1,"I am a teacher and I am from Poland. In my life I love the holiday of the Russian Empire, which is celebrated by the Russians as the birthday party of Warsaw-based International Society for Children. It was last time when I lived in Warsaw before this event. There are two main events at the start of my life, one of which will be organised around the world. The first is our birthday cake. The second is the wedding party. It's going to be like the most important thing. On the other hand we'll go to the museum because it's really fun. And if you want to see people in Poland, I think that maybe even more interesting ones. You may find something very funny! You can also play soccer or guitar games with kids. Some of them won't get anything bad done and they would try to make their own cards and cards. But let me know how much you enjoy your holiday! My birthday cake is a favorite food and I'm going to celebrate it. If you've got any luck, you could buy it. Bye, thank you for your help! What's more, I hope you will be happy and happy. I believe that everyone has some nice holiday. This day we had dinner in Warsaw in Warsaw. We went to Warsaw where we were sitting on the street. Nowadays we had big dinner at school and now we had lunch every day. We did the same. Everyone liked everything. I remember many things I enjoyed."
lilygoulder/pl-en-intermediate-learner-english,Polish,intermediate,C3,l2t,family,1,". We all know that people like to live with animals but we also need something like this so we want to make sure they are very happy and happy.  So let me explain my opinion by going to Poland.  I can't afford to do my research on the topic of food, but it does not mean that we don't like meat. It is only one thing. My husband's had a great pleasure in eating chicken and potatoes because he eats rice and vegetables. When he comes home she has dinner and breakfast. She wants to go to a restaurant and eat meals and snacks. However, when we go to a shopping place we will find some people who have lots of friends who are tired and want to come back. The most important thing is to try to buy a good price at least $50 per month. There are three things. Firstly, there are four types of money, two of them being put together and one with someone who isn't working hard. Secondly, you can pay more attention to other expenses and be able to spend less time on our business. If you decide to leave you will be able to pay more attention if you want to get paid. Secondly, it would be easier to meet new people. Some people might choose to pay more money than others. To better off, we could buy something from foreign countries. That way, we would stay focused around our country. There are plenty of people who think that we shouldn't be willing to change their situation."
lilygoulder/pl-en-intermediate-learner-english,Polish,intermediate,A1,basic,hobbies,2,"You are going to go shopping with people who stay in a car. You are going to buy something on your property, which is good luck. I have a few days of activity when you get back from school or walk. Please tell me about my plan for trips around town and how many times we could visit it. There are plenty of restaurants which are packed with family and friends. My main task is to make sure everyone has time to sleep. I like being a big friend because he loves doing everything. He likes doing things. He also knows what is nice and enjoyable. She's very happy to be able to attend our classes. Let us know where you are looking. If you want to live well please let me know if you want to join us. It's important not only to travel but also to learn new skills. There are many interesting places on the beach and there are some hotels which you can offer and they will meet. There are lots of restaurants that you can offer but i hope you'll find them. They are great. This is a wonderful place! It was very exciting. Thank you for sending me emails. I am happy to hear from you soon so.   Hi, I'm going to take part. We had a couple hours ago."
lilygoulder/pl-en-intermediate-learner-english,Polish,intermediate,B1,basic,holiday,2,"Her birthday is from the beginning. It's very celebrated when there are many people in town. You can remember a lot of things that were going on in the morning and at night, so it's a very nice time for me. I like my birthday. I always go out by bus or bus and maybe we will be visiting another city. Maybe we'll be looking into our place and seeing some birds or plants. I want to see this country and not only. There is also a great opportunity for us to visit another city or city. However, you should make sure you get around the corner and listen to any music, which you enjoy. What about a big restaurant? There are lots of restaurants, but they are also interesting. Some restaurants are more popular than others. They are also delicious. The most famous thing is that if you take too much food and don't drink enough water before bedtime! If you have any questions, please let me know. I'm sure you'll find some dishes and other meals. If you have a good meal, do not eat well. Let's try to answer some questions. Firstly, I think it's really safe. I would love to hear from you soon. After all, we could meet new friends who might come next to them. It was fun. We did something beautiful with our family. Even though we didn't even want to join us."
lilygoulder/pl-en-intermediate-learner-english,Polish,intermediate,C1,basic,family,2,"likes to be very happy but has more important role than being in town.  I like to see a lot of people doing it.  I think that this is because of the fact that there are many things going on here. They need money so they can go to school or live with friends.  I also love to play football because I am always tired and I feel anxious when I get out. It seems to me that we all will meet in town where I live.  But the best part of our lives is staying home for us. We all come from places like cities or villages.   This means that we must stay on a walk every day if possible.  If everyone goes to town this way they'll not be able to walk wherever they want. Bye. So the most important thing is that we would like to spend time with ourselves. I really don't know how much we spend time with others. Let's say.   And then let's try to answer what this article does and why this article is going to help you make better decisions. You might ask, 'What's going on?'  What do you think about the topic of this article?'  That said, it's very helpful because I'm sure that everyone agrees. I agree."
lilygoulder/pl-en-intermediate-learner-english,Polish,intermediate,A2,mixed,hobbies,2,", I'm sorry that I am going to a party of  people. It's really nice and beautiful place. I live in the city centre and I want to have some ideas about my country. The town is very nice and interesting because it's really fun! I would like to have good luck with our local people.   There are lots of things we need to make every day but when we get out there isn't as bad as we have done so they come to me home. We will be happy with us and you'll find something which can help us more efficiently. In my town where I live is  lovely place - see you tomorrow next year.  As I've seen it now I think we should change everything from time to time. On Sunday afternoon I have come back to school at 6 pm. My friend said he was looking for him again and he got me in bed. He also told me how much I didn't know about the trip. I'm sure I could go on tour to the museum or even go to the park because it will give you a lot of opportunity to meet new friends.  So, please, I'd like to write this article to you soon.  Nowadays it's too late. I hope you'll stay well in your town in order to visit you. You won't have to worry about the weather."
lilygoulder/pl-en-intermediate-learner-english,Polish,intermediate,B2,mixed,holiday,2,"o 19:40  my name is Natalia. I'm from Poland, a lot of Italian country and Italian country. I love Italy, a lot more Italian than any other country.  My sister's girlfriend is Maria, she's beautiful and loves the island. She's very happy. She likes Greece, Bulgaria and Germany. Her family are very friendly and beautiful.I think she'll be well-known for your visit. I hope that this will help me learn more about Italian life in Italy.   She doesn't like Italian cuisine because it's good for us. If we want to stay in Florence, we can go on our bus or walk to the city centre. The best thing about this day is to know what we're going to do with our neighbours. It will be nice!  This day, everyone should meet with their friends who have been very friendly. We would like to tell him if he wants to see them. She can tell me why this happened. He could not tell him if his father was born. In the future, there will be no doubt about his parents' home. You will also try to make sure that this will be done by going back to the airport.  When you arrive, please let me know how you were going. Bye."
lilygoulder/pl-en-intermediate-learner-english,Polish,intermediate,C2,mixed,family,2,"# I live in the UK. I live in London but my husband's brother and I live in Sydney. My father was born on August 30th, 1891. He married his mother after her death. She had three children; one from Poland and two from France. Her father died last year. His parents were both young and beautiful. We need to understand why we are different than we like them. I think that this is really important thing. Let me know how much things do you want of your life! Are you happy? Or maybe it's not something new? A lot of people who love living with their relatives live together. I'm very concerned about the situation. It seems like you would be happy when it comes to your decision. In some cases we can talk to someone who loves living with others. There will be a lot more people who love working. Byeying can cause us to feel sad, depressed and even worse. Byeing always gives us hope for our future and for many years they can become better friends. If you're lucky you could start to get back at home. For example you might find an article about where you can buy my family. But there isn't any real estate so don't worry if you need to go shopping with someone because of what you want. On the other hand, having fun with everyone is helpful too."
lilygoulder/pl-en-intermediate-learner-english,Polish,intermediate,A3,l2t,hobbies,2,". There are many  people who have not been there. Most of them live in Poland, but this is a good time to learn new things. The city has few places with little family members who need help from other friends. You may be able to find someone else who would like to see you. There are only two kinds of people who live in our town.  I am sure that we will join together and then move around the town.   If we don't want it to happen we'll get to Poland. If we want something to happen we should go by going to Warsaw. We start walking in the Warsaw area where we really wanted to spend time on holiday trip. It's very hard to come out and talk about how much money they need for their lives.   In my town we were able to walk in the Warsaw ghetto. There was no change. Some people decided to stay at Warsaw ghetto because they had to wait for help. Then we went to Poland. And as soon as we got away there we could travel again. They started shopping in the Warsaw neighborhood. This idea was called 'Kotos'. So if we didn't give up the city we would have to go to Polish ghetto. So it's really nice place to have fun!"
lilygoulder/pl-en-intermediate-learner-english,Polish,intermediate,B3,l2t,holiday,2,"I'm very sorry that I can't travel around the world because I live in a small city and it's hard for me to get back home. However, I'm not sure what will be next year. It's more than four years old.  But there are plenty of opportunities for us to stay at home. You'll find some interesting place for yourself! And if you're lucky you should visit our country and find a nice place for everyone. If you've ever visited my country we would like to go shopping out or visiting another island. We might enjoy movies and books in our local area. In my opinion is going to have fun. What do you think? Is it possible? Have you tried this? I believe that with all your information I'm able to answer yes. My name is Justyna. Thanks for your feedback and much more importantly I am happy now. This trip was very good. I spent time with friends but never did something better. The first thing to consider was to meet someone who had lost his life. When I was 3 months ago I wanted to make a birthday party. That's why I came from Poland. I'd like to visit Polish people and ask you to write down your ideas.  How are you doing?"
lilygoulder/pl-en-intermediate-learner-english,Polish,intermediate,C3,l2t,family,2,", I think that there are some interesting things to consider when choosing to do something. For example, if someone likes to write on a paper but it doesn't work. The good news is, however, not everyone agrees with what is true. It is very important thing to know when to decide what is true, as long as possible. In my opinion most people who want to make a decision about something should take care of their families or friends. Byeasy, I understand how far we can decide to decide which party has been chosen by others. So it's really hard to answer this question because it would be nice to find out more easily. Perhaps it will help us, but it won't hurt us.  What could mean? Are there other ways of doing something? Firstly, I'm sure that is not good. However, I don't believe that any person will choose another party. We shouldn't like everything. My parents, grandparents and grandchildren all agree that no one will be happy to meet them. Secondly, I am quite sure that only those are healthy. Therefore, I would like to recommend what is true for our lives. Unfortunately, I disagree that this way is better. You may wish to try some advice from the expert so that's why.  If you want to make matters worse, then let me know about what is true and I hope you'll get a chance to see your family."
lilygoulder/pl-en-advanced-learner-english,Polish,advanced,A1,basic,hobbies,1,". The first thing I have done is a lot of work, but I've always wanted something very important because it was really useful. It could be a fun activity. Sometimes we go on a walk or walk as a result. We don't need any kind of things that are very helpful when doing our tasks. But we want to learn how to use some types of games such as the internet,  which is used by us during our stay with friends. I'm sure there will be more opportunities than I would like. Let me know what's going on here? I'll never forget about my family, so if you have something, you must change one of them! You can do this using other types of games, so let me know what to do next time. If you can't do it yourself, it will help you make good decisions. Not only will you buy money, but also pay back and help me decide to change my job.   One hundred dollars in case of a car accident occurs when someone goes into the car. In fact, it may cause serious damage to the car while driving. So you should try to find out why you need some extra space. I would recommend visiting a taxi or walking near your city centre. The biggest option is to move around the road before you can drive from your destination. It helps you get better and allows you to keep track of where you are travelling."
lilygoulder/pl-en-advanced-learner-english,Polish,advanced,B1,basic,holiday,1,",  and  my wife is very beautiful. She's very nice. Her family name is Anna. I'm from Poland. There are several people who love Christmas. We all know that we go in the morning when it's time for us to come. In my older brother, we go in a restaurant. My mother always tells me she is going to the evening because of something else. So, as long as she will meet you, she'll be happy to see you again next day!I can't wait if you want to visit me. I hope you're well. Let me tell you where you live. I'm sure, you know how much your friends are. What's more, I am able to travel to London, but there aren't many things in which you can make dinner. You could also do it, so, don't worry if I can bring up anything. It seems like everyone is looking forward to this holiday. I really believe that there was a big event here. I think it would be interesting to hear from you soon. It might not be possible, but there isn't any chance. It's absolutely necessary. To say, there was a great opportunity for us, to learn more about the holidays. We've done some wonderful activities at home. The first thing I didn't like is learning new words and doing other things. I'd like to share with you what I said."
lilygoulder/pl-en-advanced-learner-english,Polish,advanced,C1,basic,family,1,"I'm going to go shopping in my city. I like this idea because it's very interesting to hear from people who think they are not good friends with their family. They love nature and it's really nice when you are looking at pictures of big families. It's amazing that we all feel happy when you're looking at the movies and books and they live there too! You will find out how much money you spend on a family? We need to be honest and trustworthy.         Please don't hesitate to send me emails via email but I can tell you what's more important than what kind of family or family life might have been right for you. The only thing that I am sure is that we'll give us some advice for our children. The most important thing to remember is that we can always make changes as soon as possible. To my knowledge, I have never thought about making change of family living. However, if parents did so, then I was able to share some information with them and maybe even more. When they came home, I was told by someone. What kind of things could affect future lives? That would be a better choice. But I hope to see you soon and again. If you want to know something new, please let me know."
lilygoulder/pl-en-advanced-learner-english,Polish,advanced,A2,mixed,hobbies,1,"is a very important activity for us all. We are really interested in learning about this subject, but I think that it's more of a big problem because we are still able to solve the problem and we are looking forward to going on course with some help from our local library. We should have the opportunity to learn new skills and also learn new skills.  I'm sure that I am working at my school because I have found a great place to start.  It's very interesting as I'm thinking more about what it means in life than what has been done before. But I don't need to be too busy.  I've always had an easier time doing things like reading or writing. However, if I want to go there, I will start to feel more relaxed and quiet during the day. And, I'll say, I was tired when I came home, which I hope would make me happy and happier again next year. I'd like to see you soon. I'm not so anxious, but it could change your mind. I know how you're feeling. My life was short-lived, but now I haven't learned anything. I believe that something is better for me. I think that everyone should exercise regularly after a few weeks, especially after every meal."
lilygoulder/pl-en-advanced-learner-english,Polish,advanced,B2,mixed,holiday,1,"Wesele, swieta, Sylwestra, Swieta i Sylwester. Aura? I love this day's holidays. We will be celebrating the birthday party in my house, so please! You can do your homework with me. The most important thing is that when you're going shopping, you may have a chance to make a fortune for yourself. Let me know if I want to prepare a trip or visit you on Sunday (and maybe next month). My husband would like to go to bed and we'll get home at 2 pm. He will come to us from Germany. We are all happy!  In my last year he was walking around the world. After going abroad he went to Australia and found work in London. Next time he took up residence there. We are going to dinner on Saturday. On Thursday we got our first job at the airport. It was very nice to see him again. We were looking forward to his arrival in Warsaw. I hope it's good luck. I'm sure, I'll tell you where you should go and if you need help. The weekend, I've been travelling with friends, so I can go out of Poland, but I still don't really feel like doing anything. She was just going to be here. What did she say?  Love, Alice. We had great fun."
lilygoulder/pl-en-advanced-learner-english,Polish,advanced,C2,mixed,family,1,"to my personal opinion that we are very important in our lives. I hope that all of us will be happy, but I want to share with me some advice on how to deal with stress and anxiety. Please don't worry too much about the quality of life - it's good to live at home. In my case, if we need help from people like me and can provide support, please give up your car and take care when they come back from work. It helps them stay healthy and relaxing. They also get better with their families, which makes them feel more stressed during life time.    What do I think about my relationship with friends? Perhaps we could write about some different ways to cope with stress and find solutions to make sense of the problem. Firstly, we might ask ourselves why we really love being alone. Secondly, we may not have enough information to answer questions. We might try to answer this one. For example, if we were younger than 5 years old, we would spend longer hours doing sports or running. Or maybe we had to wait after a few days without any new clothes. But again, maybe we should consider going forward to another day. As an extravagance, especially before age five, we might decide to meet new people who already know what works best.  Finally, as far as possible, I'm confident we'll go ahead and change things."
lilygoulder/pl-en-advanced-learner-english,Polish,advanced,A3,l2t,hobbies,1,"You have a lot of fun, activities, games, reading books or playing football. It's also nice to hear from you! I'm sure you will be very excited about your city. There are lots of interesting places like Poland and many other towns. If you want to go to London or Stockholm, it is definitely nice to see you. It is fantastic place to watch movies and learn how to play music. You will find that some people may try to use these places but most people have little idea what they should do. They need to stay in their home and spend time on our busy day. It was not possible for me to find something new which I would like to think about. Please don't worry, this helps us better. We can play football in a number of ways, so let me know where we'll come from. On the other hand there are plenty of places like Berlin. We also have small shops such as Prague and Prague. If you really liked my city, please tell us about visiting Poland. Let me know if I can visit Poland. I'm happy to meet you soon. On the second floor there are a few tableaux chairs. On the third floor there are two tableaux chairs in front of each table. The main point of the table is the table. There are only two tableaux seats in front of the table. In the middle of the table there are two tables. You should read them, especially if you want to study. We also"
lilygoulder/pl-en-advanced-learner-english,Polish,advanced,B3,l2t,holiday,1,"###: Hello, I was born. I spent a month at the Zoo and I spent some time with my friends and family for two weeks. Nowadays, you can't take part in our holidays. It's very important that you leave the zoo in front of your computer. You should always check it out as soon as possible. Let me know if you wish.  My name is Joanna. I'm from Poland. We are going to visit us in Warsaw, Poland and we're going to see more animals than any other place where I live. We'll be looking forward to seeing more pictures. This will be very exciting day. In Poland you must stay at home, but there isn't enough space for cats. That is why I think everyone is happy, because everyone loves animals. Everything would love to come!  On Sunday I'm going to meet another puppy (and she will be nice), which is also lovely. I hope this is a great opportunity for me.   I am very happy. She will tell you what I want to see next year, but I still don't like how beautiful they are. I really love nature. I hope, if I had ever seen them again. If I did this, I'd like to see you tomorrow."
lilygoulder/pl-en-advanced-learner-english,Polish,advanced,C3,l2t,family,1,"I'm really curious how big family are. What's more, they don't like larger families but it can be interesting to see their growing number. The number of people with smaller siblings is very much higher than their parents. So if you want to know how big family is, try searching for the dictionary. Firstly, you can find words that you would like to use, such as 'family name'. Secondly, many people might not like large children because their fathers' wives were young and they had no sons. They'd love to live in Poland. If you were younger then you could easily buy their own house or go shopping at a store. That way we will all need to make sure that our family lives in Poland! We should talk to everyone who is good friends and loved ones. Some people may choose to leave Germany, but in my opinion we're going to better manage our country.   In Poland there are two things we shouldn't do. Firstly, it is very important to consider what kind of family is and what type of family you are. For example, you should consider where to start. This means staying on top of your life. Secondly, the best thing is to stay well -  before you arrive home. I think the most important thing is to make sure your family has plenty of time, so make sure they have enough space, too."
lilygoulder/pl-en-advanced-learner-english,Polish,advanced,A1,basic,hobbies,2,", Making a good day is not only important but also enjoyable. It's very interesting. It takes time for us to think about how we should go doing with our children. However, it isn't enough for them to learn new skills. If they were lucky they could play soccer and other sports games as well. The best thing of all was that learning fun was easier than playing computer games or playing video game. Therefore, when I did something like that I would never say what had been done. In my opinion this may have helped me to develop some kind of mental health problem which might be used to help others. I know there are two things which are very helpful to improve physical health. Firstly, I'm looking forward to spending money on sports programmes because I really liked sport. Secondly, it helps me to write more about sport. I want to find out why I'm interested in sport. We need to live outside and enjoy life together. Secondly, every activity has one plus minus minus minus minus. So let's start thinking about it. You will have to decide whether to spend anything. Nowadays I am very excited about this idea. It means that if I don't pay attention I can't get paid. Nowadays you get up, but not everyone feels happy about having a good holiday! Secondly, we must change everything. Byeavorably, I can make changes from the holidays.  When I'm finished, I'm glad to see you soon."
lilygoulder/pl-en-advanced-learner-english,Polish,advanced,B1,basic,holiday,2,"I've visited my birthday party in the garden for a while and it's really cool! I love going back home from time to time and not doing any work or homework. It's very nice place to go visit me if I want. Please let me know what I'm going to do next year when you will go vacation. Let me tell you why I did this last year. You can't wait for your next meeting with my family. If you want to go to bed with your husband after that, you can make sure she is sleeping at night. We had a lot of activities during that time but we didn't spend all money, so we usually spent some money on our favorite food. I don't think about them anymore but they are good places to stay. You can live alone on the beach and go to a park in your town. You can always take care of everything you like and stay there forever. There are plenty of people who have to be able to help us and we could be happy again. Thank you for your support. In my opinion my birthday party was too busy. There were a few things I wanted to do. My name is Anna Maria. I liked visiting my favourite country but I never saw anything. To do it please let me know where you live. Bye, I hope you enjoyed your holiday."
lilygoulder/pl-en-advanced-learner-english,Polish,advanced,C1,basic,family,2,"The main thing is to know what kind of people are doing in order to make friends. I am always curious about how many different kinds of things would be useful if we could try to answer some questions like this. In my opinion there are two types of relationships - friendship, friendship and mutual relationship. There are four types:- friendship and partnership. One of them involves giving a gift, a chance to get married or marry, or something to be married. It's important for us all. However, it seems that each other can be very important in our lives. For example, love is good for everyone. If we were lucky enough, we could start a life with a happy life. That is why, when we get up, we can't wait for the best news ever!  The reason, however, is that we can live happily in a long time. Let me hope you will find another one more interesting than yours. We can also buy a few items from a friend who has the same favourite style but that's really nice, so let's not forgetting it. On top of that, I am confident that you'll give up on new ones because we may be able to change our lifestyle as well. It doesn't matter much which type of people would choose, but it's very difficult to determine which type of person they want to do. It's very difficult, especially if we don't like how much we wish to eat, but it is better for"
lilygoulder/pl-en-advanced-learner-english,Polish,advanced,A2,mixed,hobbies,2,".I like my town but I love it because of the things that we have done in our town. We are learning new stuff and living in a town. It's very important to know what is going on next time, how will you get started? My family live in the city so they know about something.  I'm from Poland, where I am living. My mother was born in Warsaw. She had a nice childhood but she couldn't walk without walking. Her sister's been a nurse for seven years and she wanted to help me with my life.  I spent two hours at school. I have only one chance to go to the hospital every day. And there are many opportunities for getting started. You will come back soon after you start to work. There are some people who want to join.  I would like to share with them a lot of information. We were really busy. But not everyone would agree to joining us. To see this people live please let us know if you would like to take part in your stay! I hope you'll be able to tell them you soon. I think that we should bring together people who are interested in doing their jobs. I'm glad that we could make money in the future."
lilygoulder/pl-en-advanced-learner-english,Polish,advanced,B2,mixed,holiday,2,", I have two new friends. My name is Maria i Anna. I love my job and I like it. I love the house but I prefer to work on a small apartment because of the weather. We are living in a big restaurant. We are going to take care for our pets. It's very easy to see that we will spend time with animals during the holidays. The next thing you can do is make sure you don't worry about the plants in your garden! You can do this by taking care of plants at home. You should know how much your pet needs so please check out the list for the best products in my book. I'm happy that you'll come back soon if you want! To read more visit www.myhousefairs.com or http://www.myhouseflairs.com.You can also find bookshelf. I hope you would like to bring them to you. If you can help me, I think you'll be able to get some wonderful things from your friends and family. It's really hard to say what you need to share with people. And I agree, I hope you enjoy the holiday too. I'm glad you're pleased. In my opinion you shouldn't leave your mind."
lilygoulder/pl-en-advanced-learner-english,Polish,advanced,C2,mixed,family,2,"Menu: What's more, the internet has been around for quite some time now, but it hasn't changed since then. It's very important to learn that many people are not as smart as they would like.   On the other hand, when it comes to being an adult, I can say, 'I'm going to live in a large family house. I'm looking forward to hearing from you and maybe you will be on a long walk with your friends. But, if you've got something wrong you shouldn't spend any time with my family, so, I'd like to live in close proximity to their home and have dinner.  On the other side of the Internet, there is no need for anything, because we all need someone who wants to know them. The only reason why I think that this might change may be that I do something stupidly - it's easier than it could possibly happen, especially for me. Even though, it may even make sense to get to the bathroom at night and sleep after a few hours. Not sure how can you find out? I wouldn't recommend me to go to bed. I also don't want to give up on Saturday evening. I always hope that this will help you relax, stay calm and relax."
lilygoulder/pl-en-advanced-learner-english,Polish,advanced,A3,l2t,hobbies,2,", I like writing about my town. I am from Poland. There is a city that's beautiful and quiet. It's very friendly and tranquil. My job is to write a short story about my city. I love visiting it and listening to music. I'm not sure what will happen next time. The first thing is - I love traveling with my family. However, it's a good idea to visit us on Friday evening. We have been there since the beginning of the day. It was fun in summer when we were going to our house. Nowadays there are some things that could be made from scratch. Firstly, my family has been looking forward to seeing a lot of trips around the world. In autumn we have been doing something special which they wish to live. Nowadays we have no chance to spend the entire year or even go anywhere. It would make me more aware if there are any change. Also, this gives me a sense of how much money is worth. And also because of this, I don't think that I should get out of Warsaw. This means that we will need something other than walking. That is why I want to stay close to Warsaw! I hope that we'll see them again soon."
lilygoulder/pl-en-advanced-learner-english,Polish,advanced,B3,l2t,holiday,2,",  I'm curious how my name is Anna. I was born at the age of 11. My mother's father's dad, but she never married. I had a long-term illness and when I was young we moved from Poland. She became ill for three years. We were very sick and died soon after. Nowadays, it is very rare. The last two months I live in Warsaw are extremely hot. I can't stay home on Sunday because I've really enjoyed a vacation, but there is no chance that I will visit you tomorrow. There are many beautiful places like museums or parks, where everyone feels comfortable with their surroundings. It is nice to see this amazing place!  How did I start? Well, you know me very well, just think about the weekend. I am happy, I hope you'll be able to enjoy the day! You're going to go to the park!  Hi,  I'm sure you won't have any great time here.  What do you want to tell us about the holiday? Please let me know.  What happened next month? I'll talk to you soon.  What does it mean? I love nature and I don't understand what you wish.  I can remember some holidays now. And I hope you will be happier than ever before. I think about the future of Polish travel and I'd like to come back later."
lilygoulder/pl-en-advanced-learner-english,Polish,advanced,C3,l2t,family,2,"I wish to write my answer on my emails. I will make this statement from my parents. It's very important that we are happy. We live with our families, friends, we work at home, we play sports. The next thing is to love dinner. We eat pizza and drink water, if we want it. If we don't like cooking food we could also buy clothes and chairs. We can cook dishes as well as pasta, potatoes, vegetables etc. We can eat bread and cookies. However, there are some other reasons why we need to do the laundry. For example, we would not be able to use computers and tableau so we could buy books and books. We might spend time with us. Our children may forget their names and they can take care of them when they get sick or we would come back to the hospital. To me, that is not just the topic but also the topic of my life and I hope that I will find new solutions. We all know how things are going. My mother has always been good at learning. She is really happy and she does something great. I am sure that everybody is happy! Bye  What's more, the situation is similar to what happened in Poland, because every country is different, every nation has different needs. But, that doesn't mean that everyone is happy, everything is healthy, every person wants to have health and happiness. That's where we should start. It seems that in Poland"
lilygoulder/tr-en-beginner-learner-english,Turkish,beginner,A1,basic,hobbies,1,", I am sure that this activity is interesting and enjoyable. There are many things near my home or on the internet. We play tennis because it's fun. In the afternoon we watch movies and we play guitar. We go swimming and swim again at night. The weather is sunny and rainy. The weather will be wet. We walk very well. My home is sunny and hot. Because of rain the birds are not good enough to eat out of water. If you want me! See you later. Suat. Best wishes for you! Ahmet Demir Ayhan. Best regards. Ahmet Demir Ayhan, Serkan Demir and Hakan Demir. I'm not a student in my school. Bye! Hakan Demir, Best regards. Murat Demir and Hakan Aslan. Best wishes Ali Aycin. Best regards, Mehmet Demir. Bye Erkan. Mustafa Demir, Best wishes. Ayhan Demir. Best wishes Adem Demir. Erman Demir, Bestays. Erkan Demir. Best regards... Ertan Demir. Best thanks, Sevim Demir. Good bye. Bye. Erdal Demir. Best, Ertan Demir, Best thanks. Bye Erdal Demir. Ertan Demir Best... Ertan... Emrah Demir, Beste Ertan Demir... Best... Erdal Demir. Sevim Demir"
lilygoulder/tr-en-beginner-learner-english,Turkish,beginner,B1,basic,holiday,1,from my friends. I am not sure that we are here. We are a lot of people in the city. The weather is sunny and hot but it's very cold. We go to the beach because it's too cool. See you soon! Hlya. I'm very happy. How are you? Bye! Sophia. Thanks. Murat. Goodbye. Bye! Adnan. Thank you for your help. Goodbya. Ayhan. Bye.... Veysel. Haluk. See you later. Bye! Haluk. Davut. Bye. Haluk. Bye.. Harun. Bye :) Haluk. Benden. Benden is good at night. Benden. Benden is very busy with me. Benden also is really beautiful. Benden loves reading books and playing computer games. Benden likes playing chess and playing guitar. Benden thinks you love them all day. Benden doesnt like music. Benden isn't like listening music. Bten makes me feel better. Benden says that he has a big baby. He doesn't know how many things you can do. Benden told me how much money you will be. Benden notes that he wants his birthday. Benden has got a nice family.
lilygoulder/tr-en-beginner-learner-english,Turkish,beginner,C1,basic,family,1,". I am not doing anything in my life but now I love my father because I like my brother and father. My mother is very happy and fairly thin. I can speak English. There are many people in my family. They sometimes go to business trips. My sister is very young and she likes this job. We can play tennis on time. He has short blond hair. He lives in Izmir but he doesn't like it. I don't know if you want to be together. I am sure that you will help me. See you later. Bye! Hakan Demir. Best regards, Volkan Ertun. Ahmet Demir. Aliosman Gkusz. I'm very happy with me. I am very angry because I don't want to be alone. Best regards; Mustafa Erkan. Best wishes, Deniz Aydin. Serkan Demir. Best wishes and Emrah Ertun. Best wishes; Burak Ertun. Mehmet Demir. Goodbye. Murat Demir. Best thanks... Ayhan Demir. Best advice. Serkan Demir"" Melih Demir. Best friend Veysel."" Best wishes to Levent"" Best wishes Haluk Ertun. Sevim Ertun"" Best wishes Ahmet ERKAN"" Best wishes Emre Ertun."" Best wishes Serap"" Best wishes Burak Ertun"" best wishes Haluk."" Best wishes Ahmet Demir"" Best wishes Volkan"" Best wishes Kamil."" Best wishes Suat"" Best wishes Melih"" Best wishes Hakan"" Best"" Haluk"" Best wishes Erdal"" Best"" Best"" Emine"" Best"" Oz"
lilygoulder/tr-en-beginner-learner-english,Turkish,beginner,A2,mixed,hobbies,1,". My name is Deniz. I am a student at Turkey. I like playing soccer and swimming but I don't want to speak it English. I want to go to abroad. In my opinion it's not important for me because it's interesting enough for me. It's very exciting for me. I like watching television on internet and surfing internet. I like listening music. If I want to learn something about the subject I would like to see it again. Please help me soon. See you later! Deniz. Bye Deniz. Deniz. Yilmaz. Deniz. Deniz.""anadolu University. What I want to do with this? Do you want to play tennis? How are you? Where do you want? Do you have some fun or sport? Why don't you want to dance? Why dont you want to swim? Can we need this sport? What do you need? How many people choose what kind of activity? Because the sport will be good by the way to stay here tomorrow in istanbul? The best thing for us is my city. I hope there will be a lot of things you like sports. If I need it, I would like it. Best regards. Deniz. Volkan""Anadolu University."" I'm so happy. I love doing basketball every day but I dont like any other activities. I think that it's too difficult for me. Maybe it'll be boring. When I started our school teacher. I learned the music. But why I"
lilygoulder/tr-en-beginner-learner-english,Turkish,beginner,B2,mixed,holiday,1,"me and my friends are in istanbul. I'm very happy now. I have a birthday. Nice to meet you too soon. Bye! Murat. Goodbye. Murat. See you soon. Hakan. Haluk. Bye. Suat. Volkan. Burak. Osman. Mehmet. Ahmet. Suat. Yusuf. Aliosman. Aliosman. Best wishes Mustafa. Bye Suat. Ahmet. Best wishes Yusuf. Ayhan. Ahmet. Veysel. Bye Adnan. Mustafa. Ahmet. Kamil. Aliosman."" Murat""Buse"" bye"" Osman. Aliosman"" bye. Buse"" by. Haluk"" bye."" Ahmet"" bye!"" Buse""by. Buse."" bye"" Buse"" Bye."" Buse""vere"" bye..."" Buse"""" bye?"" Buse"" ""bye"" bya."" Buse."" See you later Bya."" Melih. Buse. Buse? Buse."" Buse?"" bye"" byine."" Buse. Eda"" bye"". Buse"" Haluk"" byee. Buse!"" bye"" Haluk""by"" bye Buse"" Aliosman""by"" Buse. Haluk"" Bye"" byee"""
lilygoulder/tr-en-beginner-learner-english,Turkish,beginner,C2,mixed,family,1,"me my opinion that there are many things in our life and we need to see how much of them will be more enjoyable than any other thing. I would like to say that there are some things that make us happy. We can not live together with their family; they aren't able to make a difference because it's too difficult and l mustn't play computer games. This same conclusion is why i think we can make something better by doing this way and if we don't know what they do or what they are doing, these people who can say anything very tired but never do us learn new languages and solve language problems without thinking we can go around with them when we can find their own language which we can speak. Therefore we can't get bored while they come back on time and we can't help them. It is sometimes necessary and rewarding. They should always talk on the phone and use gestures instead of hearing from them and they should never watch a movie. If we want to be honest at home we can have one day a month holiday every year and we can take some break in a week. Sometimes we can not sing music, we can not feel afraid but we can't hear another person. See you soon. Bye! Veysel"
lilygoulder/tr-en-beginner-learner-english,Turkish,beginner,A3,l2t,hobbies,1,", I can't surf but I don't like it. But I don't have a lot of fun. It's exciting because I love it. I can not go a tent and wear sunglasses. I like play football on my birthday party. I can drive a bike and swim but I can't ride anything else. I can't dance and sing. I can also play drums and chocolates. I can play guitar and sing drums. I can surf so much. You can see my friends too. Bye! Ahmet AYDEMIR. Ayhan AYDEMIR! Best Regards, Erkan Aydin BAYRAK. Ayhan AYGURTA. Ahmet AYBALIK. See you later Ayhan AYDEMUR. Ayhan AYDOGAN. Osman AYDEMIR... Ayhan AYDEMIR. See you again Murat AYDEMIR.. Ayhan AYDEMUT.. Mehmet AYDEMIR :) Bye.... Hakan ERKAN. Ayhan AYBANLI. Ayhan AYBOLILMAZ. Mustafa AYDEMIR! Mehmet AYDEMUR... Veysel AYDEMIR&ATIKLocation. Osman AYTACAY. See you all! Murat AYDEMUR.. Ali AYDEMIR.... Adnan AYDEMIR :)) Ayhan AYDEMIN! Ayhan AYDEMUS. Suat AYDEMIR"
lilygoulder/tr-en-beginner-learner-english,Turkish,beginner,B3,l2t,holiday,1,"from turkey but it's very cold and sunny. I'm going to go to the cinema. In the morning I like to watch a movie with my friends. I hope that i will be able to see what happened at my house. I'll come back home next weekend and see the country again tomorrow afternoon. See you soon. Bye! Sophia. Thank you for your interest. Best regards.. Murat. My favorite season is rainy and wet. I'll stay in Istanbul in September, October, August, July, July, June, and then I can get out of bed. I am sure you can come back home all night. How about you? Firstly, I want to take care of yourself in Istanbul. You know I love my birthday :) See you later. Sevim. Zleyha. Burak. Hakan Demir. Best wishes.... Sevim. Saygin. Haluk Levent. Ahmet Kaya. Hakan Demir'll see you soon. Haluk Levent... Veysel. Emrah Demir. Hakan Demir, Ayhan Demir, Yusuf Demir, Ufuk Demir. Serkan Demir. Burcu. Hakan Demir... Hakan Demir and Erkan Demir, Elif Dad. Hakan Demir and Sinan Demir. Yasin Demir. Serkan Deniz. Serkan Demir, Umut Demir. Mustafa Demir and Ayhan Demir. Murat Demir. Yasin Dad. Serkan Demir and Hakan Demir. Yasin. Melih Demir. Erdal Demir. Hakan Talan. Ayhan Demir"
lilygoulder/tr-en-beginner-learner-english,Turkish,beginner,C3,l2t,family,1,"from turkey but not too expensive than that. I urge to give some ideas about my father. But this isn't enough for me because it has so many advantages. Firstly, I am not sure how much money we need. If you want to spend money on my birthday, I will buy a new house, then you can find some other benefits like those of mortgage expenses. Then the cost savings are going to be $50 per month. The cost savings also cost savings are $20 per year. Finally, I would buy a new book and a gift card. That's why I'm happy now. So, I'll be able to see any thing with my friends. Goodbye! Ayhan. Do you think that your birthday is fantastic? Because my mother likes books but she doesn't get into the house. And her name is Hlya. She does not like books. Her name is Yilmaz. He goes shopping for a lot. I hope she loves them. I love to see you later. See you soon. Best wishes, Derya. Haluk. Hakan Demir. Yildiz, Umut. Mustafa. Aliosman. My favorite food is rice and chocolate. My favourite fruit was olive oil. I think the only option was white tea. They are good. It was very nice. I'll drink orange juice."
lilygoulder/tr-en-beginner-learner-english,Turkish,beginner,A1,basic,hobbies,2,", I'm going to go out on my birthday party on Saturday at 5 pm. The party is at 8 am. It starts at 7 pm. The festival starts at 10pm. There are many things near the restaurant. The beach is hot. Please let me tell me about it. See you soon! Ahmet Kemal Demir bye. Mehmet Ali. Ahmet Kemal Demir Best regards. Ahmet Kemal Ozge. Ahmet Kemal Ayhan. I'm taking a tent,a rug,a backpack, a bike,a sleeping bag,a headphones. I'm doing sports in my town. See you later. Haluk. Osman Nuri. Veysel Ozge. Osman Nuri Ozge. Yusuf Ozge. He likes swimming, playing tennis. Suat Ozge. Haluk Ozge. Ozge. How about you? Bye. Adem Ozge. Ayhan Ozge. Mustafa Ozge. I like playing basketball but I don't play any instrument. I have been wearing a white shirt. I like listening music. See you next time. Bye. Hakan Ozge. Murat Ozge. Veysel Ozgoz. Osman Nuri Yilmaz. Veysel Ozgen. Osman Nuri Saygin. He goes dancing with him. I love listening guitar. Mustafa Ozgen."
lilygoulder/tr-en-beginner-learner-english,Turkish,beginner,B1,basic,holiday,2,"and I am sure that I'm going to go to the cinema because it's really beautiful in my country.I can't listen to music or dance but I want to be a good person.Because I like surfing because it's too relaxing for me.My favorite is Saturday.It is so funny.And it is interesting.We are watching movies and watch a lot of movie.We're very happy because we'll stay at home.There are a lot of things I need.You should take care when you come back.Best wishes,Heyna.Hakan Demir. I'm waiting your message. I hope you will see you later. See you soon... See you later!Hakan Demir,Hakan Demir :)Hakan Demir..Hakan Demir Nice to meet you.Hakan demir.Hakan ERKAN.Hakan KARAKAYA.Hakan ARAN.Hakan AYKASAR.Hakan BANKIR.Hakan BAYRAK.Hakan YAVUZ.Hakan TURKEY.Hakan ATATAY.Hakan SOKIL.Hakan KENGAL.Hakan RANTOLON.Hakan DULUR.Hakan TOPLAN.Hakan ZUNLU.Hakan HELIR.Hakan CAHMET.Hakan TORBA.Hakan GZOB.Hakan COZ.Hakan UYSAL.Hakan ASLIN.Hakan A."
lilygoulder/tr-en-beginner-learner-english,Turkish,beginner,C1,basic,family,2,"from my family because I want to learn English as a student. This is my favorite sport in my country. My father name is Zingo. He has short brown hair and long straight black hair. She likes eating meat and eggs. She doesn't like play soccer but he plays tennis on July 5th. We are going to go to music with my mother. If we can speak Turkish language it is important for me. But this is not enough for me. I hope it will be nice for me. See you soon. Bye! Zengele. Hakan Demir. Zengele.. Suat Demir. Ahmet Demir. Ahmet ERKAN. Ali AYDEMIR. I'm very happy when we talk about him. Hakan Demir, Mehmet ERKAN. He doesn't like playing football but he isn't interested what he says about his life. He doesn' like playing basketball but he doesn't like doing sports. He doesnt like playing computer games. He goes to cinema because he doesn't know something. Ahmet Demir, Mehmet ARMUR. And there is not too much time but I am sure that there is any good day. Mehmet AYDEMIR... Ahmet AYDEMIR; I'm looking forward to see you later. Serkan AYDEMIR"
lilygoulder/tr-en-beginner-learner-english,Turkish,beginner,A2,mixed,hobbies,2,"my town. The city is very beautiful and has a nice place to see. There are many things on the mountain. I like going to go straight ahead. But there is no skiing. It's very difficult for me but it'll be great. We have been looking forward for our way of travel. But we need more information about other cities than any other country. Thank you so much for visiting our city. Goodbye.. bye.. bye! See you later.... bye. bye..by.. bye... bye... Best regards, bye.. Bye.. byee.. bye. Aliosman KILIN, Haluk KILIN. Bye! bye.. if you want to learn another language and work with you. bye.... bye.. Ahmet OKAN. Eray EGUNKemal AYDEMIR, Aliosman KILICLU. Eray DAY, Hakan ARZAK, Adem ERKAN. Eray YAZICI. Mehmet YURULMAZ. Bye. Eray KARADAY. Ahmet USTA. Eray NAME. Eray AVCIAL. Eray AYDEMIR. Bye.. bye. Ahmet AYDEMIR."""
lilygoulder/tr-en-beginner-learner-english,Turkish,beginner,B2,mixed,holiday,2,bye! my name's Veysel. I'm from Istanbul in Turkey. Nice to meet you. Bye Veysel. See you later Veysel. Veysel. I am a doctor and we have a lot of diseases. See you Veysel. Veysel I'm very happy. See you. Veysel. Veysel Ahmet. I'm sorry. Veysel. What are your health problems? We are all working. How do you help me? I love that i want to be good at the moment. See you again Veysel. Veysel Haluk. Veysel Mehmet. Aliosman Yes you can come here too. Veysel. Best regards Veysel. Veysel Ayhan. Yusuf Veysel. I can speak English and Turkish. I like listening to music. Goodbye Veysel. Veysel Veysel Veysel. Veysel Ismail. Murat. Hi Veysel. Thanks for your email. Suat. Veysel. Im not interested in your situation. It is too dangerous. I don't know what happened when you ask me. See you soon. Veysel. Mustafa. Veysel Mehmet Demir. Veysel. See You Veysel. Veysel Yusuf Veysel. Hakan. Veysel Veysel Mustafa. Veysel Veysel. Seeing Veysel. Veysel Bursa. Veysel Veysel Nuri. Veysel Veysel Yasin. Veysel. Davut. Veysel Veysel Erkan. Veysel Veysel Yusuf Veysel Veysel.
lilygoulder/tr-en-beginner-learner-english,Turkish,beginner,C2,mixed,family,2,"me  I am not in a news agency but I don't know what to do with my ideas and opinions. But this issue has been brought to my attention relating to our life. This article includes some of the reasons why we are more careful about it. Firstly, I think that I have only one day to read your own email address. As an example, if you were thinking about your own country, I will get married a couple of children. Another thing is their father,my mother is married. Another thing, they are always angry and hardworking. For instance, I would like to live in a city but it's very difficult. Secondly, I hope this position will be significant because I believe that when I go to a friend in a city, I want to go to a home. Secondly, I'm going to leave a house where I can find them and help people who might play games and make music. Finally, I hope I could say that you should consider playing games and listen to music. Finally I'll talk on the phone and explain how much money you can pay. I promise to encourage you to buy a book about it. Best regards... Haluk Demir Veysel Sahin Burak Ozak Kemal Ayhan. Hakan Demir"
lilygoulder/tr-en-beginner-learner-english,Turkish,beginner,A3,l2t,hobbies,2,"to me, I want to go out on Saturday night when I get up at 6 o'clock.I like surfing because it's very exciting and fun.In Turkey it's not interesting enough but I don't want to swim too.I love football so much.My favorite sport is golf.My favorite team sports are swimming,drinkling and tennis.Also I'm looking forward to hearing from you.Sincerely,I like dancing.I am taking a tent,a backpack and sleeping bag.In Istanbul is nice.Tahsin,Osman.Right now I'm going to go out.I have dinner in the evening.And I hope it will be great :) I want to see my friends. See you later... Ayhan. Veysel.Retin.Bye..Relieve...Anna..My favourite sport is dance but i like reading books or playing basketball.I'm wearing a t-shirt and white top. I like watching TV in the morning.But i hate play soccer and singers. I love yoga. See you soon.... See you soon. Ahmet Kaya.Nursel.Thank you?Reyseyin.Hakan Demir.Rest regards..Ahmet!Gecze..Sincer.Selda"
lilygoulder/tr-en-beginner-learner-english,Turkish,beginner,B3,l2t,holiday,2,"me I'm sorry that you are all coming here and you can't come there! Let me tell you what you like to do with the holiday holiday. I don't worry because I am very busy today but I want to go to a hotel for a week. The weather is hot, sunny and rainy. We're staying in a big city with friends. How about you? Do you like it? See you soon! Veysel. See you later... See you later. Veysel. Haluk. Suat. I'm looking forward to hear from you. Bye! Veysel. I'm so happy too. Suat. Murat. Ahmet. I'm very happy now. Bye! Suat. Ahmet. Ahmet. Mehmet. Suat. Hakan. Ahmet. Serkan. Ahmet. Kamil. Yusuf. Mustafa. Adnan. Aytenkirt. Osman. Ertugrul. Ahmet. Erdal. Davut. Mustafa. Ahmet. Orhan. Harun. Ayhan. He's wearing a scarf. Best Regards. Ahmet. Yasin. Erkan. Ahmet. Ali. Burak. Mustafa. Suat. Ahmet."" Veysel. Ahmet. Davut. Veysel. Ahmet"" Hasan."" Fatih. Suat. Ertuprat. Ahmet"" Ahmet"" Durakent. Yusuf. Ahmet"" Emine. Veysel."" Yusuf"" Kaan."" Yusuf"" Ahmet"" Yusuf"" Haluk. Ahmet"" Ertuprant. Ahmet"" Yusuf. Ahmet."" Yusuf"" Hasan"" Ahmet"" Ahmet."" Ahmet."" Ahmet"" Ertagent."" Yusuf"""
lilygoulder/tr-en-beginner-learner-english,Turkish,beginner,C3,l2t,family,2,to me that I am very busy. My father likes books and chocolate. He doesn't like anything but he doesn't like it. His name is Zuleyha. He loves eating out of the house. They are very interesting than other family. My mother is more cute than other family than my sister. She doesn't like any one family. He has long legs and short feet. She can be a friend. We love them because they don't like any family. We must go to cinema with friends. We also want to make a cake. What we do? My brother likes books. He likes reading books. He loves reading book. He likes listening music and watching TV. My sister likes playing tennis. He likes writing books too much. They like listening music. They listen to music. See you! Zuleyh. See you later. Bye! Zuledha. See you soon. Ayhan. Yusuf. I'm sure. See you... Zuleyhs. See you. Harun. Zuleyhan. How about yourself. I think I know you very much. Nice to meet you. I hope you. Hlya. Bye. I'm happy. Bye.. I'm so happy :)
lilygoulder/tr-en-intermediate-learner-english,Turkish,intermediate,A1,basic,hobbies,1,"I like swimming. I don't like surfing because it's too dangerous for me. It's interesting but it doesn't hate any sport or sports. If we go out on time, we can always swim in the morning and evening. We're not very busy. But I want to talk about a lot of things about the city. I love watching football once a week. I'm so sorry. See you soon! Hakan Demir, Suat Demir Selda.Also, Suat Demir is a student at school. He likes reading books and playing tennis with his friends. He has got a good idea how much he read and write about the internet. I think that it was funny. How many people are there? I hope this question will be more interesting for him. Bye! Hakan Demir Yusuf Ertugrul.Kisses, Ayhan.Best Regards, Suat Demir.Best regards, Murat.Hakan Demir.He likes reading books, and playing chess.He also loves listening music and dancing. I love reading books because it's fun for me. Aliosman.Hakan,Hakan Demir Ayhan.Have you know what kind of information about our town? Can you tell me why I should go back my home? Suat Demir"
lilygoulder/tr-en-intermediate-learner-english,Turkish,intermediate,B1,basic,holiday,1,"! I'm very happy with my friends and I have a new holiday in my town.I can't see it in the town.My favorite city is Istanbul.It's beautiful city.Turkeys are nice too.We like so much.We go to Istanbul for some time.There's a lot of people who can play tennis.The weather is sunny and rainy.We love my friends and they come here.There are a lot of things in Istanbul,but not enough for us.Sincerely yours. See you soon. Haluk. See you. Bye Haluk. Goodbye Haluk. Suat. Suat. Serkan. Adnan. Murat. Aliosman. Veysel. Suat. Hakan. Davut. Erkan. Osman. Erdal. Volkan. Mehmet. Ayhan. Ayhan. Hakan. Aliosman. Ahmet. Ayhan. Osman. Hakan. Erkan. Mustafa. Haydar. Hasan. Serdar. Burak. Erkan. Yasin. Melih. Aliosman."" Melih"" Ayhan. Aliosman"" Yusuf. Orhan. Ahmet. Erkan. Ahmet. Melih."" Ayhan. Hasan"" Ayhan"" Ayhan. Ahmet. Osman"" Ayhan. Aydin. Aliosman.. Ayhan. Ayhan"" Ayhan"" Harun"" Ahmet"" Yusuf. Ayhan"" Adem"" Yusuf"" Aytacar"" Yusuf"" Ayhan"" Ahmet"" Ayhan"" Hakan"" Alperen."" Ayhan"" Emrah"" Ayhan."" Ahmet"" Ayhan."" Ayhan"" Ayhan."" Serdar"" Ayhan"" Yusuf"" Yusuf"" Yavuz"" Yusuf"" Osman"" Ayhan"" Ertun"
lilygoulder/tr-en-intermediate-learner-english,Turkish,intermediate,C1,basic,family,1,"! My name's Suat. I'm from Turkey. I live in Istanbul. There are three people in my family: my father, my mother, my brother and i. My brother is wearing white shirt and black pants. He has short, straight hair. I don't like me because I have long blond hair. It is very difficult to see. I want to be happy. See you soon. Suat. Suat. Best wishes Hakan. Suat. Ahmet. Suat. Ayhan. Suat. Murat. Suat. Hakan. Serkan. Suat. See you later. Bye. Suat. Bye Suat. Suat."" Ayhan. Bye! Suat"" Ahmet"" in the next week. Ahmet. Kamil. Suat. Ertugrul. Hakan."" Suat"" Ahmet."" Ahmet""eater. See you then."" Suat. Suat"" Gul. Suat"" Ali. Ahmet"" in our house. bye. Ahmet"" with my sister, Suat"" in my home. We're sitting on the floor. We look at my eyes but we're not eating. Then, we feel tired of the news. When we go back and eat dinner, we talk on TV and say something that we feel good. Finally, we can play tennis and dance. Haluk"""
lilygoulder/tr-en-intermediate-learner-english,Turkish,intermediate,A2,mixed,hobbies,1,"! I am going to go out of Istanbul with my friends. In Istanbul is a beautiful city and it's very nice place. In Turkey we like playing soccer but Istanbul is so beautiful for me. It's relaxing. In summer we play tennis. We have lunch at night. In winter we eat fish and drink coffee. Because we love music and dancing. My favorite places are Istanbul. There are many things in my town. In spring we wear clothes and skirt. There is not much snowy and windy. We need raincoat. We don't like scuba diving because it's too dangerous. The weather is hot and sunny. I'm going to listen to pop music. See you soon.... Bye! Ahmet. Gkisehir.... see you again. Ahmet. Ahmet. Gksel... see you. Suat"" Yusuf."" See you later. I'll be happy. Ahmet. See you later.... Suat"" Hakan"" See you later... Haluk"" See you.. Best Regards, Kaya."" Bya... Mehmet... see you later Ayhan."" See you. Ayhan. Ayhan"" See you. Ali"" See you Mustafa"" See you Ahmet. Volkan"" Veysel"" See you, Suat"" See you next time."
lilygoulder/tr-en-intermediate-learner-english,Turkish,intermediate,B2,mixed,holiday,1,! I'm a student at the university.I went to travel in Istanbul for 3 months.I have been studying in Turkey and I want to learn English.I studied from University when I was young.I graduated from university on Friday at 8 pm and now I am working for my teacher.My job is very interesting but my country is very busy.It's exciting and boring. It is so tiring. My friend's friend's birthday party at 9pm.He's wearing sunglasses.We are going to go to the cinema with him. He's wearing T-shirt and black pants.We will be happy tomorrow. See you later. Bye! Hakan Demir.Hakan Demir.Hakane.Hakan Deniz.Hakan.Hakan Murat.Hakan Kemal Demir.Hakapasa.Hakan Kaya.Hakan Ertugrul.Hakan Yilmaz.Hakan Aydin.Hakan Kuntun.Hakan Volkan.Hakan Uyar.Hakan Yavuz.Hakan Deliker.Hakan Kubilay.Hakan Gencay.Hakan Keles.Hakan Ekin.Hakan Sevim.Hakan Erkan.Hakan Ergin.Hakan Durmaz.Hakan Gulker.Hakan CENKAYA.Hakan AYKAN.Hakan TUNCEY.Hakan ERKAN.Hakcan KILMAZ.Hakan TURAN AYDEMIR.Hakan BOZ.Hak
lilygoulder/tr-en-intermediate-learner-english,Turkish,intermediate,C2,mixed,family,1,"! I am not interested in anything from my own to find some information on this issue. Firstly, there are two reasons why you need to be careful with your opinion about the issue. First, it has been suggested that  might be inappropriate for me. Secondly, if you want to take into consideration of my own views and habits, then I will try to make more relevant information about our health, health and well-being. Another reason is that we do not know any medical problems, like us sickness or heart disease. If you accept that the medical problem, you can get rid of it by your doctor, so please consider  one of them, another reason is that you would be aware of these issues. Finally, I will be careful about this issue because, you must apply the best remedy for people who live together with other diseases. Consequently, you must follow the advice carefully. For example, I would say that you should be careful with this treatment. As soon as possible, I will improve your body's natural defenses against heart disease, which may help to prevent cancer. Furthermore,  suggest that you take medicine without knowing all their health benefits.   This article is provided below.   The other reason is that if you don't have enough money to stay healthy at home, you will always lose weight."
lilygoulder/tr-en-intermediate-learner-english,Turkish,intermediate,A3,l2t,hobbies,1,", I want to learn English about my country. I like swimming because it's relaxing but I don't play football because it is not too boring enough. In Istanbul, Turkey, I need some money for this sport. It's very exciting. See you soon. Bye! Suat. Bye. Suat. Bete! Suat. Best Regards; Ahmet Demirli and Hakan Tuba. We are doing yoga, listening music and dancing. I love yoga because it's interesting. I am learning a lot of books and watching TV on weekends. Best Regard. Ayhan... Hakan Demirli and Erkan Demirli. Best Regar. Murat Demirli and Erdal Demirli. I'm playing guitar, basketball and scuba diving. Best Regars. Ayhan Demirli. Volkan Demirli and Melih Demirli. Bye!! Suat. Ayhan. Serkan. Bye.... Ayhan. Yusuf. Ayhan. Emrah Demirli. Serkan. Ayhan. Erkan. Mehmet Demirli. Mustafa. Haydar Demirli. Ayhan. Serdar. Ayhan. Veysel. Yasin. Hakan. Aydin. Mustafa. Yusuf. Hakan. Hakan. Burak. Hakan. Veysel. Ayhan. Hakan. Erkan. Ayhan. Yusuf... Erkan. Ali. Aydin."""
lilygoulder/tr-en-intermediate-learner-english,Turkish,intermediate,B3,l2t,holiday,1,". I am so happy now. My name is Emre. I'm four years old. I am married my husband. I love me. She's very happy. Goodbye. Bye! Emre. See you later. Emre. Best wishes, Emre. Bye. Adem. Burcu. Hakan. Ahmet. Volkan. I'll be the best man of Turkey. Bye. Hakan. Hakan. Melih. Burak. Serkan. Murat. Bye.. Ali and Emre. Bya. Burak. Erdal. Ahmet. Mustafa. Bye... Adem. Suat. Bye Bye. Ahmet. Bye.... Ayhan. Bye."" Ahmet. Mustafa"" Veysel"" Veysel. Bye... Hakan. Bye..... Aydin. Mustafa"" Ahmet. Bna."" Suat. Bna.. Ahmet."" Erkan. Bye"" Haluk."" Mehmet. Bye..."" Haluk"" Bye."" Yusuf"" Suat."" Suat. Yusuf"" Burak"" Suat."" Murat"" Emrah"" Kaan"" Ayhan."" Ali."" Ali"" Volkan. Bye "" Harun"" Hasan"" Veysel"" Haluk"" Osman. Bye Haluk. Bye Hakan"" Yusuf"" Ahmet. Erdal"" Veysel"" Kaan"" Burak."" Murat"" Murat"" Ahmet. Ahmet"" Ahmet"" Veysel"" Erdal"" Kaan"" Ahmet"" Murat"" Yusuf"" Murat."" Ali"" Ahmet"" Ayhan"" Ali."" Veysel"" Erkan."""
lilygoulder/tr-en-intermediate-learner-english,Turkish,intermediate,C3,l2t,family,1,".I like my family because it's really interesting. I want to make something about me.My father is very happy but he has many children. He has long legs.He doesn't like us. We are very excited when we come together.We're going to be with my wife and my husband. They love me.They can speak English.Because they don't play guitar.There is a lot of music that they aren't funny enough.Also if we get angry we go out alone.We sometimes go to cinema or listen music.We usually hear emails.We always talk on phone.We rarely take breaks.It is exciting.I hope you will see you soon. Bye! Kamil DemirHakan DemirHakanHakan Demir Hakan DemirHakan YusufHakan DemirBozcaHakan Demir AhmetHakan DemirAhmet AliHakan DemirThank you!Hakan DemirAnna AlattinHakan Demir Suat DemirHakan GoldinglassesHakan Demir EmrahGurkluHakan DemirKemal KayaHakan DemirOsmanHakan DemirNurdanHakan DemirCem AyhanHakan DemirDance Ofsay""Hakan Demir""Hakan TubaHakan DemirSincerHakan Demir"
lilygoulder/tr-en-intermediate-learner-english,Turkish,intermediate,A1,basic,hobbies,2,", I am sure that my town is going to be a very nice place. There are many things near our town. The city is going to open all day and the weather will rain all afternoon. So I can't surf any side of the city but it's exciting because it's so beautiful. My friend must have fun with his family and friends. We can go swimming when we go outside. We can play guitar. And they can sing and dance. Bye! Hakan Demir. See you later. Ayhan. Serap. Aytac. Buse. See you soon. Ayhan. Aytay. Aliosman. Buse. Aytay. Buse... Aliosman. See you too. Yildiz. Buse."" I'm busy here. I want to see you next night. Buse.... Mustafa. Haluk. Buse.. Buse... Ayhan. Ertan. Buse"" Yusuf"" Ahmet"" Veysel. Buse..."" Yasin. Ahmet"" Veysel"" Yusuf"" Veysel"" Veysel"" Mustafa"" Veysel"" Melih"" Veysel"" Ahmet"" Mehmet"" Veysel"" Ozge"" Ahmet"" Orhan"" Ozge. Ayhan"" Veysel"" Hasan"" Veysel"" Burak"" Veysel"" Suat"" Veysel"" Ayhan"" Veysel "" Veysel"" Veysel."" Veysel"" Kemal"" Veysel"" Volkan"" Veysel"" Davut"" Veysel"" Murat"" Veysel"" Kamil"" Veysel"" Harun"" Veysel"" Adem"" Veysel"" Yavuz"" Veysel"" Umut"" Veysel"""
lilygoulder/tr-en-intermediate-learner-english,Turkish,intermediate,B1,basic,holiday,2,"from us! I am very happy now and I'm having a party at my home. Let's go to the beach. On my birthday, I went to the cinema with my wife and my son. She is wearing a blue top, black shirt and white pants. She is a beautiful person in the park. He loves playing soccer or football because she likes swimming and dancing. My husband is going to stay at home with his wife and he goes to bed in the afternoon. We are going to go to the cinemas at night but we can't sing it! See you soon! see you again! Bye! Ayhan. Suat... Thanks for our day. Hakan Demir. Goodbye. See you later. Yusuf. Mustafa. Veysel. Osman. Haluk. I'm staying in Antalya for 9 days. I want to meet you so much. See you soon.... Ahmet Demir.. Aliosman. See you again! Ahmet Demir. Ahmet. Bye. Ahmet. Ahmet. See you. Bye! Ahmet. See You. Mehmet. Bye. Ahmet. Bya. Ahmet. I hope you will be happy tomorrow. See you then. Veysel. See you too. Ahmet. Volkan. See you! Mehmet."
lilygoulder/tr-en-intermediate-learner-english,Turkish,intermediate,C1,basic,family,2,"I like my job because it's interesting for me to be careful when I am happy. We are going to go to business trip for 5 years but we're not good enough for our country. So if you want to get up at the bus station, there'll be no accident insurance, so I'm sure that you will be in this position. If you need more information about my home, please send us with your email. Thank you later... See you later! Suat Kaya. Hakan Demir. Best regards, Yasin Deniz.Hakan Demir.We're very busy now. But, thanks for your support. I know that you will accept all day. Let me tell you what is your best friend? He is always excited because he is very smart and lazy. He has to talk on his phone. His name is Emre.He wants to make music at the same time. He's doing yoga and reading books at school. Then, he's trying to find a new job. He likes listening to music and watching TV, movies, and listening to music. And, maybe he loves playing guitar. If you love him, I hope you can learn him too much. See you again! Suat Kaya!Hakan Demir...Hakan Demir"
lilygoulder/tr-en-intermediate-learner-english,Turkish,intermediate,A2,mixed,hobbies,2,"my town is very beautiful. My town is very nice but it's beautiful. We have a big, brown street. The weather is hot and sunny. There are many places in my city. I like my city because it is very exciting. We go to the museum and park. Our cities are very important for our city. Nice to meet you. Bye! Suat Yildiz.. See you later.. Suat... Suat""Istanbul is a good place for us. There are two great restaurants on the sea. There is a restaurant near the city center. The other stores are located in Istanbul. Best regards Ahmet""Best Regards Aliosman""My City is very beautiful with its redoubade. I love my city. See you soon.... Haluk... Suat."" Veysel""Kemal""My city is very interesting but it is very lovely. It looks very cool. I think there is no one hotel. See you... Suat""Museums.. See you.. Suat""Kemal.See you Suat"" Suat""Tatvan.""Kemal""Hakan""Hakan.""Hakan""Ahmet""Hakan.Hakan""He goes swimming and dancing. Also he plays tennis. Best wishes Hakan""Hakan...""Hakan""A""Hakan"".Hakan""Alks""Hakan ""Hi.""Hakan.""Serkan""Hakan Alkan""Hakan.Hakan""Dok""Hakan'a""Hakan"
lilygoulder/tr-en-intermediate-learner-english,Turkish,intermediate,B2,mixed,holiday,2,", I am not happy when I was in Istanbul. In Istanbul is beautiful so much. It's really nice to see you soon. My birthday weekend is at the end of the morning. I have a lot of fun. But it is very tiring and lovely. The weather is cold but sunny and sometimes cloudy. You can go out alone and take care your friend. I think it's too difficult for me. Bye! Ahmet Erkan. He is wearing blue T-shirt and black skirt and white pants. See you later. Ayhan. Yusuf. Haluk. Haluk. Suat. See you soon. Ayhan. Veysel. Aliosman. Bye. Haluk. Kamil. He is very handsome. He looks like to be very good at night. We are very happy in Istanbul. So let's stay at home. I'm sure if you come back my trip. See you again, Ayhan. Bye! Ahmet Erkan. Hakan. Haydar. Haluk. See you next week. Suat. Hakan. Ayhan. Haluk. Ayhan. Murat. Haluk. Serdar. See you tomorrow. Haluk. Ahmet Erkan. Saygin. Haluk. Orhan. Haluk. He is a teacher. I love him. Suat. He is so proud and famous because he likes reading books and watching TV. Also he likes eating cake, chocolate and sweater."
lilygoulder/tr-en-intermediate-learner-english,Turkish,intermediate,C2,mixed,family,2,"; I am not interested in anything else. My favourite opinion is that if my father was really young and handsome he had to go out on time with me. He lived in Istanbul, Turkey but he lived there at one of the great cities in the world. In the last year I played basketball every day. I started working in Turkey. I graduated from university when i moved to Antalya. I am happy now. See you soon! Deniz Demir... Aliosman Aydin.. I'm very good. I want to be here when i went abroad. I hope this country will be well. How about being a little girl? Why don't it take care of me so much. I think my best friend Mehmet. He has always been a student at the University of Marmara. He was an engineer. He's never shy. Because he didn't like me. I was so angry because I couldn't speak English language. But I was too tired because I heard her voice. The other thing was that they did not get married. I wanted to stay my wife for three months. We were all right now. I could do something about me. I thought about my life. I just wanted to be a little girl but she doesn't love him. So I could say that she wants to marry them. I would love to be a bit better. When I read the book, I can tell them about the fact that they are doing what I need."
lilygoulder/tr-en-intermediate-learner-english,Turkish,intermediate,A3,l2t,hobbies,2,"I have a lot of fun and play football in Istanbul. In my opinion it's interesting because there are many things you like doing in Istanbul.I don't want to play football,but it is a great time for me. It's very exciting but sometimes we go out alone and never help us. But it will be good too. I hope it is exciting enough for me. Best regards, Mehmet Demir. See you soon. Serap.Best wishes, Volkan. I'm fine thanks. Bye! Hakan Demir. I'm happy. Bye. Erkan. Bye! Hakan Demir. Bye.. Erdal. Bye.. Murat. Bye."" Goodbye. Suat... Bye. Suat. Bye.... Murat"" See you later! Erkan."" Veysel"" See you next week. Bye..."" Kamil. Haluk. Bye :) Ahmet. Bye... Ayhan. Bye; Hakan Demir. He is so much better than me. Bye!"" Yes, he is really busy because he doesn't like playing basketball and listening music. They love playing badminton. Bye!. Haluk"" Bye! Serkan"" Bye"" Bye. Haluk"" Byi!"" Thank you too. Bye."
lilygoulder/tr-en-intermediate-learner-english,Turkish,intermediate,B3,l2t,holiday,2,", I am not sure how many people are there and they don't know what is going on. In the first day I'm going to go to the museum with my friends and my friends. It's very exciting but I really want to be a friend. We're waiting for you next week. See you soon... Best wishes, Hakan Demir. Ahmet Kemal Sahin. See you later.. Ahmet Kemal Sahinler. I'm sorry that you would not come back to Istanbul because it was cloudy. Please let me tell you why you should stay in Istanbul in Istanbul. What about you? Bye! Hakan Demir. Haluk Kuntz. Aliosman Sahin. Mehmet Sahin. Aydin Kuntz. Haluk Kuntze. I hope you can see you. See you again. Bye! See you later.... Suat Serdar Sahin. Ahmet Kemal. Ahmet Kemal Saygin. Mustafa Sahin. Aliosman Ertugrul. Ahmet Kemal Day. Yasin. Yusuf Goksel. Kamil Okyay. Volkan Goksel. Melih Kahraman. Ayhan Seylan. Ahmet Kemal Ertugril. Ayhan Seyda. Aliosman. Aliosman Goksel Veysel. Melih Kahraman. Can Kuntz, Erkan Ertun. Aydin Day. Ayhan. Harun Kahraman. Erdal Deniz. Burak Tuba. Ayhan Seydan. Aydin Sevim"
lilygoulder/tr-en-intermediate-learner-english,Turkish,intermediate,C3,l2t,family,2,"because I am not sure that this issue has been clarified. My favourite position is the possibility of being with a big brother or sister. His father, his name's Mehmet, to be with him. He wants to make a good fortune for him. When he does, he has got bigger than me and he doesn't know what he likes. In fact, my favorite position is my mother, son, daughter and I. I love her too much because it's so important for us to see you later. We can play football on behalf of our family and friends. I will do many things like watching TV at night. And I won't forget how we are doing it. My favorite position is that if I get married, I can have a happy life but I don't want to marry another couple. Also, if I have one child, I can meet two people together in a big house. The biggest advantage of having a big family is that I will help to others who can go out. Finally, I'll give some money for me and my children. If you would like to join us again, please let me tell you why? Thank you very much. See you soon! Mehmet. How about your family? Ayhan. Bye..."
lilygoulder/tr-en-advanced-learner-english,Turkish,advanced,A1,basic,hobbies,1,", I am very tired because I have a lot of fun and we can't go any sport for dinner. There are many things like running and swimming but not enough time is so important. I love it and I want to see if my friends are going out. If you don't get outside the city, please give me some advice about staying home. It will be nice with us. Bye! Canan. See you soon... Canan. Thanks... Yusuf. Bye. Haluk. Bye Haluk. Bosphorus. Yusuf. Yilmaz. Ahmet Kemal. Yildiz. Ali Osman. Mustafa Kemal. Yilmar. Burak Tetik. Kamil Okyay. Ayhan. Suat. Yavuz Selim. Veysel KILIN. Erkan AYDEMIR. Orhan OKYAY. Ayten AYDEMIR. Murat AYDEMIR."" Mustafa GOKT"" Kaan AYDEMIR"" Burcu. Yilmazi AYDEMIR AYDEMIR.... Mehmet AYDEMIR.. Burak ARBORGUN. Hakan BOZAKAYA. Ayhan AYDEMIR "" Yusuf"" Ahmet Kemal"" Yusuf"" Yusuf"" Ahmet"" Yusuf"" Ayhan"" Yusuf"" Alperen AYDEMIR/Yusuf AYDEMIR..."" Yasin AYDEMIR, Yusuf AYDEMIR, Yusuf AYDEMUR/Yusuf EYLULLU. Yusuf AYDEMIR. Yilmur AYDEMIR-Yusuf AYNAR). Yusuf AYDEMIF (Also Burak EREN). Yusuf AYPART"
lilygoulder/tr-en-advanced-learner-english,Turkish,advanced,B1,basic,holiday,1,"I am going to go back home at 7 o'clock. There is a park next to my house. The island is between the sea and the sea. It's so beautiful! I don't like swimming but I love it too much. I like eating fish in the park. My favorite drink is chocolate. I hope that you can come soon... Bye! Haluk. See you soon. Haluk. Haluk. I'm sorry for not thinking about me. Thanks.. Best Regards Haluk. Haluk Hakan. Ayhan. See you later Haluk. Aliosman. Best Regards Osman. Haluk Hakan.... Osman Erkan. Ahmet Demir. Best Regard Mustafa. Haluk Erkan. Haluk Erkan.... Orhan. Murat. Orhan. Murat."" Veysel"" Haluk"" Yusuf"" Haluk. Yusuf"" Haluk Erkan. Osman Erkan."" Yavuz. Orhan"" Haluk"" Murat. Orhan"" Yakup"" Haluk"" Veysel"" Haluk. Ali"" Haluk"" Haluk"" Yavuz"" Haluk"" Hasan"" Haluk"" Adnan"" Haluk"" Harun"" Haluk"" Burcu"" Haluk"" Mehmet"" Haluk"" Burak"" Haluk"" Davut"" Haluk"" Ayhan"" Haluk"" Volkan"" Haluk"" Ali"" Haluk "" Suat"" Haluk"" Osman"" Haluk"" Fatih"" Haluk"" Suat"" Haluk "" Serkan"" Haluk"" Kaan"" Haluk"" Emrah"" Haluk"" Serkan"" Haluk "" Ahmet"" Haluk"" Levent"" Haluk"" Kamil"" Haluk"" Ahmet"" Haluk "" Yusuf"" Haluk"" Erdal"" Haluk"" Ufuk"" Haluk"" Hakan"" Haluk"" Mustafa"" Haluk"" Ozge"
lilygoulder/tr-en-advanced-learner-english,Turkish,advanced,C1,basic,family,1,", I am very happy because I love my children. My father likes to talk with his parents. He loves reading books so he can't speak english language. The older brother loves to read and write books that are good enough for him. This way he does not like to be married, but she does not want to marry. When the younger sister starts her life at 8 o'clock, she is very angry because it is impossible to come home from the house. Sometimes, when they go out alone in a day, they have to meet friends and give up their money. They dont want to marry, and they are too lazy and hard working. They never feel much more than others. Because of this, they're very comfortable. I hope see you soon. Best regards Mehmet Aliosman. Haluk. I think, you shouldn't yell down on the floor. Bye! Ayhan. See you later. See you again Mehmet Aliosman."" Yusuf. Murat. Veysel Sahin. Haluk. Burcu. Yavuz. Ahmet Demir. Osman Kemal. Mustafa. Murat. Yusuf Kamil. Ayhan. Hakan. Mustafa. Osman. Aliosman. Volkan. Haluk. Serkan. Suat. Haluk. Haluk. Murat. Mehmet. Haluk. Orhan. Hasan. Yasin. Haluk. Kamil. Yusuf. Aliosman"""
lilygoulder/tr-en-advanced-learner-english,Turkish,advanced,A2,mixed,hobbies,1,"are people that live in Istanbul, Turkey. There is no other city in my town but I am very busy and tired of doing. In my town, there are many things in my town, like travel, surfing the sea, watching movies and playing soccer. The weather is not hot enough so, it's always hot too. We have to go a bar with friends and friends in a hotel. It's sometimes sunny and wet. There is usually water on, it's cold. I want to visit the bars. I don't know why I love them but I don't think they are all good fun. See you soon. See you again! Veysel Uyar. Bye Harun. Yilmaz. Haluk. Suat Demir. Ayhan Demir. Ahmet Demir. Osman Nuri Demir. Mustafa Demir. Erdal Demir. Ahmet Gencer. Orhan Gencer. Ahmet Gencel. Ali Gencer. Murat Gencel.. Yusuf Gincer. Murat Gencer. Hasan Gencel and Yusuf Gencel. Ahmet Gencelschek. Yusuf Gencelsdorf. Mehmet Genceler. Hakan Gencel... Ayhan Gencel.... Adem Gencel."" Goodbye. Murat Gencil. Ayhan Genceler.. Melih Gencel"
lilygoulder/tr-en-advanced-learner-english,Turkish,advanced,B2,mixed,holiday,1,"! I was so sorry that I have a headache and fever. I went to the hospital but now I don't know what is in your house. In my home I have had a headache and my headache is very painful. My stomach is sore and my heart is not able to work well. The headache can be very painless but I can't feel any kind of pressure. I need help if you need it. See you soon. Sincerely. Bye! Ahmet Yes, I'm sorry for visiting. Best wishes, Ali Osman Nuri. I'm happy. We are staying here at Istanbul. There are many things near Istanbul. There is no way around. See you later. Yusuf... Haluk. Yildiz Ayhan. Ahmet Ozgur. Mustafa Ozgur. Murat Ozgur. Volkan Ozgur. Veysel Ozgur. Mehmet Ozgur. Hakan Ozgur. Melih Ozgur. Selim Ozgur. Burak Ozgur. Ahmet Ozsoy. Ayhan Ozgur. Yusuf Ozgur. Ayhan Ozg. Serkan Ozgur. Suat Ozgur. Kamil Ozgur. Erkan Ozgur. Emre Ozgur. Can Demir. Orhan Ozgur. Ayse Ozgur. Nazli Ozgur. Emine Ozgur. Yasin Ozgur. Buse Ozgur. Hasan Ozgur. Emrah Ozgur. Ertugrul. Mehmet Ozgul. Ayhan Ozgu. Erdal Ozgur. Adem Ozgur. I am sure. Ayhan Ozge. Ayse. Ayhan Ozgun. Ayhan Oz"
lilygoulder/tr-en-advanced-learner-english,Turkish,advanced,C2,mixed,family,1,", I am not a student at university because it is very difficult and difficult to get a job. I know that there are many people who are in charge of having an amazing family. My father is very handsome. He has long black hair and brown eyes. His name's Cansu. She likes playing basketball and watching TV. My brother is very happy when he gets married. He looks like his mother but he has short grey hair and brown teeth. He doesnt feel very tired because I don't love him too much. He doesn't look like my wife but he doesn't like me. I believe that this view is totally correct.   We have a very nice family. Our children are very thin and we can see them and we can make them feel more comfortable. I think the idea of the one day might be enough for us. The first day will be great. They aren't always happy with their parents. They love each other as they say that they do not want to be happy. The second time will be amazing. And this attitude will be true. I'm sure you will find your answer. See you soon! Haluk. Haluk. If you have a good family, you need some help. See you again... Suat"
lilygoulder/tr-en-advanced-learner-english,Turkish,advanced,A3,l2t,hobbies,1,", I am going to go a beach near my home. I like swimming, playing tennis and swimming. We are camping on Saturday morning. My home is on Green Avenue No.# Yellow Street No.#.I'm watching movies. I love football and basketball. I don't like riding a bike but it's very dangerous. My favorite sport is soccer. I can swim. I love running because it's relaxing. It's relaxing and fun. See you later. Best Regards. Erkan Ayta. Selda Ertugrul. Ayhan Kaya. Yusuf Demir. Veysel Uyar. Hakan Akkaya. Fatih Kaya. Ahmet Deniz. Burak Demir. Volkan Demir. Ahmet Deniz). Veysel Uyar. Veysel Uyar. Ahmet Emre. Yasin Kaya. Mustafa Aytacar. Serkan Demir. Ayhan Kaya. Haluk Kaya. Mustafa Ali Deniz. Ayhan Kaya.. Veysel Uyar. Murat Kaya. Serkan Kaya. Suat Kaya. Ahmet Adem Kaya. Ahmet Kerim Kaya. Murat Kaya... Haluk Kaya. Burak Kaya. Haluk Kaya. Ahmet Aytin. Melih Kaya. Emrah Kaya. Murat Demir. Yusuf Kaya. Ayhan Kaya."" See you soon. Yusuf Kaya"" Ayhan Kaya"". Hakan Demir"" Ayhan. Melih Kaya"" Serkan Kaya. Burak"" Haluk Kaya. Hakan Kaya"""
lilygoulder/tr-en-advanced-learner-english,Turkish,advanced,B3,l2t,holiday,1,", I have a lot of people who are afraid because they are very angry because it is so dangerous for me and I am sure that I will come back home from my house.  In Istanbul, there are many people in my family. My mother, sister, two brothers and I. We can not go to holiday but we need to help them. They love us and we should be together with friends. I hope this holiday will be good for me. See you soon. Hakan Demir. Best wishes. Ayhan. I'm happy for having a few days before going out. I wish I like you. Mehmet. I have a nice day and thank you. Bye! Hakan Demir. see you later. Ahmet Hakan Demir. Yasin. Aydin. Ertugrul. I'm sorry that I missed my trip. Thank you. Suat. Best wishes... Osman.... Best wishes Ahmet..... Adem. See you again. Bye Mustafa. Goodbye. Hakan Demir.. Mehmet. I'm waiting for you. Eda Erkan. Ayhan. Burak. See you. Hakan Demir, Veysel. Hakan Demir."" Murat. Burak. Veysel. Orhan. Aydin... Yasin"" Yusuf"" Ufuk"" Serkan"" Mehmet. Ali. Ahmet"" Ali"" Ahmet"" Harun"" Hasan"" Volkan"" Osman"" Fatih"" Kemal"" Burak"" Haluk"" Veysel"" Yusuf"" Yavuz"" Mustafa"" Aytin"" Ozge"" Ayhan"" Volkan"" Murat"" Ayhan"" Ahmet"" Mehmet"" Ayhan"" Alperen"""
lilygoulder/tr-en-advanced-learner-english,Turkish,advanced,C3,l2t,family,1,", I think that I am very cleverer than me. My husband is so busy and busy. He likes doing things he likes not doing. She loves listening to music but she does not like it. In my opinion, it is more interesting for me. It's easier because people are using different methods of behavior to communicate with each other. I know, that you don't want to be alone at night. You can tell something about your family life. I guess that if they look good, they will take care from you. They love us every day. We can learn anything about our lives. If we need a better education, it'll help us. See you later, Yusuf OK. Goodbye! See you later. Ali Haydar. Boss. Kisses. Boss</symbol></change>. Do you want to read your book? How many times do you want? Thanks. See you soon. Best wishes. Ali Haydar... Boss. Ali Haydar.... :)Boss. Kellogg. Kamil AYGAR. Dies. Orhan AYGAR.. I'm sure that I have got a brother who has short, straight black hair. He doesn't like eating vegetables. So he doesn't like watching TV, playing tennis and swimming. I think I would like to buy a movie, too much video game for him. I don't like playing football. I want to buy one picture."
lilygoulder/tr-en-advanced-learner-english,Turkish,advanced,A1,basic,hobbies,2,", I want to buy a few fish in my city so I don't know why not here is one of them all around me. The beach is very good but it's too crowded and expensive. The fish are big, usually swimming and swimming. In spring we play football with the boat. We go to beach in summer. We swim together with the boat to the sea in autumn. I like surfing because it's relaxing.I like swimming because it's exciting. It's fun. We also like watching movies. See you soon! Bye. Selda. I'm sorry. Bye. Haluk. Suat. I'm sure if they're in Istanbul, you can come back from Istanbul. See you later Serkan. Sedef. Suat. Best regards. See you. Veysel. Best wishes. Serkan. Volkan. Best regards Haluk. Haluk. Bye Ayhan. Good luck. Aliosman. Dessert. Hakan. Yavuz. Ertugrul. Burak. Best regards Davut. Haluk. Best regards Volkan. Burcu. Haluk. Haluk). Melih. Best regards Murat. Haluk. Ayhan. Best regards Ahmet. Mehmet. Yasin. Best regards Mustafa. Fatih. Goodbye. Volkan. Osman. Haluk. Burak. Levent. Suat."
lilygoulder/tr-en-advanced-learner-english,Turkish,advanced,B1,basic,holiday,2,"my name's Hlya. I'm from Turkey but I live in Istanbul. It is a beautiful city. Nice to meet you and visit my country. Bye! See you later :) Thanks for your interest. Your Friend, Duygu. Serap. Best regards, Hakan Demir. Goodbye.. Bye! Ayhan Demir. Thank you very much. Bye. See you soon. Hakan Demir. I'll be happy bye! See you again... Suat. See you later! Murat. Hlya. Volkan. Goodby. Eda. Ali Osman. I've got a lot of information about you. I hope that it was great experience and I will try new things. I think you can come tomorrow with me. Hlya"" is the best day to come here. See you again. Bye."" Ahmet. Mustafa""Bye! Melih"" Veysel"" is the happiest day in our country. The weather is rainy and cloudy. I love you so much. Bya!"" Haluk. She is wearing a red t-shirt and pink top. I want to see you soon. Bye!"" Best wishes. Serkan. I hope you know you love him. See you then.... Burcu. Mehmet Demir. Ayhan Demir."
lilygoulder/tr-en-advanced-learner-english,Turkish,advanced,C1,basic,family,2,"! My name's Cansu. I'm tall and slim. I have short blond hair and brown eyes. I love my job because it is very hard. My wife's name is Umit. She has long, straight and fat hair and small nose. My husband's name's Hlya. He is tall and thin. I like that she has long, curly black hair and small mouth. I can speak Turkish and English. I love it and enjoy it. See you later... Bye! Canan. Bye! Hakan Demir. Bye! Haluk. Bye. Erdal Ayhan. Bye Ayhan. Bya. Bye.... Suat. Bye. Serkan Yasin. Bye Eray. Bye.. Erdal Ayhan. Eda. Bye Erdal Ayhan. Gksel. Bye Hakan Demir. Eda Erkan Ayhan. Byi. Erkan Ayhan. Celiker. Bye, Yusufcan Kaya. Bye Mustafa. Bye."", Aliosman. Bye"", Ahmet Demir"", Emre KILIN. Bye Haluk"", Hakan Demir"", Fatih DALKAYA."", Burak ERKAN. Bye Suat. Bya."", Veysel KILIN."", Hakan Demir.Bye. Hasan TUNNEY. Bye!"", Veysel KILIIN. Bya"", Aliosman"", Melih OKLU. Bye..."", Osman Nuri TURAN."", Mehmet COSULMAZ."", Volkan YAZ"
lilygoulder/tr-en-advanced-learner-english,Turkish,advanced,A2,mixed,hobbies,2,"! I'm Murat Seyda. I'm from Istanbul, Turkey. I don't like to go scuba diving because it's exciting and fun for me. I like play football and basketball on Saturday night. I like dancing. I dont like riding a horse but I dont have a dog. I donts like swimming because it's too relaxing. I love my dogs. I like eating fish with us. I don' buy some chicken sandwiches. I like playing tennis and running. I like listening music because it is very cute. My friend's name's Nurhayat. He has got a big nose. He doesn't like dance. I like reading book. I like driving bike. I donkeys are too boring because it's not easy enough for me. See you later. Ahmet Seyda. see you soon... Sedef Yusuf. Serkan Seyda. Hakan Seyda. Ahmet Seyta. Ufuk Seyda. Haluk Seyda. Aliosman Seyda. Veysel Seyda. Osman Seyda. Suat Seyda. Ayhan Seyda. Volkan Seyda. Ufuk Seyya. Suat Seya. Burak Seyda. Mustafa Seyda. Yasin Seyda. Adnan Seyda. Mehmet Seyda. Ertun. Hasan Seyda. Serkan Seydan. Hakan Seylan. Murat Seyda"
lilygoulder/tr-en-advanced-learner-english,Turkish,advanced,B2,mixed,holiday,2,"from the beach, I'm very happy now. In my opinion, I am so sad of staying in a hotel. But it is not good and I miss it. The weather will be sunny and rainy all day. My favorite weather is rain. When spring comes to winter I feel tired. Sometimes it's too cold and sometimes cloudy. I like swimming and watching movies. I have always been working for years. It is great fun. I love it. You can see yourself later. Bye! Serap. See you soon. Suat Demir. Veysel. Hakan. Goodbye. Kamil. See you later. Ahmet Ayhan. I'm sorry this weekend. Best regards. Best regards Yusuf. Bye. Suat. Ahmet. Ahmet. Ertugrul. Mustafa. Ali. Goodbies. Serkan. Veysel. Serkan. Hakan. Aydin. Aytin. Yasin. Erkan. Aytacar. Burak. Ahmet. Aytun. Aycin. Murat. Bye.... Ayhan. Aytun.. Aycin. Haluk. Melih. Hakan. Volkan. Aysen. Osman. Aytac. Ayten. Burak. Aysegul. Erdal. Serkan. Aytun. Aysen. Aycegment. Aysegment. Alvin. Aysegin. Aytser. Aycin.. Aytaban. Aysen.."
lilygoulder/tr-en-advanced-learner-english,Turkish,advanced,C2,mixed,family,2,". My name's Murat. I'm from Turkey. I live in Istanbul with my wife and son. I'm thirty-two years old. There are four people in my family; father, brother, sister and I. My mother is sixty-four. They are both. How many can you do? You know me. Because I am very happy. I will give my gift to them. I'll be better at this time. See you soon! Suat. Bye Suat. Haluk. Bye Murat. Osman. Bye. Orhan. Haydar. Bye Canan. Osman. Haydar. Osman. Erkan. Bye Ahmet. Bye Erdal. Ayhan. Yusuf. Aliosman. Ayhan. Bye Mustafa. Aliosman."" Bye Mustafa"" Ayhan"" Ahmet"" Ahmet"" Aliosman"" Ahmet"" Ayhan"" Aliosman. Bye."" Yusuf"" Ayhan"" Mehmet"" Yusuf"" Ayhan. Bya Yasin"" Aliosman, Serkan"" Ahmet"" Adem"" Ayhan"" Ayhan"" Hasan"" Ayhan"" Yusuf"" Yusuf"" Emrah"" Hakan"" Veysel"" Ayhan"" Alperen"" Yusuf"" Kaan"" Ayhan"" Ayse"" Ayhan"" Harun"" Hakan"" Yusuf"" Aliosman."" Ayhan"" Ayhan "" Yusuf"" Ayhan."" Ayhan"" Yusuf."" Ayhan"" Orhan"" Yusuf"" Mustafa"" Ayhan."" Yusuf"" Ahmet"" Yusuf"" Suat"" Ayhan"" Huseyin"" Ayhan"" Haluk"" Ayhan"" Osman"" Ayhan"" Yavuz"" Ayhan"" Fatih"" Ayhan"" Yasin"" Ayhan"" Yakup"" Ayhan"" Erkan"""
lilygoulder/tr-en-advanced-learner-english,Turkish,advanced,A3,l2t,hobbies,2,", I am very busy today. In Istanbul, there are many things near the city center but it is too difficult to go out here. There are some restaurants and a few. I like swimming because it's relaxing. The weather is rainy so I don't have to go out alone. I'm sure that I can play tennis and basketball on Sunday evening. I love going out for my friends. I will be happy with me. See you soon. Bye! Suat. See you later... Haluk. Gkhan. Yildiz. Yildz. Selda. Ayhan. Yildizler. Kamil. Mehmet. Ahmet. Osman Nuri. Ali Kemal. Aliosman. Veysel. Aliosman and Volkan. Yavuz. Veysel. Yavuz. Selim. Melih Ertun. Adnan. Ayhan. Yusuf. Osman Nuri and Volkan. Melih Ertugrul. Osman Nuri (Osman). Veysel. Osman Nuri-Osman. Mustafa. Murat and Volkan. Mustafa. Yusuf. Erdal. Aycin. Yusuf. Aliosman-Osman). Ahmet Yesik. Osman Nuri). Mustafa. Ayhan. Ayhan. Ahmet Yesik/Osman. Yusuf. Ayhan. Aliosman Yesik/Ordu. Yusuf. Burak Yesik/Fatih Yesik. Yusuf. Orhan Yesik. Hasan Yesik/Erzur. Osman Yesik/Gem. Ertag Ozkan. Aliosman"
lilygoulder/tr-en-advanced-learner-english,Turkish,advanced,B3,l2t,holiday,2,"Hi, I am very angry because I came here too late. But I didn't know what to do with my friends and family. I went to the beach for a week and they were so tired of me. I was so happy when we came back. We were all going to go home but now we can't eat anything. Because I'm going to go to the cinema again next year. I like it. Thank you. See you later. Best regards Murat. Osman Nuri. I'm sorry that you missed this day. Bye! Haluk. I hope you are right. See you soon. Veysel. See you again.. Mustafa. He is waiting your answer. I don't forget that I miss you. Yours sincerely, Burak ZENGIR. Thanks to you. Yusuf GIR. Ayhan. Mehmet Demir. I will be there for a long time. Haluk. I love it. I hope it's exciting. I think I'll be happy if you want. I hope see you soon. Ayhan. Bye.... Ayhan. Ahmet Demir. Ahmet Demir, Veysel. Aliosman. Haluk. Orhan. Yusuf. Hakan. Haluk. Volkan. Hakan. Suat. Osman. Veysel. Harun. Haluk. Serkan. Mehmet Demir"
lilygoulder/tr-en-advanced-learner-english,Turkish,advanced,C3,l2t,family,2,", I've got a lot of information about my family. My mother, sister, sister and my father are both beautiful and happy. My father is very angry because she has a big brother. He doesn't like me but he has long straight hair. She has short black hair. My father likes to talk on the phone and take her home at night. We can cook, cook, play basketball and watch movies every day. Because they love reading books. They don't like to go out alone. I think, it's very exciting and fun too. If you want to be more careful with this issue, please let us know! Thank you. See you later, Suat. Yildiz. Haluk. Yusuf. Haluk. Haluk. Mehmet. Haluk. Burcu. Haluk. His name is Murat. He's wearing blue shoes and brown t-shirt. He's tall and thin. Haluk. Ahmet. Haluk. Veysel. Haluk. He's very handsome. He's sitting on top. Haluk. Ali. Haluk. Osman. Haluk. Harun. Haluk. Burak. Haluk. Zeynep. Haluk. Nuri. Haluk. The second name is Kemal. He's forty years old. Mustafa. He's twenty-six years old. Haluk. Bye! Haluk. Haluk"
